date,momentum_12_1,trend_sma200,reversal_5d,lowvol_120d,momentum_market_filter,momentum_lowvol,equal_weight_wig,WIG20
2008-01-02,1.0,1.0,1.0,1.0,1.0,1.0,1.0,0.9899307012340678
2008-01-03,1.0,1.0,1.0,1.0,1.0,1.0,1.0,0.9929601712938181
2008-01-04,1.0,1.0,1.0,1.0,1.0,1.0,1.0,0.9829979311641904
2008-01-07,1.0,1.0,0.995,1.0,1.0,1.0,1.0,0.9678853025853215
2008-01-08,1.0,1.0,0.9909328240867149,1.0,1.0,1.0,1.0,0.9769939671011705
2008-01-09,1.0,1.0,0.9428189872496278,1.0,1.0,1.0,1.0,0.9587187685363349
2008-01-10,1.0,1.0,0.9062510059617249,1.0,1.0,1.0,1.0,0.9422751406953025
2008-01-11,1.0,1.0,0.8944659117816209,1.0,1.0,1.0,1.0,0.928988295886923
2008-01-14,1.0,1.0,0.8797120070264595,1.0,1.0,1.0,1.0,0.9210023003139424
2008-01-15,1.0,1.0,0.8412020795001325,1.0,1.0,1.0,1.0,0.8810781094023525
2008-01-16,1.0,1.0,0.8054569955429424,1.0,1.0,1.0,1.0,0.8492614400833323
2008-01-17,1.0,1.0,0.8085913777297496,1.0,1.0,1.0,1.0,0.8565356403987212
2008-01-18,1.0,1.0,0.8233687834265744,1.0,1.0,1.0,1.0,0.8682050317559065
2008-01-21,1.0,1.0,0.7727805943312229,1.0,1.0,1.0,1.0,0.8097741641469308
2008-01-22,1.0,1.0,0.7726645118684843,1.0,1.0,1.0,1.0,0.8243833277875032
2008-01-23,1.0,1.0,0.7808218818337153,1.0,1.0,1.0,1.0,0.825636203179931
2008-01-24,1.0,1.0,0.8237541930312329,1.0,1.0,1.0,1.0,0.8564661969589561
2008-01-25,1.0,1.0,0.8386383699337184,1.0,1.0,1.0,1.0,0.8581907090464549
2008-01-28,1.0,1.0,0.8138591944128205,1.0,1.0,1.0,1.0,0.838298057030425
2008-01-29,1.0,1.0,0.8404360129214721,1.0,1.0,1.0,1.0,0.8636941016478351
2008-01-30,1.0,1.0,0.8311542712475385,1.0,1.0,1.0,1.0,0.8723195555619857
2008-01-31,1.0,1.0,0.8181560522633634,1.0,1.0,1.0,1.0,0.8541803504000234
2008-02-01,0.993125,0.993125,0.8711937007019053,0.9953125,1.0,0.994,0.994,0.8810810028790094
2008-02-04,0.9792372351053513,1.0030276895941261,0.8587790238568005,1.0014031115318538,1.0,1.0146053711730045,0.9972957788603228,0.8886763791033117
2008-02-05,0.966587069588659,0.9931138315452562,0.8443240671109491,0.9680086178547704,1.0,0.9923615625031659,0.9668062782277358,0.853760796284776
2008-02-06,1.0018320826224358,1.0076341493137384,0.8548950295263107,0.9605515876433197,1.0,0.9954259743373807,0.9785460203254571,0.8553927171192548
2008-02-07,1.0062529650152967,1.0257116407548545,0.8386776991689885,0.9468829090687121,1.0,0.986843805334448,0.9697720299007614,0.841428798773166
2008-02-08,0.9949379994435773,1.002355754239033,0.8360112654124212,0.9442300673184372,1.0,0.9908048629772309,0.9750017709023714,0.8471260543105569
2008-02-11,0.9590213792740286,0.9813358833876028,0.8222690740347667,0.9583220751783897,1.0,0.9958154170931695,0.9769107281651527,0.8545883306086428
2008-02-12,0.9563874986665486,0.9590756875703982,0.8217599693256037,0.9874012411640665,1.0,1.0152330161683751,0.9971859809692198,0.8874119298042563
2008-02-13,0.9265331471680335,0.8906869607101073,0.786647556975835,0.9874764559227388,1.0,1.0267779597281017,1.0007768426225163,0.8924465791872225
2008-02-14,0.9508932921255863,0.8883986429599625,0.7881461647827575,0.9984271654944267,1.0,1.023191887075268,1.0067670788634973,0.8993359471072468
2008-02-15,0.9405406093799816,0.879989109087768,0.7740888299193927,0.9727925859433372,1.0,0.9989439428936383,0.9902369592102316,0.8810954702622938
2008-02-18,0.9354974549727011,0.9192532425249343,0.7968470693514342,0.9989075999053724,1.0,1.0177942635390071,1.0038967592441006,0.9047322810723226
2008-02-19,0.9558454699161415,0.9190123428456177,0.7920181127883399,0.9945577224978671,1.0,1.0119695864154046,1.0042482146446352,0.9034620448199534
2008-02-20,0.9148221880747671,0.8986352818529355,0.7736368529950705,0.9838807669541833,1.0,1.0012020915945872,0.9866050373953485,0.8985257736433212
2008-02-21,0.9512789619349336,0.8940103511205458,0.7818347258397356,0.9942508843787328,1.0,1.0005798886532462,0.9958806889501484,0.8945125215202328
2008-02-22,0.9368669947006094,0.8808477465562209,0.7767363345313116,0.9813411771257952,1.0,0.9884539757348451,0.9901134221157171,0.8856874177167577
2008-02-25,0.9331541183601214,0.8788009244141346,0.7704441010657949,0.9772616055076805,1.0,0.986625654923436,0.9905816603461104,0.8878893534526413
2008-02-26,0.9086499039746926,0.8857412202825298,0.7678043409326736,0.9921241393055543,1.0,1.009416822679,0.9858581730067323,0.8761071165058377
2008-02-27,0.9075003215703003,0.8927174080083473,0.7699716889579985,0.9815787544461966,1.0,1.0081698211152108,0.9796263560421337,0.8747066738039093
2008-02-28,0.929827428274137,0.8916019113610063,0.7693959058817266,0.9745044762253023,1.0,1.0119427313738023,0.9769805018441329,0.8672241431692251
2008-02-29,0.8915078634578069,0.8744542229486653,0.7617755932634319,0.9585556823518937,1.0,1.009113680585129,0.9571822492370066,0.8471810303670377
2008-03-03,0.8743629942007781,0.8872090181436016,0.732535526273606,0.9322056237512759,1.0,1.0027204932193712,0.9300005039427028,0.8354537694767149
2008-03-04,0.8493517667683459,0.8531648781461941,0.7368650170263575,0.9214516842597478,1.0,0.9772549486458292,0.9162488083506003,0.8172509078283013
2008-03-05,0.8462881077761171,0.8481315096002733,0.7473836145075564,0.9364890753345194,1.0,0.9798235164501984,0.928246737606175,0.8413246336135186
2008-03-06,0.8194635905056585,0.8376404865514439,0.7233048240935753,0.9344887954227232,1.0,0.9784924282878443,0.9151973464978147,0.8290939077848992
2008-03-07,0.8314921798775806,0.8352313063706377,0.7286060602407106,0.925787393166745,1.0,0.9816453465735034,0.9141963812825575,0.8167850580865441
2008-03-10,0.8310363586246493,0.827307115238097,0.722426406744698,0.9386206228801485,1.0,0.9902810814902466,0.9220045763737956,0.8313623934838908
2008-03-11,0.82974341918105,0.8459355582978819,0.749695799122306,0.9596383992791101,1.0,1.0033951023733156,0.9344750484045181,0.853410685609294
2008-03-12,0.8647678214624248,0.854066829236997,0.7615562068647581,0.9676683473872757,1.0,1.0192805070008955,0.9516596585691801,0.8571606313566067
2008-03-13,0.8212360914491087,0.8439463466406437,0.7421510633671222,0.932921413393606,1.0,0.9861887563490755,0.9201691614089479,0.8301153050447767
2008-03-14,0.820639076274401,0.8496949699897874,0.7404167403113752,0.9351296711615953,1.0,0.9848451664280686,0.920129255755744,0.8224881005772487
2008-03-17,0.8076511393277631,0.827130283631725,0.7112096620257518,0.9122378068987925,1.0,0.9732766681580473,0.8973395510104879,0.7933131754459573
2008-03-18,0.8211407260624718,0.8446039571661458,0.7137963180077376,0.9440684998328566,1.0,0.9974356954238595,0.9202254657527588,0.8312235066043607
2008-03-19,0.8278936940796204,0.8580288201382148,0.725592051205133,0.9611023082651682,1.0,1.007924767384938,0.9304134301648593,0.8369728447215754
2008-03-20,0.7865978584427401,0.8414774027148018,0.7200933031009211,0.9378766283203973,1.0,0.9754229385843686,0.9106641559439546,0.8163365692047282
2008-03-25,0.8231703626618133,0.8579407444964497,0.722999028458043,0.9680634021720231,1.0,1.0018607503116206,0.9407642226728485,0.8496144442354713
2008-03-26,0.8245762654130914,0.8616404186095824,0.736650915826341,0.9777999740528766,1.0,1.007967669337837,0.9469102698919892,0.8515038844924121
2008-03-27,0.8021592672153612,0.8620966012413508,0.7517125349346365,0.9852033590350943,1.0,1.015038570344063,0.948470459399756,0.8641512709596217
2008-03-28,0.8378550950593859,0.8840973522959906,0.761948721064176,0.9762127549965888,1.0,1.0103994332426698,0.955312268733837,0.861625265838168
2008-03-31,0.7884459691039349,0.8767211873788769,0.7529753935903427,0.9798883016463333,1.0,1.0182296403695899,0.9467624655504294,0.8625656457516531
2008-04-01,0.7823593034035604,0.8786883473337138,0.757490768283779,0.9899095405265329,1.0,1.0198855320904578,0.9532136667373239,0.8763906772182116
2008-04-02,0.7834340770712162,0.8734724351327348,0.7537396284695295,0.9868786914869149,1.0,1.0059454977517925,0.9471305626038515,0.871957870979876
2008-04-03,0.7728372271431632,0.8660965297281058,0.7501228021956217,0.9871023173806066,1.0,0.9990269315533518,0.9397688838598885,0.8639660884535814
2008-04-04,0.7876593397829758,0.881529819136155,0.7497806176611279,0.9986999081483168,1.0,1.0174410608479918,0.9507140364245714,0.8755602494176877
2008-04-07,0.798984846335404,0.8912959533830875,0.7444221899456216,1.001107983544984,1.0,1.0162034096340529,0.9525556495971865,0.8826521607036933
2008-04-08,0.7937808566888943,0.8881324189617638,0.7353134454510267,1.0000396264957567,1.0,1.0111556721466182,0.9443702726357678,0.8685117402815351
2008-04-09,0.7998660372664249,0.8892528929916599,0.7394948964956525,1.0152204980765098,1.0,1.0211163187478522,0.9510067252561725,0.8749641932263711
2008-04-10,0.7914519633641046,0.8818481197645125,0.730813657962965,1.0123206334989983,1.0,1.0270871623151108,0.9428610460436706,0.8647791553941637
2008-04-11,0.7839788354834939,0.8853301128864747,0.719890197262738,0.9966903186556199,1.0,1.0194988876089692,0.9244590967589876,0.836975738198232
2008-04-14,0.7873958081918863,0.9043874169850216,0.6933080302769359,0.9709987933355266,1.0,1.0059971124641445,0.9169167455726976,0.8313392456706354
2008-04-15,0.7871350499687174,0.8956906771027852,0.7015514311782969,0.9771416415223377,1.0,1.008578942935188,0.9181830202050718,0.8426324850624266
2008-04-16,0.8075105664568155,0.9231458621421881,0.6965249053379723,0.9763517314604103,1.0,1.011146233943053,0.9166745062313911,0.8474096150229307
2008-04-17,0.8048927073750645,0.9176791976375613,0.6934512516168672,0.9787339025184644,1.0,1.0141716511211034,0.9135948573849205,0.8456764225054613
2008-04-18,0.8092802950723856,0.9290088045447806,0.7063452347730163,0.9791269599483511,1.0,1.0267383895664566,0.917874086599758,0.8598342037875609
2008-04-21,0.8133520574389268,0.9371402094705261,0.6869196708294161,0.9723587346990388,1.0,1.0145886990893875,0.9068087349200719,0.8507776218515356
2008-04-22,0.7861503835339633,0.8978933256406831,0.6505440161809698,0.9544090704616719,1.0,0.9935155779317975,0.8812485262919565,0.8397013932090103
2008-04-23,0.7909412552996101,0.9240482147628146,0.6545841319392092,0.9395987286886204,1.0,0.9918467775938155,0.87212518402342,0.8210326818188395
2008-04-24,0.7991517195069738,0.9287736589146041,0.6599437512178041,0.9452365507237205,1.0,1.0001380714578032,0.8818756125894989,0.8348316719954861
2008-04-25,0.7964812505714735,0.9297283609892318,0.6660954656843326,0.9376455492105414,1.0,0.9954319913017778,0.8892990146121347,0.8382980570304248
2008-04-28,0.8036620987496399,0.9379615579664603,0.6539982784317389,0.9459273042766803,1.0,1.0005224964388342,0.8934751544272533,0.8502915177731803
2008-04-29,0.8038710449951987,0.9463433824323239,0.6463439984566276,0.9313335760856,1.0,0.9923084544151307,0.8840475852642565,0.834646489489446
2008-04-30,0.8068510047786174,0.9495998926959118,0.6599357083624262,0.9508658393668588,1.0,1.0056469755025663,0.8933033903263962,0.8456445942622358
2008-05-05,0.8127855888804086,0.9540486418460623,0.666250202323791,0.9621871636876306,1.0,1.021881172445102,0.9053532329440899,0.8619927373735912
2008-05-06,0.8201307799982838,0.9566562388905974,0.6676622306470803,0.9660911855097335,1.0,1.0217059695846664,0.9099050818448627,0.8635118126184517
2008-05-07,0.8173479840912242,0.9497251701957178,0.6677220806798619,0.9724171658185308,1.0,1.0289107506937234,0.9223653042688733,0.8806354074738502
2008-05-08,0.8138873597983155,0.9455787659934494,0.6655901191135891,0.9616301665360545,1.0,1.0154081952111955,0.9137856652673462,0.8698224852071006
2008-05-09,0.8114903281006942,0.9479358273438926,0.6579831826885864,0.9598106304132004,1.0,1.0140664219795428,0.909178136207332,0.8676350168545015
2008-05-12,0.8073041757695077,0.9414974959429714,0.6520619450359312,0.9661259289474897,1.0,1.0183326045722279,0.9136190629329584,0.877577002647531
2008-05-13,0.8005299631512343,0.9356320014566906,0.6458001075114055,0.9609507492018015,1.0,1.0158738167353787,0.9108991910748959,0.8749960214695968
2008-05-14,0.812792365515813,0.9453563764588087,0.6537149262145653,0.9711312771320163,1.0,1.0383285807017228,0.918989785091881,0.8843940336511334
2008-05-15,0.8172460072199165,0.9541169916760556,0.6257908333102205,0.9634936175398636,1.0,1.0225797358498432,0.9012732343432953,0.8729358660899001
2008-05-16,0.8256666168925049,0.9565549681062467,0.6272634920219307,0.9646733281887682,1.0,1.028078333163587,0.902747713042211,0.8775596417875897
2008-05-19,0.8111855966168852,0.9290308705770068,0.6075036460079373,0.960033188458699,1.0,1.012715507896942,0.893175962198193,0.8667467195208401
2008-05-20,0.8048135283067143,0.9025867690858803,0.5980961082243518,0.9501029104181429,1.0,0.9931071288066088,0.8819650319071783,0.8520015624773946
2008-05-21,0.8111766546727283,0.9146084615223621,0.614751080888987,0.9488514193214065,1.0,1.0101623795284376,0.8919191944072292,0.8528435641845457
2008-05-23,0.7981050749597526,0.9134996577259331,0.6075496745108777,0.9401494885751699,1.0,0.9904270228019335,0.8808687504838297,0.8415937269426077
2008-05-26,0.7842995969618775,0.8920892260586424,0.5958445290833457,0.9395704827895801,1.0,0.9851724273482617,0.8759940254520424,0.8437030714254711
2008-05-27,0.7653999982684313,0.8725228448020076,0.583179046258852,0.9390438366496482,1.0,0.9855493140197881,0.8740473200015106,0.841845459411756
2008-05-28,0.7743380745380403,0.8922535384960489,0.5909249677761303,0.9403361494630813,1.0,0.999967187971541,0.8830108871375419,0.8487464012384078
2008-05-29,0.7692884525860916,0.8853487593808604,0.5884298547222165,0.9263351488743242,1.0,0.9773956635461944,0.8719415639323852,0.840881931685016
2008-05-30,0.7755776874430589,0.897690850300071,0.59107244847698,0.9282505818080558,1.0,0.9792276538520458,0.8795085005487687,0.8406359861691814
2008-06-02,0.7689884092784736,0.8869181561162172,0.5798188176357093,0.9214325915062505,1.0,0.9762442595937123,0.871101030162121,0.8368599991319569
2008-06-03,0.7750031048547326,0.8934235709255696,0.5857358688618105,0.9277589670805857,1.0,0.9784781817552791,0.8777315872495082,0.8453292053066359
2008-06-04,0.7673326389746923,0.8919181605186678,0.5807830970169382,0.91624182084316,1.0,0.9573085070277157,0.8621382208046082,0.828191143067953
2008-06-05,0.7731095905264884,0.9072675034599756,0.5872399922954801,0.9240391427584285,1.0,0.9604475394748376,0.8686440008671991,0.8359225126951285
2008-06-06,0.7763172351755747,0.9145871504237316,0.587860972032199,0.916560831732227,1.0,0.9536416418913097,0.8607157835135066,0.8288566426990348
2008-06-09,0.7653838782172966,0.8901733288955145,0.575834162607039,0.9086789934954458,1.0,0.9416398118334539,0.8442187368179535,0.8138857944763528
2008-06-10,0.7482969829526178,0.878778392359345,0.5420870772821413,0.877691471508941,1.0,0.9174351587537756,0.8105277043687025,0.790908696344092
2008-06-11,0.7421780338990789,0.8732886045993972,0.5235720810694442,0.8469019299025492,1.0,0.8928500155426188,0.7901945387074228,0.77332503870025
2008-06-12,0.7540672367486027,0.8934204951480993,0.5421851530576625,0.8683406724395605,1.0,0.9053697490848867,0.8072109103428363,0.7864701031524425
2008-06-13,0.7549300082405607,0.9026849385159024,0.5495848991713033,0.8630350897204322,1.0,0.9032704286669835,0.8094547513831453,0.7897223709147724
2008-06-16,0.7445226594852575,0.8934223688424128,0.5430866332786884,0.8516869480091519,1.0,0.8933195012448187,0.8025963447946318,0.780526902099217
2008-06-17,0.7472919734518974,0.8959789361611292,0.5392564481777508,0.845380538723436,1.0,0.8999056393960356,0.8002441587534553,0.7858914078210671
2008-06-18,0.7470295106234488,0.9027919560812221,0.5190445736977736,0.8262264697729659,1.0,0.8876337303161065,0.7874630801010716,0.7739963252846455
2008-06-19,0.7516216047309846,0.9007407725574246,0.5299981500337259,0.8389669200834889,1.0,0.8936694853924932,0.795968622498611,0.7852085473300441
2008-06-20,0.7554385029070153,0.9010024450338034,0.5248451178046257,0.837976261955824,1.0,0.884954197872203,0.7926872490111228,0.7774135212164174
2008-06-23,0.7470906668811903,0.8921842409533317,0.511089636697368,0.8300421796639553,1.0,0.8685069319770728,0.7818939206738562,0.7621330709914494
2008-06-24,0.7427273698689646,0.8762620885855338,0.5035932745397512,0.8239151791717026,1.0,0.8677569114094201,0.775535076973529,0.7630792378582482
2008-06-25,0.7336708656143224,0.8605017903059277,0.5013706123600736,0.8225715683709561,1.0,0.8685684346535067,0.7787260232040928,0.7656660059894963
2008-06-26,0.7194053823634168,0.83499909590677,0.5022357079842603,0.816702127354003,1.0,0.8707000355879854,0.7754392713600645,0.7705010054831379
2008-06-27,0.7177145037052504,0.843068719743665,0.4896638100754499,0.8033387783782874,1.0,0.8551535404207841,0.7615769098339297,0.7519596070658696
2008-06-30,0.7138703024205774,0.8407355628680838,0.47628520223387105,0.7894936600338038,1.0,0.8546742160302464,0.7520987128854019,0.7497258430867606
2008-07-01,0.701340592278602,0.8234582743878982,0.45646908762942984,0.7624923399427446,1.0,0.8294596809542857,0.7340745863847744,0.7402931091853413
2008-07-02,0.6888813802220242,0.830320426674464,0.4530855977610318,0.7492256919639115,1.0,0.8187143335692332,0.7259667163538626,0.7412768912486795
2008-07-03,0.676333719422212,0.833751502817747,0.4515239587448012,0.7426326892315754,1.0,0.808043937031132,0.7220628424025411,0.7388029687070496
2008-07-04,0.6650017803150076,0.8105917388505873,0.4420931988964662,0.7415179740521725,1.0,0.8003843432031849,0.7131189334058801,0.730131219166389
2008-07-07,0.6587848222573046,0.8105917388505873,0.4326174407014265,0.7435858409566364,1.0,0.8031676435765273,0.708688239247633,0.7332185587592769
2008-07-08,0.6660683868784103,0.7874319748834276,0.42872100354869547,0.7486111262735384,1.0,0.8170860666599036,0.7078272864416393,0.7378191866437115
2008-07-09,0.679824794450622,0.796009665241635,0.43809748105395074,0.7592222193938107,1.0,0.8381977385527893,0.7233272713781188,0.7489909000159138
2008-07-10,0.6814504416398509,0.7848586677759656,0.43307680838615703,0.7543946333918091,1.0,0.8399536112832019,0.7132397656587408,0.7400529506228205
2008-07-11,0.687631595358167,0.785287552293876,0.4305916970325475,0.74393976966299,1.0,0.8328466688889717,0.7017490672191817,0.7283806657889785
2008-07-14,0.6918435180707297,0.8080184317431254,0.4233652001132628,0.741672721609531,1.0,0.8303175189608221,0.6990679014922664,0.7293557674223461
2008-07-15,0.6709348288818779,0.8045873555998424,0.40965894984264023,0.7249400908381205,1.0,0.8051606002301129,0.6774768327607494,0.7074868708496692
2008-07-16,0.6481232757032568,0.7870030903655175,0.4071583769533776,0.7282352135515837,1.0,0.791565675466836,0.6742768116284586,0.6979875869851417
2008-07-17,0.6575846193103833,0.7870030903655175,0.42728987965955645,0.7472485309758673,1.0,0.814108585603959,0.6988094644526767,0.7232331708163942
2008-07-18,0.6550449612116375,0.7612700192908957,0.42354629647118985,0.76085593030785,1.0,0.8210980414497332,0.6995990840958835,0.7258372998075835
2008-07-21,0.668592921141719,0.7689899406132822,0.4394520228011698,0.7861134858443586,1.0,0.8349066080881744,0.7161539726066597,0.7458717321798003
2008-07-22,0.6802223733114993,0.7647010954341785,0.43967320933753967,0.7916247970055464,1.0,0.840804777793937,0.7216064488287988,0.745666295337162
2008-07-23,0.6937331060143167,0.7518345598968676,0.45312322756512247,0.8079485196885231,1.0,0.8558522278379485,0.7433394420346521,0.7603998784739802
2008-07-24,0.6729212818759155,0.7269592578580665,0.44574554377853737,0.7914829290929358,1.0,0.8425507101363694,0.7317195276319949,0.7534323866842202
2008-07-25,0.6641960636164547,0.720525990089411,0.457634270259379,0.7919618373097226,1.0,0.8484600176869026,0.7427209055047956,0.7615051865569072
2008-07-28,0.6694279522636534,0.7286747959297079,0.4540706784999971,0.7882493050772825,1.0,0.8457787857050749,0.7441727992881457,0.7658772297854484
2008-07-29,0.6709201810788092,0.7351080636983633,0.45134139828946696,0.7844268925759107,1.0,0.8438474549120145,0.7432815701521271,0.766215766554303
2008-07-30,0.6811878278545999,0.7243859507506043,0.4607554243832515,0.8029080844869957,1.0,0.8757551491064187,0.7591656446635784,0.7969763168935632
2008-07-31,0.6915293031224977,0.723957066232694,0.4718771312749735,0.8092967516428853,1.0,0.8930200715432662,0.7663769266948357,0.7964265563287566
2008-08-01,0.6811785926242861,0.7246261260806341,0.46526079607719967,0.7938145041160851,1.0,0.8686884610791296,0.7564097330592625,0.7860534425138523
2008-08-04,0.6644558967329922,0.7246261260806341,0.45595350353049885,0.7911136655732149,1.0,0.8604085773488178,0.7508172933271613,0.7767075129121396
2008-08-05,0.664152660497301,0.7246261260806341,0.4672093800503433,0.8012205518329736,1.0,0.8735032617163389,0.7619516793407972,0.7899220208040971
2008-08-06,0.6601190732086675,0.7246261260806341,0.4509425189463595,0.7827651976965639,1.0,0.8545012690605188,0.7430506987068808,0.7724280609366183
2008-08-07,0.6528086823655306,0.7246261260806341,0.4447157128155018,0.7796349109240202,1.0,0.852213576653562,0.7313962922995177,0.7617540255493987
2008-08-08,0.6395536382473376,0.7246261260806341,0.44784281523829533,0.7774161743672688,1.0,0.8467229951137673,0.731818441971654,0.7548935923959432
2008-08-11,0.6388545267485098,0.7246261260806341,0.44726270805361584,0.7673695805459262,1.0,0.8378998277602944,0.7349809763731512,0.7613402583874654
2008-08-12,0.6470816441939015,0.7246261260806341,0.45247695529606763,0.778796467681921,1.0,0.8465128145906083,0.7418436073052463,0.7741815077906858
2008-08-13,0.6625322248427779,0.7246261260806341,0.45095246616528084,0.7833564321417157,1.0,0.8467885055402652,0.7365304216043105,0.761418382257201
2008-08-14,0.6629649984986209,0.7246261260806341,0.4493221822958357,0.7804183083645775,1.0,0.8444866031974168,0.7327827056418584,0.758244238364607
2008-08-18,0.655125905543677,0.7246261260806341,0.43810760198438875,0.7636109894732552,1.0,0.8326735855381162,0.7230921769218722,0.7564878980338825
2008-08-19,0.6419848227593684,0.7246261260806341,0.42334665019118883,0.7525709608504733,1.0,0.8244856528340738,0.6999707708734635,0.736820937197089
2008-08-20,0.6441868295279815,0.7246261260806341,0.42057924375165184,0.750909562031214,1.0,0.8200076176759976,0.7016865460187081,0.7390286598862862
2008-08-21,0.6471238941952449,0.7246261260806341,0.4187041617262916,0.7512988806310599,1.0,0.8157008741228655,0.7065632660602608,0.7392080554390125
2008-08-22,0.6520195678097881,0.7246261260806341,0.4237593694346546,0.7586550075326319,1.0,0.823431055092977,0.7149476452738156,0.7501540776319785
2008-08-25,0.6497360286563894,0.7246261260806341,0.41860240845911934,0.7562417686679822,1.0,0.821464725234967,0.7144664128556539,0.7464417470812051
2008-08-26,0.6378357917199744,0.7246261260806341,0.41727745101203634,0.7447304450975799,1.0,0.810116624933019,0.7069285188233947,0.7361930527625467
2008-08-27,0.6277756730959688,0.7246261260806341,0.4104716290065183,0.7268229766137655,1.0,0.7910393242921872,0.6959877241667677,0.7271769794997176
2008-08-28,0.6358135671917621,0.7246261260806341,0.4164814544453954,0.7354510355827184,1.0,0.8019666311430089,0.7044472093379566,0.7454666454478376
2008-08-29,0.6453768255695687,0.7246261260806341,0.4175076116916012,0.7474888444606604,1.0,0.8148239973790677,0.7072394791577031,0.7514416747442887
2008-09-01,0.6353260023650852,0.7246261260806341,0.4185658661396107,0.7473103298375074,1.0,0.8145871425064675,0.7073861497927777,0.7477582789600842
2008-09-02,0.6512613801480494,0.7246261260806341,0.43010319851978646,0.7617939153708808,1.0,0.842429847704949,0.7259220503361115,0.7661289622545967
2008-09-03,0.640216882297197,0.7246261260806341,0.42885276744044765,0.760506686555864,1.0,0.8272348033609881,0.7222079638002129,0.7564676436972841
2008-09-04,0.6365230133480161,0.7246261260806341,0.4325546420008229,0.7650303596834792,1.0,0.8271923529029135,0.7248564983357553,0.7555938137469073
2008-09-05,0.6114569169895244,0.7246261260806341,0.4211760949724448,0.7458448291694373,1.0,0.7958660979133674,0.6987941058941288,0.7243471593292918
2008-09-08,0.620596099443479,0.7246261260806341,0.42362422872624894,0.7550491350498851,1.0,0.8061155830382027,0.7093048998469929,0.7411061761259238
2008-09-09,0.6068734714267419,0.7246261260806341,0.41676109245689685,0.744306962172529,1.0,0.7857689287918804,0.6998609896474307,0.7318181160573483
2008-09-10,0.5863306991976028,0.7246261260806341,0.40749162085870666,0.7286557153916524,1.0,0.7697510889610399,0.6871654695887254,0.7190000144673829
2008-09-11,0.5832705964314571,0.7246261260806341,0.4042764823736829,0.7313436950735092,1.0,0.7700313370995429,0.6818906923158053,0.7078543423850925
2008-09-12,0.5845014673513294,0.7246261260806341,0.40851325137176364,0.7303064286339066,1.0,0.7706446622106067,0.6845713320972137,0.7110226993243729
2008-09-15,0.5610286037870759,0.7246261260806341,0.3883586690124365,0.7102590707937937,1.0,0.7468532267864841,0.6603744754060541,0.683928183909376
2008-09-16,0.5500789218895106,0.7246261260806341,0.3748184813830712,0.6923925697312835,1.0,0.7236360115462726,0.6385838819247776,0.659472519205451
2008-09-17,0.5500276307623022,0.7246261260806341,0.3731266794383858,0.6912177709279708,1.0,0.7180406659319767,0.634988974853968,0.6592641888861558
2008-09-18,0.553890182694536,0.7246261260806341,0.3734885743566775,0.7032565185276506,1.0,0.7184240841738364,0.642263491390379,0.6665383892015448
2008-09-19,0.5880440779883702,0.7246261260806341,0.39587256270260773,0.7196844482887779,1.0,0.7560705412454788,0.676807280752424,0.7042346030873392
2008-09-22,0.5955573030078518,0.7246261260806341,0.3915996531113011,0.7134272818317688,1.0,0.760173621394005,0.6687934960285166,0.7035372752130319
2008-09-23,0.5781447943269112,0.7246261260806341,0.3895799674018671,0.7073659987162326,1.0,0.7459706841123647,0.6576103305438038,0.6836099014771195
2008-09-24,0.5766528521946507,0.7246261260806341,0.38865812211981154,0.715792884259975,1.0,0.7464710338699198,0.6606310290299033,0.6856989916233848
2008-09-25,0.5944577971021059,0.7246261260806341,0.40194778481890364,0.7266675776250323,1.0,0.7733690369439872,0.6791497756542256,0.7080395248911326
2008-09-26,0.5937550978373908,0.7246261260806341,0.40737104365989385,0.7276428504836934,1.0,0.7743628866358704,0.6794286512119718,0.7111442253439617
2008-09-29,0.5612024410009658,0.7246261260806341,0.3740165149365343,0.7025990477473895,1.0,0.7322141461366973,0.6424676292013204,0.6753982147249025
2008-09-30,0.5792054693728482,0.7246261260806341,0.3757801623165322,0.7089102993262659,1.0,0.7560322489208757,0.6526114171225752,0.6898684914859446
2008-10-01,0.5865991379599187,0.7246261260806341,0.37784732906168134,0.7102597293756826,1.0,0.7583423361479797,0.6561560305513058,0.6984418628202714
2008-10-02,0.5794500273760375,0.7246261260806341,0.36234926315108207,0.6886303585575204,1.0,0.7476860694543559,0.6381772280780361,0.6854704069674915
2008-10-03,0.5733473217439015,0.7246261260806341,0.3487266020265876,0.6806493064310288,1.0,0.738160762000308,0.6369640150345584,0.6805920053239968
2008-10-06,0.5361052765561665,0.7246261260806341,0.3197671891019666,0.6421354480822733,1.0,0.7018038492594376,0.5977940462914594,0.6418570333183835
2008-10-07,0.5275865760270538,0.7246261260806341,0.3094819218701314,0.6365264643951176,1.0,0.6886713852851687,0.5874751721849938,0.6327744100924464
2008-10-08,0.5239458845991296,0.7246261260806341,0.3105827437322648,0.6379438999377463,1.0,0.6914979004519545,0.5866826874429729,0.6246003385367687
2008-10-09,0.5293602673841888,0.7246261260806341,0.3096669145240128,0.640779017362694,1.0,0.6888224759684021,0.5871872312880714,0.6270366458818593
2008-10-10,0.48323643606041417,0.7246261260806341,0.27738273871085223,0.5835390227794168,1.0,0.6322498595228037,0.5334402715354841,0.576270597936951
2008-10-13,0.4881589819652852,0.7246261260806341,0.27353362157880917,0.604641317675971,1.0,0.6461478209407482,0.543851827201362,0.5831483919503478
2008-10-14,0.5085930435195565,0.7246261260806341,0.29253136606183605,0.6171775819025935,1.0,0.6707449689100998,0.5653264304965032,0.6071382069125157
2008-10-15,0.46674842804171457,0.7246261260806341,0.27005168262151646,0.5938045921945686,1.0,0.6340367504156873,0.528960718676816,0.5689790367616209
2008-10-16,0.4496718918109737,0.7246261260806341,0.2553717574650315,0.5764475903396775,1.0,0.6180262406189198,0.5152000897292701,0.5496679735536233
2008-10-17,0.4222847860339609,0.7246261260806341,0.24297441998417127,0.5482478384249175,1.0,0.5909353079618991,0.48724622424669084,0.5147755385483427
2008-10-20,0.4257528969175505,0.7246261260806341,0.23898795715709814,0.5730381097485188,1.0,0.6056682796246546,0.49569847824743973,0.5147003081552639
2008-10-21,0.4366588174406438,0.7246261260806341,0.24319035660547708,0.5791900932363845,1.0,0.6228982221803198,0.5019726262311509,0.5272174881729141
2008-10-22,0.4007029651360532,0.7246261260806341,0.22073171095413818,0.5345110304676627,1.0,0.5812060011710092,0.4633035100809313,0.4871630908117649
2008-10-23,0.38637053048551917,0.7246261260806341,0.20545532424502597,0.5101489308061362,1.0,0.5706773999487309,0.4419814997884898,0.4679648731933855
2008-10-24,0.36504812883924354,0.7246261260806341,0.19489006389556485,0.48759528794792073,1.0,0.5557736434445552,0.4270800198441752,0.4501323765570521
2008-10-27,0.3619064558619981,0.7246261260806341,0.198543369965541,0.47890039602769147,1.0,0.5425722562776506,0.43076361172992245,0.45430766337292566
2008-10-28,0.37594386474909824,0.7246261260806341,0.20827701337387192,0.47828012880202253,1.0,0.5493904066718595,0.440543398793838,0.4702651871356027
2008-10-29,0.4013782606699627,0.7246261260806341,0.23045353764627974,0.5120794676838819,1.0,0.5810026530774245,0.46761929280732506,0.5066072539459787
2008-10-30,0.4170833104502013,0.7246261260806341,0.23503159460921827,0.5278593321893833,1.0,0.5980963394182263,0.4777693012786717,0.5196828749584063
2008-10-31,0.42134910579320406,0.7246261260806341,0.2344164137932781,0.5317113291479371,1.0,0.6051302410396476,0.479292876907777,0.5283025419192431
2008-11-03,0.42022148213928273,0.7246261260806341,0.22806759927007264,0.5284623418456027,1.0,0.6002984557435755,0.47807715535237744,0.526164262669811
2008-11-04,0.4441884613379416,0.7246261260806341,0.24129255226952262,0.5516045958683486,1.0,0.6217868945272874,0.5095337926474706,0.5507414533933248
2008-11-05,0.4326971508550812,0.7246261260806341,0.23778454304675511,0.5477848161249254,1.0,0.6140871469291141,0.49984517103329223,0.5376368976143285
2008-11-06,0.4124480006588404,0.7246261260806341,0.23149283162980303,0.5309470616673095,1.0,0.5956201478724076,0.4787935757870649,0.5142026301702811
2008-11-07,0.42177158069190457,0.7246261260806341,0.23412854474105127,0.5353662217119097,1.0,0.6078225998832563,0.48443671507570996,0.5263986342790179
2008-11-10,0.4301329338589267,0.7246261260806341,0.23007260646577604,0.5395166547525374,1.0,0.6109391057265765,0.4920093625087383,0.5348823078369814
2008-11-12,0.4051023723336988,0.7246261260806341,0.21685038406165832,0.5272191157815626,1.0,0.6037628233795136,0.47129197032565884,0.5085256289694882
2008-11-13,0.39532907263164546,0.7246261260806341,0.20346774270630358,0.5209122659483707,1.0,0.5841525735747117,0.4549256964542114,0.4866914541166938
2008-11-14,0.40559665979131293,0.7246261260806341,0.20510718965574706,0.5200155320860868,1.0,0.5774725277695554,0.46085928253078384,0.4940350978718478
2008-11-17,0.3971759729941476,0.7246261260806341,0.1954899737235927,0.5125547892762977,1.0,0.5687483083162312,0.4515974738779581,0.48441428798773156
2008-11-18,0.3807532315921676,0.7246261260806341,0.18423538139855,0.49730191284362163,1.0,0.5468766187331281,0.4490300721582687,0.46571953530764876
2008-11-19,0.3839615917055301,0.7246261260806341,0.1874068843874686,0.5014504632383303,1.0,0.554216631717063,0.4441020559362315,0.47515805616238177
2008-11-20,0.3662275523982692,0.7246261260806341,0.1738009448252328,0.4853925985164121,1.0,0.5373284901663963,0.4158975875250216,0.44766424096873586
2008-11-21,0.37268049784765794,0.7246261260806341,0.17630027387208416,0.49358164362831775,1.0,0.5489372818670066,0.42753759094808186,0.45909058028674343
2008-11-24,0.40557270382411154,0.7246261260806341,0.19028066815003253,0.5120756711778309,1.0,0.5703967803637832,0.4617938917570872,0.4980975390981032
2008-11-25,0.4118835188996457,0.7246261260806341,0.18646399273692676,0.5126086003265627,1.0,0.5746730426555842,0.4625057637840176,0.5051778764774815
2008-11-26,0.4133138457945705,0.7246261260806341,0.19244601680486814,0.5121000508127217,1.0,0.5741640703567804,0.4653035959458498,0.5062629302238104
2008-11-27,0.4204523046244433,0.7246261260806341,0.19218835470982057,0.5160517673015653,1.0,0.5776388524711144,0.47757179405360684,0.5127182766453031
2008-11-28,0.41691880857078717,0.7246261260806341,0.19019582744091237,0.512668761393091,1.0,0.5713325580318316,0.47129259378505406,0.5040667814412406
2008-12-01,0.4070125159054878,0.7246261260806341,0.18488451426477884,0.5018511327050722,1.0,0.5617950345585104,0.46278406279552686,0.4936907741496795
2008-12-02,0.4119563024640464,0.7246261260806341,0.19082037083667244,0.5130099072068737,1.0,0.5739231418550869,0.47470948958699505,0.5027560365156754
2008-12-03,0.40384287255790946,0.7246261260806341,0.18618785253304954,0.508687040692653,1.0,0.5660058067815902,0.4649612879979033,0.49193443381895513
2008-12-04,0.4214404125881184,0.7246261260806341,0.18903678768182985,0.5209048263096999,1.0,0.5846128271730886,0.47634953167649496,0.5105568495826159
2008-12-05,0.41204285798981527,0.7246261260806341,0.1886638105571484,0.52272072065813,1.0,0.583040039530646,0.47075365748414333,0.5013642742437174
2008-12-08,0.4309766455859225,0.7246261260806341,0.1940064904467772,0.5408938349599665,1.0,0.5982631641604679,0.49565550260497065,0.5250242328670013
2008-12-09,0.43842666052834584,0.7246261260806341,0.19729630095618894,0.536269156591517,1.0,0.5999571654957999,0.49793028121633826,0.535246885895748
2008-12-10,0.4327781073344495,0.7246261260806341,0.19886899373645492,0.5276682511162023,1.0,0.5869321811295651,0.4961835909259714,0.5318412638706037
2008-12-11,0.4241208687106672,0.7246261260806341,0.1974121441114336,0.5161750089518954,1.0,0.5740836423943323,0.48759884371669715,0.528797326427569
2008-12-12,0.4192709405515368,0.7246261260806341,0.19429276967800868,0.5096428333238417,1.0,0.5704960125990951,0.4765146167866688,0.5098566282316518
2008-12-15,0.4260031866795255,0.7246261260806341,0.19848008905334308,0.5161550419155544,1.0,0.5755256182932921,0.487413113600672,0.5215607413087195
2008-12-16,0.4342876239228193,0.7246261260806341,0.19984955627271084,0.5221099244227194,1.0,0.5789662373011988,0.4943835141578227,0.5352613532790325
2008-12-17,0.4216904598680041,0.7246261260806341,0.19768782409290808,0.5152352197295031,1.0,0.5685378253614551,0.47769872070153213,0.5141679084503986
2008-12-18,0.425455482000018,0.7246261260806341,0.19819767340928648,0.506325395521658,1.0,0.5657442185168284,0.47050279318903154,0.5180741019371827
2008-12-19,0.41859688395430145,0.7246261260806341,0.19817258934582313,0.5041533844474794,1.0,0.5637466405273308,0.4666473317475417,0.5144312148261746
2008-12-22,0.4124152975257682,0.7246261260806341,0.1927384803606497,0.5031881893636417,1.0,0.5609202277218867,0.4597214492239245,0.5048104049420583
2008-12-23,0.41536049223645144,0.7246261260806341,0.19058908901532126,0.5070414044646582,1.0,0.5619031491137277,0.45953707987782294,0.5057276370422883
2008-12-29,0.42269209657117274,0.7246261260806341,0.19449105496550975,0.5191476969618052,1.0,0.5700014622114387,0.4676814086323872,0.5136846978487002
2008-12-30,0.428581356131635,0.7246261260806341,0.19897881429178055,0.522894690083566,1.0,0.5730935025640009,0.47414780416059876,0.5225069081755184
2008-12-31,0.4256975593848789,0.7246261260806341,0.19855646846312539,0.5201774337943368,1.0,0.5706792966210061,0.47236427013383786,0.5178541977112601
2009-01-05,0.4359924024627196,0.7246261260806341,0.2065866844810038,0.5366613950221281,1.0,0.5877174523741909,0.4881691007066946,0.5432328814687288
2009-01-06,0.4460791250099084,0.7246261260806341,0.21363009415622586,0.5479388352307772,1.0,0.5979785358069087,0.5055896436015883,0.5556748310933003
2009-01-07,0.4420466838103064,0.7246261260806341,0.21142612081614612,0.5449489349231915,1.0,0.6014556321534998,0.49658458794082444,0.5462449906685378
2009-01-08,0.43801613879385404,0.7246261260806341,0.21183620629977185,0.5426961554136377,1.0,0.5980501007078346,0.4919959660762483,0.5391270380926203
2009-01-09,0.4400236194458572,0.7246261260806341,0.21122176037590792,0.53192977413458,1.0,0.5890028323735919,0.4875523136236888,0.5258517671908682
2009-01-12,0.43693046639023553,0.7246261260806341,0.20608813147684757,0.521603993833027,1.0,0.5736713345855741,0.4795201762304904,0.5184271060893217
2009-01-13,0.4337127415345901,0.7246261260806341,0.202255939504728,0.5208120964529517,1.0,0.5731755993874442,0.4716898293549724,0.5110226993243733
2009-01-14,0.4241284370385905,0.7246261260806341,0.190378004854603,0.5031533570782113,1.0,0.5561788904935907,0.45388132640574286,0.49224692929789804
2009-01-15,0.42553573072060136,0.7246261260806341,0.18453469470449924,0.4896726777556759,1.0,0.5431132708866974,0.4462204932514757,0.4873627407010895
2009-01-16,0.4273780881043227,0.7246261260806341,0.1868434063644176,0.48695617919809636,1.0,0.5382558501009855,0.45108562121974544,0.4934043199606488
2009-01-19,0.42130474927996914,0.7246261260806341,0.17790929665502284,0.4783569600801741,1.0,0.532035003127853,0.4375493501930983,0.47589589270988564
2009-01-20,0.42197633461793344,0.7246261260806341,0.17331793195391598,0.4754559370273154,1.0,0.5280140448889996,0.43225450607655375,0.4753345582384515
2009-01-21,0.43002308710765913,0.7246261260806341,0.17024369582019996,0.4712254806250233,1.0,0.5330511925256197,0.4306609805881063,0.48574818072655207
2009-01-22,0.4240288379696726,0.7246261260806341,0.1647088441338345,0.45490864624930005,1.0,0.5203724381715876,0.4168225398015679,0.46872007060083054
2009-01-23,0.41737539004613483,0.7246261260806341,0.1604031775501209,0.4448822111827126,1.0,0.5091822213331935,0.4093433047828883,0.4662779763024263
2009-01-26,0.427050235307048,0.7246261260806341,0.16286694308994615,0.4506742606333048,1.0,0.5169441979479832,0.4234959743327563,0.4815873612939629
2009-01-27,0.4261511959231141,0.7246261260806341,0.16018270442259586,0.4408278300132323,1.0,0.509380069221073,0.41464687351158713,0.4653954659220788
2009-01-28,0.4382404826275454,0.7246261260806341,0.1590260936959673,0.439062761057596,1.0,0.5134127487964703,0.419713114114758,0.47102617149636156
2009-01-29,0.4373312110122545,0.7246261260806341,0.15689516496686717,0.4334025895783836,1.0,0.5154603854383105,0.41568059590285095,0.46620274590934746
2009-01-30,0.4344700889594941,0.7246261260806341,0.15163476525978617,0.4231922187283344,1.0,0.5067224272245603,0.40987161709770337,0.4614863789586378
2009-02-02,0.4154080598153435,0.7246261260806341,0.14571215450666805,0.41152580623434404,1.0,0.4947219943284181,0.3913790566663736,0.44343976504969546
2009-02-03,0.40392478768174556,0.7246261260806341,0.13975431452625744,0.4094865073786758,1.0,0.4849446400208166,0.3766325456838881,0.4222566224446984
2009-02-04,0.40766225987180366,0.7246261260806341,0.1463497452524703,0.4244860728362792,1.0,0.4893744984228565,0.383757640598186,0.4281940365446102
2009-02-05,0.4085986315865671,0.7246261260806341,0.15068783368215477,0.43283219245067883,1.0,0.4946837278500416,0.38777152947519905,0.4303438897006699
2009-02-06,0.4049363299319543,0.7246261260806341,0.1596496561935599,0.43879324201618736,1.0,0.503510233711316,0.40444860536297644,0.4432024999638316
2009-02-09,0.4129608531621024,0.7246261260806341,0.1611592340970613,0.4403329357528248,1.0,0.5036132450806431,0.4145532654184959,0.4566976750915062
2009-02-10,0.41370737995879264,0.7246261260806341,0.16275186736097746,0.45018086994044704,1.0,0.5092153587047864,0.41793685928588614,0.4583672111225243
2009-02-11,0.4094631022128493,0.7246261260806341,0.15580953054041652,0.44209727768096396,1.0,0.5005500149340325,0.4095773891129067,0.44663126980223083
2009-02-12,0.40265100222731737,0.7246261260806341,0.15138632693986231,0.4365425230277379,1.0,0.49191181271094053,0.39983115106988365,0.43240404508036634
2009-02-13,0.4038752670093127,0.7246261260806341,0.1503889329064492,0.4368215019534663,1.0,0.48583203352892096,0.4015025142191414,0.43176748021585337
2009-02-16,0.3897122157122394,0.7246261260806341,0.14266242987817793,0.42720031849277035,1.0,0.47257039607784934,0.3895516689393506,0.41540197624455666
2009-02-17,0.3734771039946207,0.7246261260806341,0.12802963578591545,0.4099764066968695,1.0,0.44782713993454765,0.3670981547916344,0.3841495348736274
2009-02-18,0.3752340476753973,0.7246261260806341,0.12591692755455652,0.4052351546742434,1.0,0.44812165715267765,0.36901683458890117,0.38708352020370074
2009-02-19,0.39261597072354143,0.7246261260806341,0.134452811151144,0.42326791877147646,1.0,0.46794001829015053,0.38358846235386795,0.40680545709697485
2009-02-20,0.38754777018599945,0.7246261260806341,0.13225896668851525,0.41225350145090706,1.0,0.456336569720395,0.3772922207280034,0.40019675641266755
2009-02-23,0.38083113232805677,0.7246261260806341,0.13184386877886836,0.4071875890878536,1.0,0.45162436690986857,0.3737705105774102,0.39500585929023013
2009-02-24,0.38440576573883,0.7246261260806341,0.12778954771416895,0.40856521617054964,1.0,0.4527346020860364,0.3718002772683566,0.3938253208142242
2009-02-25,0.38147930855392664,0.7246261260806341,0.12776487223105615,0.4142332644881316,1.0,0.4489254156075949,0.3715640182917262,0.3892160124998191
2009-02-26,0.39595598410014154,0.7246261260806341,0.13360787120340145,0.4327319162725788,1.0,0.46668115102778485,0.38733733419475885,0.40299185486321076
2009-02-27,0.39134537386994783,0.7246261260806341,0.13246177671471246,0.42559891040437603,1.0,0.460715817031273,0.3799672776942773,0.39712099072640716
2009-03-02,0.374473804858774,0.7246261260806341,0.12957952379085375,0.42102285642461756,1.0,0.4587234116133117,0.3768825866910086,0.39936922208880066
2009-03-03,0.37224147298991433,0.7246261260806341,0.12966787816727532,0.4169604845037256,1.0,0.4542972739859657,0.38194535108679367,0.40564227948091014
2009-03-04,0.3828449578948053,0.7246261260806341,0.13334452039582104,0.42733422315296754,1.0,0.46559993062740423,0.39644924034087586,0.42280059605619114
2009-03-05,0.3790557568785711,0.7246261260806341,0.13300167239760055,0.4335678286439524,1.0,0.4723917252624017,0.3955194097866243,0.418072655198854
2009-03-06,0.3822633624644805,0.7246261260806341,0.13577977982235936,0.43707990946619985,1.0,0.47621829589166514,0.4030685552883407,0.4272102544812718
2009-03-09,0.38243191016455963,0.7246261260806341,0.13372415054081693,0.4354301032524374,1.0,0.47442075753162255,0.39870085146142936,0.4211947165116244
2009-03-10,0.3874632197167549,0.7246261260806341,0.13469754657024743,0.4319554280845696,1.0,0.47063494205170275,0.4033302547103717,0.42864541890308283
2009-03-11,0.39274270298396247,0.7246261260806341,0.1369021532458578,0.43687675354873595,1.0,0.4759969483469264,0.408317728431549,0.43429637881396377
2009-03-12,0.3902418692471936,0.7246261260806341,0.13461143652296387,0.4353340662341928,1.0,0.4743161208640923,0.40848406994577396,0.4323403885939149
2009-03-13,0.3892269138790326,0.7246261260806341,0.13351431017026005,0.43297789297716127,1.0,0.4717489637173376,0.40962335063818195,0.4307808046758581
2009-03-16,0.39230740040511464,0.7246261260806341,0.1327689908008071,0.43546053926562756,1.0,0.47445391894220507,0.4159177151502435,0.43798556155148205
2009-03-17,0.39026508531741394,0.7246261260806341,0.1303053086109903,0.4315368572451388,1.0,0.4701788902233149,0.41188829555266676,0.42870039495956347
2009-03-18,0.3843865659686967,0.7246261260806341,0.1285259568147544,0.43001952445044184,1.0,0.46852568763463126,0.40419603631814804,0.42036718218775754
2009-03-19,0.389977889828093,0.7246261260806341,0.13112690422808984,0.4300868015214551,1.0,0.468598989041117,0.4095112674866995,0.43046541572025854
2009-03-20,0.39650173931368343,0.7246261260806341,0.13037810551236925,0.4368851716491008,1.0,0.47600612024735833,0.41179828539594565,0.4359022583585305
2009-03-23,0.39835604283161785,0.7246261260806341,0.13269129652542933,0.4413769651551685,1.0,0.4809001320805017,0.4259430456509195,0.4486133013121915
2009-03-24,0.3980035061858809,0.7246261260806341,0.13424950651449696,0.442648679390123,1.0,0.48228572215845983,0.42822515996179633,0.4492730139899595
2009-03-25,0.4041255840498503,0.7246261260806341,0.14312609782560193,0.44696569699541344,1.0,0.48698930775642635,0.44694435157970874,0.4725915423677318
2009-03-26,0.4002965348187735,0.7246261260806341,0.1463241111100251,0.4425623005234293,1.0,0.48219160848311804,0.4485018147516738,0.4698745677869243
2009-03-27,0.3967332959482377,0.7246261260806341,0.14596051212465178,0.4438115664319337,1.0,0.4835527400958478,0.4411750920119471,0.4556675974016579
2009-03-30,0.38168390618960557,0.7246261260806341,0.14508756419550484,0.43792753522753963,1.0,0.4771418224296662,0.4291903854109728,0.43907061529781105
2009-03-31,0.3827143138135591,0.7246261260806341,0.14590643363007633,0.443236359750259,1.0,0.48292602644509414,0.43619724533505055,0.43745026836995987
2009-04-01,0.3813843395111392,0.7246261260806341,0.1463632858672236,0.4376325486012049,1.0,0.47682042118137835,0.4362189891996249,0.440907972974928
2009-04-02,0.39213742460543655,0.7246261260806341,0.1546530566711161,0.45201629085595674,1.0,0.49249215780608036,0.4659184171583111,0.4715672516311975
2009-04-03,0.39634927667415826,0.7246261260806341,0.1580118499269039,0.46064618869748175,1.0,0.5018948211516213,0.47931826478683137,0.4826608411336642
2009-04-06,0.4018439933378685,0.7246261260806341,0.15930589813888094,0.4648029749338121,1.0,0.5064238274385238,0.4830245051164572,0.48734827331780506
2009-04-07,0.3987411767715993,0.7246261260806341,0.1569866016568256,0.456224244490296,1.0,0.4970769132833649,0.477594602226083,0.4784739804111631
2009-04-08,0.4045544123591012,0.7246261260806341,0.16198161286366047,0.4683950569304805,1.0,0.5103375629594396,0.496659868713773,0.5037050968591311
2009-04-09,0.4112705027296296,0.7246261260806341,0.16468346982106416,0.47405164489882035,1.0,0.5165006709506853,0.5081043816634161,0.5164682223926159
2009-04-14,0.4038842355858259,0.7246261260806341,0.1631571976339089,0.47073149076167875,1.0,0.5128832131104971,0.507422696679356,0.5122611073335167
2009-04-15,0.40374184863884954,0.7246261260806341,0.1640332695360558,0.4688550318671812,1.0,0.5108387264212331,0.5115382433970767,0.5163553768029977
2009-04-16,0.40151333443929066,0.7246261260806341,0.16261241770667567,0.46893922687577766,1.0,0.5109304606845749,0.5050240335326772,0.5102356736737027
2009-04-17,0.40314281454526735,0.7246261260806341,0.1661988467118171,0.46846873684893836,1.0,0.5104178405573102,0.49455994280325316,0.4914020341140898
2009-04-20,0.3985653837358572,0.7246261260806341,0.16308748348701926,0.46508254275845695,1.0,0.5067284292061984,0.48348500503702346,0.47953009939092317
2009-04-21,0.3995443800399194,0.7246261260806341,0.16317332301055157,0.4655854060234948,1.0,0.5072763214381597,0.48548788893568057,0.4805804314173696
2009-04-22,0.40484932214564806,0.7246261260806341,0.16925902388685443,0.47544363229952347,1.0,0.5180173040731619,0.4982165612902964,0.4905368845936836
2009-04-23,0.4098428046206642,0.7246261260806341,0.17256346026765151,0.4838759622177406,1.0,0.5272047082458998,0.5028203107018792,0.4955512796400516
2009-04-24,0.42107211553841084,0.7246261260806341,0.1776578578915229,0.497023793548025,1.0,0.5415298641159692,0.5170111837852868,0.511404638243081
2009-04-27,0.4163281480919149,0.7246261260806341,0.17235995704098603,0.4930450295489628,1.0,0.5371948210944252,0.511028476593525,0.5034041752868159
2009-04-28,0.41141574743653114,0.7246261260806341,0.16909763058283694,0.4895532570962755,1.0,0.5333903773507376,0.49983614468972054,0.4879964120889455
2009-04-29,0.4200563956749518,0.7246261260806341,0.17707787341723075,0.49794365482390845,1.0,0.5425320945085601,0.522483821825955,0.5063063323736636
2009-04-30,0.4255663725114634,0.7246261260806341,0.18060240791814397,0.5079144777918355,1.0,0.5533957563232217,0.539806526603172,0.5203946702159982
2009-05-04,0.43574101172873025,0.7246261260806341,0.18497768633038425,0.5217590493926552,1.0,0.5684800421764526,0.5584943798217351,0.5423908797615777
2009-05-05,0.4368510377743685,0.7246261260806341,0.18478231356973485,0.5230882016156133,1.0,0.5699282135357147,0.553659661981273,0.5376860867174956
2009-05-06,0.4376594174688079,0.7246261260806341,0.18651873313669964,0.5240561605856576,1.0,0.5709828485377456,0.5531688099848122,0.5365402699613723
2009-05-07,0.4336370971323149,0.7246261260806341,0.1826840699379605,0.519239808719224,1.0,0.5657352157168987,0.5453402099612064,0.5327845372607458
2009-05-08,0.4267869785911118,0.7246261260806341,0.18223885448628255,0.5110374333584439,1.0,0.5567983574171315,0.5407381873528245,0.5344424993851364
2009-05-11,0.426906706680577,0.7246261260806341,0.17983460583260294,0.511180796531667,1.0,0.5569545580673269,0.5377419320331656,0.5279292834305062
2009-05-12,0.4334863119462035,0.7246261260806341,0.18748313039608996,0.5190592575816207,1.0,0.565538497100443,0.551307176194284,0.5396854790873977
2009-05-13,0.42552710978499036,0.7246261260806341,0.17964552495790603,0.5095288584643032,1.0,0.5551546969565305,0.535016486690914,0.5251023567367372
2009-05-14,0.4260179160737584,0.7246261260806341,0.17840879985368874,0.5101165530254544,1.0,0.5557950167158122,0.5330716952772859,0.5229525035806776
2009-05-15,0.42787480834529956,0.7246261260806341,0.18085431528205814,0.5123400076013277,1.0,0.5582175708670841,0.5337820906904055,0.523742422708005
2009-05-18,0.43240904562163757,0.7246261260806341,0.17941617262206178,0.5177693320563224,1.0,0.5641330649994001,0.5423176002987548,0.5344222450485383
2009-05-19,0.4371594729442094,0.7246261260806341,0.1812581480170749,0.523457523843,1.0,0.5703306067776641,0.548823284350011,0.5448503349199233
2009-05-20,0.4454098090546026,0.7246261260806341,0.18415953293465534,0.5333365285964211,1.0,0.5810942285019512,0.5548213138697604,0.5437855355101925
2009-05-21,0.44129783495820096,0.7246261260806341,0.17774606174432953,0.5284128247496017,1.0,0.575729630851441,0.5431844122895568,0.5296306477047499
2009-05-22,0.43947892685709683,0.7246261260806341,0.17435613035617475,0.5262348526601728,1.0,0.573356631922723,0.5366808209430333,0.5250560611102272
2009-05-25,0.43753493517132486,0.7246261260806341,0.1716967200488867,0.5239071046936191,1.0,0.5708204454133698,0.5310950095927591,0.5211238263335313
2009-05-26,0.4389476926461069,0.7246261260806341,0.17123715101645234,0.5255987494487002,1.0,0.5726635687532248,0.5325850467750116,0.5233373359760423
2009-05-27,0.4454663994843147,0.7246261260806341,0.17848363661074745,0.5334042903356574,1.0,0.5811680579763492,0.5466646792527589,0.5340084778866049
2009-05-28,0.43723378989277994,0.7246261260806341,0.1740770953821044,0.5235465114282771,1.0,0.5704275627696884,0.5401110614437411,0.5249605763805503
2009-05-29,0.4337795368511163,0.7246261260806341,0.17401948436423953,0.5194103669413723,1.0,0.5659210466007776,0.537729870505633,0.5215115522055528
2009-06-01,0.44347790152697036,0.7246261260806341,0.1799131467932819,0.5307635450939489,1.0,0.5782908468036226,0.5634655338238821,0.5546100316835697
2009-06-02,0.4516463478922188,0.7246261260806341,0.18313547382573236,0.5413853901216593,1.0,0.589863826546616,0.5818228125540331,0.569641642916046
2009-06-03,0.4524710121735094,0.7246261260806341,0.18317467555480663,0.5456688882616157,1.0,0.5945308911736689,0.5810272500834055,0.5607239478595509
2009-06-04,0.45904396707312756,0.7246261260806341,0.1856469524153769,0.549135346990498,1.0,0.5983077544723348,0.5880093614670776,0.5697255537390955
2009-06-05,0.45741510824105325,0.7246261260806341,0.18556168397287334,0.5471894510963464,1.0,0.5961876130368082,0.5878297866710124,0.5678129656688998
2009-06-08,0.4524018713028726,0.7246261260806341,0.18019373680419346,0.5426120377072297,1.0,0.5912003144752727,0.5755265197571288,0.5556285354667905
2009-06-09,0.46252062768438224,0.7246261260806341,0.18013625808532382,0.553059804524449,1.0,0.6025836281481571,0.5898590097204147,0.5670809160747099
2009-06-10,0.4618307411011766,0.7246261260806341,0.18224638219548348,0.5514136017072527,1.0,0.6007900158513698,0.6019582426307633,0.5795199722226244
2009-06-12,0.4706722448859842,0.7246261260806341,0.18395297235944338,0.5604831838667429,1.0,0.6106717351134533,0.6127358803880785,0.5906511769216305
2009-06-15,0.4649854612780928,0.7246261260806341,0.183035677125228,0.5578157691817779,1.0,0.6077654663781508,0.6016192359957311,0.5802983174433243
2009-06-16,0.4611551229743752,0.7246261260806341,0.1834981173764227,0.553220787875257,1.0,0.602759026777397,0.5991996670359878,0.5724772500397856
2009-06-17,0.4551138495768423,0.7246261260806341,0.18036453000157607,0.5456321452670606,1.0,0.5944908580221236,0.5865160838761874,0.5573183258344065
2009-06-18,0.4580641386259908,0.7246261260806341,0.18233366440387372,0.5493923973978335,1.0,0.5985878224971704,0.5885794258276729,0.5576742234632024
2009-06-19,0.4657635958005642,0.7246261260806341,0.18673942864319035,0.5556009915987598,1.0,0.605352366202368,0.596665695360526,0.5686173521795116
2009-06-22,0.448285318114187,0.7246261260806341,0.1774369220443707,0.5389573362909565,1.0,0.5872183522693775,0.5608604770506675,0.5333256173955819
2009-06-23,0.452377974325785,0.7246261260806341,0.1794722530601295,0.5411322018502528,1.0,0.5895879664932534,0.5587475166146887,0.5317139508977015
2009-06-24,0.44984192751462226,0.7246261260806341,0.18370244785930995,0.5359398832661314,1.0,0.5839307009582697,0.572632197295818,0.539468468338132
2009-06-25,0.4462153504221023,0.7246261260806341,0.18164194318156776,0.530697874980938,1.0,0.5782192962504361,0.568882917729695,0.536123609322782
2009-06-26,0.4451042190519372,0.7246261260806341,0.1822992813974182,0.5305849201716505,1.0,0.578096226885712,0.570506939898977,0.537677406287525
2009-06-29,0.44533113322938844,0.7246261260806341,0.18304588716521247,0.5271693077937903,1.0,0.5743747629822405,0.5713987870732831,0.5433949161615141
2009-06-30,0.4477891057181573,0.7246261260806341,0.1827301096731287,0.5336871617853761,1.0,0.5814762591927035,0.5680112271658808,0.5388695186701584
2009-07-01,0.44354734269586593,0.722089934639352,0.1846809745319815,0.5273482383330781,0.9956,0.5745697158836601,0.5734374480283283,0.5448879501164627
2009-07-02,0.4318691949831938,0.7079313084699529,0.1802542252557126,0.5153339852785247,0.9693868706594673,0.5614796447270194,0.5626653442538928,0.5327006264376964
2009-07-03,0.43341930374653337,0.7026218236564282,0.18086091824044023,0.5187570309473404,0.9728662924397914,0.5652092075366063,0.5634461829328079,0.5290056567468644
2009-07-06,0.42703615057359895,0.704391651927603,0.17501431726952663,0.5145779353413775,0.9585384706105643,0.5606558941842023,0.5567893547540506,0.5239999421304671
2009-07-07,0.42878621068925166,0.7079313084699527,0.17716054435646272,0.5164877347276423,0.9624667093427678,0.5627367068445982,0.5595590065227434,0.5238292270077114
2009-07-08,0.42876396682847095,0.6920028540293788,0.1776994477297605,0.5164346850460871,0.9624167800890863,0.5626789068213057,0.5542519325532214,0.5229640774873051
2009-07-09,0.43302745538143483,0.6937726823005537,0.1802982964203808,0.5257158642843193,0.971986737554126,0.5727911706544659,0.5642134452098128,0.5264854385787244
2009-07-10,0.42537423996939383,0.6866933692158541,0.17649014876553118,0.5180194159423258,0.9548080949814601,0.5644055426847003,0.5555133988733343,0.5180596345538985
2009-07-13,0.42816111494359993,0.6902330257582039,0.17614170066957166,0.516790124425747,0.96106360021672,0.5630661740738342,0.5537783149312105,0.5246278265650095
2009-07-14,0.4379123393170392,0.6990821671140784,0.18647748323791236,0.5231234997362926,0.98295149819665,0.569966672431935,0.5731809026639224,0.5402988961386557
2009-07-15,0.4462806342729943,0.7150106215546523,0.19461072159431095,0.5314927752583913,1.001735230295033,0.5790853759931426,0.5890981504171438,0.5534179193009363
2009-07-16,0.4408812289893453,0.704391651927603,0.19600739614944768,0.5308332408414423,0.989615559218372,0.5783667834673389,0.5873489369024192,0.5537709234530752
2009-07-17,0.4337061349554127,0.6920028540293789,0.19164112035968053,0.5266275696160913,0.9735101225883942,0.5737845147776998,0.5837297331105764,0.5489851130626006
2009-07-20,0.453400533391594,0.7450977021646253,0.20133165014594168,0.543222800726914,1.0177167747213702,0.5918657683616865,0.6042689811516717,0.5782294816336572
2009-07-21,0.4542899833117962,0.7539468435204998,0.20040279927184312,0.5422391054320698,1.0197132613538256,0.5907939879232776,0.608908844548649,0.5880441544537842
2009-07-22,0.45388434636163993,0.736248560808751,0.20014812687979505,0.5443179940062732,1.0188027561862802,0.5930590308884528,0.6030820596964431,0.577222551757064
2009-07-23,0.4672651268304095,0.7822640958592979,0.20675960315142947,0.5563290766636545,1.0488376673498483,0.6061456477542284,0.6211482221035944,0.5938050664776264
2009-07-24,0.46313262369510155,0.7769546110457732,0.2051564916140896,0.5510997918455679,1.039561723779753,0.6004481058382829,0.6270165331999988,0.6029860679098974
2009-07-27,0.46638281758180744,0.7875735806728227,0.20644003965174335,0.5565707286679884,1.04685720888837,0.606408938523743,0.6326739885443364,0.6004889975550126
2009-07-28,0.46019362841437084,0.7610261566051993,0.20910373099738508,0.5539919057382584,1.0329647646283104,0.6035991945057619,0.6262475298476119,0.5885186846255122
2009-07-29,0.46249775439071406,0.7610261566051993,0.20813614563726252,0.5563887408689137,1.0381366766233289,0.6062106545997478,0.6311697114305312,0.5904312726957079
2009-07-30,0.47693237778680764,0.8088115199269214,0.2123936041510753,0.5681452571423662,1.0705370760165562,0.6190199098963451,0.6574223582362666,0.6192387262915761
2009-07-31,0.4710189016982689,0.7875735806728227,0.21511463751382645,0.5610290753237926,1.0572635058087732,0.6112665085033707,0.6600030766056773,0.6184979962674155
2009-08-03,0.47053040263700496,0.7931717687230826,0.21471581033795317,0.5704441901664796,1.0561670057994657,0.6215247012248906,0.6703496620437099,0.6245685102935437
2009-08-04,0.4740702556855866,0.7937116201566184,0.2131007104866947,0.5668106407184234,1.0641126687669122,0.617565785043397,0.6660848653340551,0.6169673471159276
2009-08-05,0.46034546700625506,0.7655408946057171,0.20942268673686174,0.5569443744738988,1.0333055861991514,0.606816042499707,0.6503096387069612,0.5966117388347975
2009-08-06,0.46367807945077016,0.7772622603664692,0.20941977509682588,0.5635450810113355,1.0407860705361622,0.6140078102997372,0.6567860722731804,0.6005439736114935
2009-08-07,0.46553249594277235,0.777664767272832,0.2123396743399322,0.5678401078808081,1.0449485507986205,0.6186874359981298,0.6639734348447436,0.6122741279784731
2009-08-10,0.4675564536247352,0.7782840804742253,0.2122698046765213,0.5754680409844376,1.0494915884277376,0.6269984135221768,0.6722757277944009,0.6171872513418504
2009-08-11,0.4638488616962027,0.7567317717893377,0.2106655006740533,0.5822119844163922,1.041169413614083,0.6343462443860513,0.66515709498389,0.6010792667930157
2009-08-12,0.45963646043173756,0.7564383839647505,0.2100410778023197,0.5793299473258972,1.0317141282472237,0.6312061348495404,0.6605860603925797,0.5987384441776021
2009-08-13,0.46253340668792914,0.7784266639454581,0.21199350852963186,0.5776922745314442,1.0382167028656044,0.6294218163976697,0.6722706554534728,0.613356288248145
2009-08-14,0.4550587190522346,0.7755512382886429,0.20979032793581973,0.5676766071799345,1.0214387892276453,0.618509294602333,0.664905834636268,0.6068083505736322
2009-08-17,0.44925508804421166,0.7599763518624453,0.2051712499774077,0.5637906576099705,1.0084117806642108,0.6142753770919416,0.6487886115692864,0.5875783047120273
2009-08-18,0.45040580878711195,0.7555265544002715,0.20576975996337285,0.5610267103567711,1.0109947238167236,0.6112639317650206,0.6530390530643516,0.5943953357156299
2009-08-19,0.4551091253428091,0.7587070807211742,0.20835578259266493,0.5703290117869879,1.0215519327369513,0.621399209180033,0.6634133804993951,0.6022887400355904
2009-08-20,0.4652614910610103,0.7870910272172781,0.21560466345285892,0.5781546601303389,1.044340244910364,0.629925606384767,0.6866257880373565,0.6211831426049977
2009-08-21,0.47478147172367613,0.8235091450748324,0.22377502706703928,0.5900685005388895,1.0657090861486918,0.6429062734298717,0.7148478530660808,0.6465849741757216
2009-08-24,0.4715506673000294,0.8207283023539124,0.2247370070001593,0.5824428701650678,1.0584571232248867,0.6345978048339206,0.7250263493424288,0.6624441197320649
2009-08-25,0.46972246266655626,0.8151806621052606,0.22504637433939859,0.5833784679286175,1.0543534789058315,0.6356171808403397,0.7301838594051694,0.6704387957350162
2009-08-26,0.4654012804753583,0.7963220999650109,0.22139133063023925,0.5801886225817148,1.044654020526917,0.6321417003106691,0.7107483771526256,0.6508904674411548
2009-08-27,0.45568011878574616,0.7861612384100911,0.2192678648941371,0.5703928173148678,1.0228336021712283,0.6214687281835317,0.7026495531224257,0.6408414230118207
2009-08-28,0.4584509971446815,0.7962720306878612,0.21842138126868985,0.5707636695753562,1.0290532009121176,0.6218727884656275,0.7052764756884564,0.6469553391878019
2009-08-31,0.45403896726669096,0.7919354648429909,0.21716472942039214,0.5674964069271864,1.019149823022783,0.6183129582907697,0.7025544036393151,0.6402453668205039
2009-09-01,0.449726400845949,0.774581840623824,0.2111675910868595,0.5608216373418093,1.0094697038670815,0.612294801182903,0.6883784664419794,0.6364491254466813
2009-09-02,0.4320280937594226,0.7393198887209882,0.20207373381979746,0.5498288118470674,0.9697435397371167,0.5991498412883298,0.6563456234640369,0.6117301543669805
2009-09-03,0.43300897387060344,0.7459114373490963,0.20177066719625578,0.54624189243612,0.9719452533867942,0.5924491050486259,0.6591898454578259,0.6137989901766477
2009-09-04,0.43549625001617204,0.7493283414999199,0.2032205807676324,0.5458722072192798,0.9775282698816671,0.5932601060878614,0.661019146508149,0.6125750495507887
2009-09-07,0.4575290373394211,0.7851053522379781,0.20888678686382584,0.5607244237845912,1.026983741592311,0.61350606039445,0.6848693721336686,0.6356997149925503
2009-09-08,0.459583786494053,0.8039448196366485,0.2061614307340638,0.5536104911643835,1.031595894707507,0.6041692122677558,0.6824218993731808,0.6356765671792951
2009-09-09,0.4636779722039192,0.8177880924957149,0.20877615731434074,0.5620637667429152,1.0407858298065833,0.6130329572239459,0.692670587721333,0.6422968417702299
2009-09-10,0.4524021986999993,0.800819502135099,0.204404654410888,0.5569567178722585,1.015475881983944,0.6085019453228858,0.6806345816640671,0.6322883060140921
2009-09-11,0.4489424985934669,0.7987888359592813,0.20037308310217433,0.5586313184898233,1.0077101327741116,0.6074785729781186,0.6772452061476113,0.6217386901231184
2009-09-14,0.43929923429083495,0.7768588567778064,0.1929640545707235,0.5526814163912096,0.9860645652877936,0.5999735193504879,0.6591653335427404,0.6083621475383757
2009-09-15,0.4416602350467676,0.7770863351839385,0.19604473148963178,0.5456947367378548,0.9913641401614015,0.5952072775681386,0.6579841559909969,0.607389939381665
2009-09-16,0.45059950061152354,0.8069986068456212,0.20408439668296804,0.5521491995595842,1.0114294904398577,0.6021827195496312,0.6754797641283747,0.6208677536493984
2009-09-17,0.4530961808906403,0.8135550161037018,0.20867370841595873,0.5519742439572034,1.0170336157419746,0.6013637115565821,0.6811830682885985,0.626385613634063
2009-09-18,0.4558139297656692,0.8186619266550336,0.21024688719055543,0.5577581439209621,1.0231339584100945,0.6038904665732282,0.6851062040878139,0.6213104555779007
2009-09-21,0.4537256552028789,0.8169745511047032,0.20625084653615172,0.5529864176088596,1.0184465531331799,0.5996998590554623,0.6786417216166784,0.6185674397071812
2009-09-22,0.4738845036934151,0.8466981851184323,0.21470548671775025,0.5703795619557688,1.0636957241352925,0.6200381271540732,0.711068649716733,0.6501555243703081
2009-09-23,0.47268389775919134,0.8403297932672508,0.21640822797810652,0.569683577689402,1.061000807148871,0.6182591883158218,0.7094202133750879,0.6570767205335581
2009-09-24,0.4700027472706995,0.836821565179423,0.2154218498441454,0.5703112421059395,1.0549826143442018,0.6191400014822547,0.7045454444293894,0.6528811793810864
2009-09-25,0.46316164594709897,0.8274184025130382,0.2167036390140714,0.5773855205459096,1.0396268680187257,0.6184919038351583,0.702140548576878,0.6496636333386391
2009-09-28,0.4629151773578355,0.8225914474217279,0.21620014014334793,0.5793960195983916,1.039073637046854,0.6152596972121471,0.702981130734228,0.6541022265302886
2009-09-29,0.45509448200391833,0.8125292371623704,0.21167398478142382,0.5772606595739397,1.0215190638483425,0.6102308474572764,0.6932745064394418,0.637189855470842
2009-09-30,0.45293695610138274,0.7993257279420193,0.2040770599269114,0.5742519295261451,1.016676214885459,0.6025913811142845,0.6820144651961835,0.6343571418237594
2009-10-01,0.46723013927018503,0.8213666588790783,0.20692830437804827,0.5972831602580555,1.048759133196655,0.6269843371882358,0.7004668479786867,0.6526757425384482
2009-10-02,0.4446052028687162,0.7770740558707971,0.197516959820604,0.564446753401107,0.9979745054624568,0.5910328688925277,0.6672077151203021,0.6203990104309844
2009-10-05,0.44208139994804024,0.7844357479369919,0.19485294028460853,0.5728989332310974,0.9923094998453498,0.5997761881151359,0.6710174821939673,0.6222681963513271
2009-10-06,0.4581936986903324,0.8036488808475173,0.2061422201490858,0.5798759336146955,1.028475660892166,0.611566324497983,0.692110877702716,0.643008637027822
2009-10-07,0.4480698074255795,0.7880796295355875,0.20557390667780204,0.5716850661374597,1.005751263352264,0.5999190491044778,0.6813842202729452,0.6316922498227757
2009-10-08,0.456997747865446,0.798664399958973,0.20826658882481888,0.5729233135465667,1.0257911929072605,0.6019276807858088,0.6877211545192474,0.6381331288609842
2009-10-09,0.45828550679045554,0.799690956624451,0.2076157295313793,0.5717498593385263,1.0286817361758709,0.6022415981664992,0.6876833539721164,0.6398229192286004
2009-10-12,0.46165927384175626,0.8047763329923273,0.20267636689628107,0.5721431639715449,1.0362545974083597,0.6005719680383043,0.6864740989289011,0.6477076431185904
2009-10-13,0.45377209480722935,0.7910281782929844,0.20053402173075108,0.5660380044582123,1.0185507928966522,0.5953116577117884,0.6804824529962791,0.6445103514127412
2009-10-14,0.46271557161301835,0.8063200152707198,0.20421552443391103,0.5731163057596631,1.038625595856184,0.5977932433950202,0.6938624513024895,0.6662345741525741
2009-10-15,0.46213455684430316,0.8022773570687254,0.20429747696621411,0.5683309112168343,1.0373214322460111,0.5917821036976474,0.6898025571041263,0.6585842218717912
2009-10-16,0.46312481826479757,0.7970127219334308,0.2041072745670723,0.5657178905748631,1.0395442034709539,0.5904350609465572,0.6887803547381512,0.657504955078776
2009-10-19,0.4667860419846275,0.8040280721690812,0.20404005601038896,0.5711215931540166,1.0477622987780022,0.5954849496428045,0.6954323207848954,0.6719144688300239
2009-10-20,0.4700397179617124,0.8086945240076238,0.20294517030134226,0.5765752708982429,1.055065599893723,0.6029921700559304,0.7001209753602881,0.6795763950174344
2009-10-21,0.47732614064666223,0.8140865995963633,0.2038336455872816,0.5780228952212774,1.0714209282360017,0.6097079544659164,0.7057274974382072,0.685942043662564
2009-10-22,0.4744416168011277,0.806161640668557,0.19856106925305136,0.5772716463662498,1.064946237342445,0.6099500073463685,0.7023764568724159,0.6852071005917172
2009-10-23,0.4904423153745182,0.828502101072866,0.20907246145391328,0.5817536607492404,1.1008618972195705,0.6132378092291612,0.7165409620960453,0.6979586522185744
2009-10-26,0.49089823947560346,0.8265035918295373,0.20773521507138024,0.5738301555667479,1.101885278471911,0.6065946488668739,0.7093247787264684,0.68895704633903
2009-10-27,0.4789705074238852,0.8166006221051528,0.20596398263325846,0.5746928975665243,1.0751119244517668,0.6052777848013938,0.6956012311300553,0.6743797109416833
2009-10-28,0.4697505993230255,0.8039069509045518,0.20454199209348656,0.5727254912040357,1.0544166353098587,0.6036955837489372,0.6863478193755077,0.6579274026706802
2009-10-29,0.47617747911481395,0.8155206879934098,0.20532063137911044,0.5775867720276522,1.068842607251916,0.6072957559777061,0.693073855566066,0.667510597358257
2009-10-30,0.47385581061326776,0.8072950887980264,0.20300705578365388,0.5703525197227536,1.063631318765572,0.5970179222046402,0.6850953179069532,0.6581849220931422
2009-11-02,0.4701008189417354,0.7975600067464959,0.2001158956907549,0.5642220548148151,1.0552027490317182,0.5874992384136025,0.6826981361591675,0.6551033694535682
2009-11-03,0.4589996255333423,0.7777950051139519,0.1934062979536165,0.5513322055455071,1.0302846690580667,0.5728348177408775,0.6664412750048315,0.634791163322291
2009-11-04,0.4680587394548967,0.7915512408189431,0.19737760620474185,0.5600045502927014,1.0506190346423148,0.5851195152532329,0.6768904003267583,0.6507660479449093
2009-11-05,0.4739221788184157,0.8045098542209426,0.2055578484554754,0.5691683253819636,1.0637802908789964,0.59667459734761,0.6892417987872078,0.6671894214493437
2009-11-06,0.4676495467683912,0.7929843641288372,0.19686051593416695,0.5664004241508762,1.049700548159657,0.590039877245157,0.6789243747182833,0.6587694043778313
2009-11-09,0.49923606652919084,0.823029553577,0.2022028167476105,0.5764865615348452,1.1206006213800601,0.6074507527553066,0.7039111355932012,0.6825248477307923
2009-11-10,0.5008027694652718,0.8223099590098659,0.20300016146076766,0.5716694940046557,1.124117290950622,0.605528325876115,0.7064774017834238,0.6867088149766365
2009-11-12,0.5124276524388397,0.8244079726896166,0.20284763093474986,0.5647067021219231,1.1502108606204107,0.5981287757567552,0.7092022686870674,0.6925825725900969
2009-11-13,0.5109861445066765,0.8197017466515997,0.2022218368605075,0.5603126487833034,1.1469752076041198,0.5927877636462927,0.7035276830772209,0.6818738154829949
2009-11-16,0.5301774743578376,0.8406915319086291,0.20498613216790731,0.5700481150790168,1.1900526565268998,0.6059232610663203,0.7228407629987605,0.7029441124983736
2009-11-17,0.5228282312539726,0.8367523569706898,0.20216983268160083,0.5711320314500798,1.1735563195412333,0.608177998868495,0.718888358889881,0.7022409976707525
2009-11-18,0.5185234084060866,0.8225937767394453,0.19935431671025453,0.5631978036258803,1.163893581847201,0.600212409762699,0.7063833638313359,0.6857742220164651
2009-11-19,0.5072083530043089,0.8091524391992834,0.19823363053927054,0.5600128674335614,1.13849546066911,0.5918600692111597,0.6952100390512297,0.6737286786938859
2009-11-20,0.5050076636304757,0.8114591070899511,0.19845605683648948,0.5633490112600635,1.1335557256517126,0.5899822099743176,0.6986684983088697,0.6792928343050605
2009-11-23,0.5182446096250102,0.8331548094465773,0.197517087776817,0.5730291838491559,1.1632677815329604,0.6029204049522136,0.7166267627483659,0.6978197653390443
2009-11-24,0.5133557382631181,0.8244301398166507,0.1956486796132613,0.5679191099249963,1.152294070590818,0.5950819276986125,0.7098044532105378,0.684668913933538
2009-11-25,0.5172344257379162,0.8253847231015582,0.19528019716690434,0.565919529973894,1.161000291727074,0.5922744391282427,0.7109517529626787,0.684434542324331
2009-11-26,0.4943317045574441,0.8071318266923062,0.19121201309748453,0.5578761782763753,1.1095921397388588,0.5837154891388882,0.6982470559983158,0.6745677869243802
2009-11-27,0.49174300599161463,0.8080938934022961,0.1898473490426361,0.5598741857288084,1.103781467361757,0.5806238477529115,0.699049869557649,0.6704098609684478
2009-11-30,0.4994422769232177,0.8232100813505393,0.19308788559719417,0.5652363738607606,1.1210634875693721,0.5886750123340341,0.7110967855384716,0.6807511465401266
2009-12-01,0.4988733692400179,0.8312977813472292,0.1960108364084504,0.5705784756130334,1.1197864998955174,0.5989193232874169,0.7209878081250815,0.6881931685016144
2009-12-02,0.49146819586522256,0.8331653001772515,0.19357804111058968,0.5669542675696431,1.1031646201044316,0.6023441774114815,0.7222492883261982,0.6923887096540862
2009-12-03,0.4870896750547623,0.8319888380260778,0.18948823532429443,0.5743776940726681,1.0933364576981395,0.6142628461801158,0.719820623347945,0.6912631472345611
2009-12-04,0.49454107787195434,0.8433878179944183,0.19452129661692316,0.5808342909505461,1.1100621055167157,0.6158477386903557,0.7304165694112313,0.7083954225199303
2009-12-07,0.4876385033287582,0.837836248629142,0.1890775131382202,0.5750876536667122,1.0945683745128572,0.6133379657865669,0.7244869679560699,0.7034794056798962
2009-12-08,0.4719023566540281,0.8188179351741549,0.18434239140364284,0.5719603473903876,1.059246535959754,0.606676662708413,0.7085774888955643,0.6871139017085993
2009-12-09,0.4588195642041077,0.804175673549049,0.181276881025071,0.5709448474540627,1.0298804978634062,0.6018263409094312,0.6983259905145441,0.6713241995920212
2009-12-10,0.4555367917342218,0.8059162491500408,0.18014639907406013,0.5676013449639968,1.022511885865522,0.607972747106354,0.6983358427512706,0.669631515747748
2009-12-11,0.4758644077992159,0.8164978926961057,0.18694184719127388,0.5668066811485251,1.068139877753155,0.6158645976288201,0.7066852106772498,0.6753287712851389
2009-12-14,0.4831197210906138,0.8254531752951673,0.18878924269634653,0.5697704230815235,1.0844253769943684,0.6238466526607537,0.714707652662298,0.6805514966508022
2009-12-15,0.4760997435947043,0.8244464416992064,0.1890181135085251,0.5749519453978675,1.0686681197138985,0.6320401587798565,0.7139652878620948,0.6803952489113307
2009-12-16,0.47514179894976344,0.8247695665006491,0.18960549237927543,0.5729232748855305,1.0665178877167765,0.6302746990100424,0.7133845022042634,0.6828257693031076
2009-12-17,0.4640763689717189,0.8157376280400785,0.18718567419458057,0.5746917963665291,1.0416800834382482,0.6268114590122079,0.7072398571769462,0.6743912848483108
2009-12-18,0.47364064135908185,0.819295638838952,0.18899617093791096,0.5747979743337144,1.0631483432433526,0.6354278945292186,0.7125143371346631,0.6720504622328972
2009-12-21,0.47172225260643486,0.8220421447582231,0.18947674587060423,0.5744077279745661,1.0588422688781525,0.6391813121539356,0.7137573117194113,0.6776232982740426
2009-12-22,0.4678654039512016,0.8230548820958393,0.1889357108347447,0.5739925272184131,1.050185067827614,0.6430031958892232,0.7134395168186037,0.6842782945848598
2009-12-23,0.45864833565099805,0.8183886872156015,0.18435596163644147,0.5696933025703879,1.0294961529895539,0.6422293601061119,0.7095327421750895,0.6860635696821529
2009-12-28,0.4724769046996967,0.8283510178075859,0.18885217921059347,0.5705575775446083,1.0605361841645906,0.641621652685332,0.7170484734257621,0.6958927098855642
2009-12-29,0.48393300380177584,0.8328370793569592,0.19298722198513854,0.570120875589568,1.0862508963680424,0.634599432964025,0.7215625262996445,0.6987312104859607
2009-12-30,0.47440286353156086,0.8278542531383957,0.19099899418770847,0.5676250718009963,1.064859250562305,0.62846619469675,0.717328964580749,0.69340431996065
2009-12-31,0.4735343042848688,0.8246967969441293,0.19043319925373148,0.5585236775215009,1.062909655777787,0.6253382715975905,0.7138902534605178,0.6911705559815408
2010-01-04,0.4807348811070777,0.8378828650365103,0.19254994921732732,0.5675031396599893,1.0790722918576672,0.6326945336279599,0.7250518931140278,0.7073335165868562
2010-01-05,0.4175055703597304,0.8081799194795715,0.16714229067600833,0.571879859206573,0.9371458372937773,0.6370037460921063,0.7038074891222499,0.7124607572228425
2010-01-06,0.4220609341182889,0.8120363299229204,0.169424781856763,0.5756571477233811,0.9473709468174987,0.6426101787784501,0.7078468722835791,0.715507588142534
2010-01-07,0.40771100815969996,0.7971752205479267,0.167006100674306,0.5697681558006291,0.9151606618960819,0.6317285987003218,0.6967333238321636,0.7049666526815308
2010-01-08,0.408085516160828,0.7991786360316975,0.16915318910684557,0.5689583654702561,0.9160012940677389,0.6394502296156741,0.6980874333887427,0.7061298302975955
2010-01-11,0.4137486514575326,0.8054949792687421,0.16881093848405365,0.5730306616796688,0.9287129416387292,0.6448402467997968,0.7033450803294626,0.7157014510785448
2010-01-12,0.4034599098591027,0.7956591752746537,0.16637381559733402,0.56682701794846,0.9056185159723791,0.6385265267051462,0.6942704553476757,0.7085285224461465
2010-01-13,0.4011118694249913,0.796304822444365,0.16616552260209783,0.5676804888826957,0.9003480322355297,0.6346693497704043,0.6965528115022616,0.7112310296436698
2010-01-14,0.4009701349307423,0.7966018388927175,0.16705132153086852,0.5705424074818057,0.9000298906328394,0.635043670624667,0.6979379941969323,0.7094746893129453
2010-01-15,0.3993907014881629,0.7903909336107179,0.16807673627063824,0.5676504861636146,0.896484645776057,0.6337351833573301,0.6934465163779224,0.7066969517223434
2010-01-18,0.4003806092884671,0.7976215027838515,0.16711910912477373,0.57549086091132,0.8987066232542507,0.6384553139104879,0.6969748246450728,0.7133288002199056
2010-01-19,0.40469431256094823,0.80705200947053,0.1696535873930433,0.5782867991895689,0.9083892942223125,0.6419753529527624,0.7044264890780569,0.720307865916293
2010-01-20,0.4014440601593327,0.8051092415539108,0.1674934160202317,0.5783804699624736,0.9010936777693305,0.6504853693107046,0.7035588141295811,0.7203165463462635
2010-01-21,0.39338234213687057,0.7953203858130775,0.16514209240675926,0.5748838333225025,0.8829980976799987,0.6421676318030648,0.694457567103364,0.7148363015581385
2010-01-22,0.3805675037876367,0.7759589415137309,0.16140460963588613,0.5653509140465091,0.8542335175949243,0.6255975540582073,0.677538143085537,0.6966855224895486
2010-01-25,0.3749284777453296,0.7755651275925266,0.15816047623655474,0.5712593408922126,0.8415759863974699,0.6266335579114514,0.6802151609000188,0.6996050404363375
2010-01-26,0.36536162994901616,0.771010532120453,0.15445753732223097,0.5739230901954232,0.8201019457502674,0.6299760441310518,0.6762659470878987,0.6911474081682858
2010-01-27,0.3642040861568225,0.7671557481708914,0.15468702094400927,0.5711965924732736,0.8175036873715711,0.6302814227445168,0.6741420389649194,0.686740643219862
2010-01-28,0.3653675573364134,0.7662016053966052,0.15489463394215372,0.5719723947776256,0.8201152505462264,0.6252692333105768,0.6722325155093063,0.6837082796834548
2010-01-29,0.36703047339593114,0.7704701219359738,0.15729530673924288,0.5759247312985754,0.8238478830512329,0.624875342518953,0.6758892138956245,0.6894113221741595
2010-02-01,0.36352919266181094,0.7609295185622524,0.15365467558312584,0.5685034187677027,0.8159888006865342,0.6111514932042185,0.6686127225122279,0.6837806165998767
2010-02-02,0.3668811268076994,0.7659221007576192,0.15620306583684992,0.570760063850992,0.8235126551083943,0.6158236255798234,0.6726686834492467,0.6870126300256083
2010-02-03,0.3629395540046121,0.7702250669751622,0.15599209128392538,0.5773270808708414,0.8146652796311737,0.6182347773934173,0.6740481519174512,0.6897903676162102
2010-02-04,0.346570564032603,0.7462665569272546,0.14969566812349416,0.5644026378729766,0.7779229415594815,0.591337205608785,0.6535914494933718,0.661431402902158
2010-02-05,0.3327419408016986,0.7245862935905146,0.143048599687929,0.5539516957767467,0.7468827887654002,0.5761186951780235,0.6362606653309513,0.6353062021672149
2010-02-08,0.33423526991297275,0.7193311838948344,0.14170735498533976,0.5524660097840309,0.7502347611932993,0.5735196121876066,0.6318494492166434,0.6334833118733822
2010-02-09,0.33938157263790153,0.7254287456802062,0.1437480332993874,0.5559439762289302,0.7617863104863188,0.5782761016672733,0.6365039727575932,0.6380897267111305
2010-02-10,0.33933731222387553,0.7236512831562708,0.1436732439654511,0.551630667823712,0.761686962200437,0.5772226149602588,0.635022120217553,0.640948481648125
2010-02-11,0.3371453117883197,0.7128080293060732,0.14060014330273243,0.544817346680424,0.7567667306409938,0.5666222874655598,0.6248273096894453,0.6288248144558101
2010-02-12,0.34273933494112646,0.725585874363823,0.14377502214271204,0.5562580293878459,0.769323246969293,0.5819094182574757,0.6360438661475515,0.6413998640065979
2010-02-15,0.3465627136416738,0.7358348495613898,0.14533357072356434,0.5618538398341543,0.7779053203306816,0.5831348055089876,0.6418193088327651,0.6536913528450117
2010-02-16,0.3515477419836724,0.7377817410554374,0.14419481147404029,0.5609312267284909,0.7890948681862233,0.581475736742516,0.6410802226304726,0.6480027777375914
2010-02-17,0.36069934779521295,0.7498656414011304,0.1467446657433175,0.5649470988211822,0.8096368439099226,0.5970444972349749,0.6530988505770982,0.6602682252860933
2010-02-18,0.35453499544174916,0.7404109824060061,0.14393200934605127,0.556000202702623,0.7958001491259867,0.5948284185046734,0.6445050326350452,0.6512550454999212
2010-02-19,0.35468472521796873,0.743503861838443,0.14659724904593519,0.5638447822844409,0.7961362371843621,0.5953190485045,0.6492502147335641,0.650881787011184
2010-02-22,0.3571001351963059,0.748799208580831,0.14463722818619634,0.5631862559477888,0.8015579406711113,0.5944624302891814,0.6520702173963129,0.6560379624137391
2010-02-23,0.3526048199722585,0.737547171451319,0.1423808379776429,0.5578171941598733,0.7914676179338372,0.5883354089728622,0.6431391370232211,0.6482197884868572
2010-02-24,0.34936499148976763,0.735593674762045,0.14287469610499842,0.5630113062331465,0.7841953993301523,0.5899655472077965,0.6425951723563874,0.6461364852939057
2010-02-25,0.3443572588139867,0.7259165232798396,0.1442164184507059,0.5564866291708818,0.7729548886290745,0.5743338443352719,0.6362157079945439,0.6360903343412285
2010-02-26,0.353863134585621,0.7418871134044015,0.14463050101438266,0.5579885940095773,0.7942920695954104,0.5928912284006516,0.646376551596438,0.6553753562593142
2010-03-01,0.35717135954406803,0.7518246721892898,0.1461522453644114,0.563277451660096,0.8017178130315249,0.6008229749843547,0.6567463795560659,0.662273404609309
2010-03-02,0.3676236937663464,0.7715597738835509,0.1508913080396142,0.5722360146705554,0.8251794437301803,0.6148459078370242,0.6714748556701263,0.679266793015148
2010-03-03,0.38078108819948303,0.7723161119795351,0.1578078641013598,0.5741234427932135,0.8547129357313102,0.614461888473039,0.6820642169937055,0.6821486957653976
2010-03-04,0.37642049831401175,0.770339370908514,0.155394526270129,0.5683666751771396,0.8449250216304427,0.6081268412967759,0.680364026643057,0.6833292342414035
2010-03-05,0.38222137966693437,0.780788343514111,0.15550204023232797,0.5784973536040733,0.8579458582335149,0.6209613169218777,0.6890400983553512,0.6913586319642374
2010-03-08,0.3843130928981475,0.7850577350922485,0.15412912403655407,0.5759928797318735,0.8626409820512755,0.6231435840937194,0.6901497616035283,0.6963296248607523
2010-03-09,0.3820809626583879,0.7862999090045355,0.15508764254251922,0.5824114388129158,0.8576306738997317,0.6262481466827825,0.6851199212741861,0.6926635899364891
2010-03-10,0.3883037017684754,0.7972030202463628,0.15603338745914747,0.5878670292095662,0.8715984253923862,0.6329487026316494,0.6948997917775848,0.6979586522185741
2010-03-11,0.39147800117256737,0.7973286091079763,0.15606555247543233,0.5935552196141499,0.878723555412342,0.6397675745826569,0.6969678425488222,0.6953169080308454
2010-03-12,0.39402158603790777,0.8063045036831682,0.15605747531094333,0.5957830761649975,0.8844329641905371,0.6375623654752925,0.7082219798209619,0.6990118777216775
2010-03-15,0.38694872558325194,0.8046911632990944,0.1541012706471625,0.5910835114014558,0.8685570041952503,0.6305295199850509,0.7050686219764295,0.6923453075042327
2010-03-16,0.3981786292125988,0.8174659382885006,0.15834063599669984,0.5994430575847992,0.8937639910873891,0.640177789370838,0.7215707930001556,0.7075534208127785
2010-03-17,0.3993966034163248,0.8200949654509244,0.15858441704663445,0.6054330055346755,0.8964978934254336,0.6469947542449278,0.721249400605995,0.7135255566325727
2010-03-18,0.3919154715679546,0.8157094886834325,0.1577190300053786,0.6053570934691712,0.8797055149096085,0.6464254931310193,0.7143962183494695,0.7075707816727197
2010-03-19,0.38984436463845534,0.8122491790727537,0.1547721063137899,0.604255718167111,0.8750566446301097,0.6443886302818307,0.7094592540536803,0.706410497533312
2010-03-22,0.38973386412058836,0.8164830812490356,0.15396201716884,0.6119509197325881,0.8748086117709346,0.6478451715573017,0.7100468895022741,0.7053109764036988
2010-03-23,0.39659770502020997,0.8326834662028368,0.1558476503696641,0.6269505103488623,0.890215400047759,0.6635000583272773,0.7201076266075936,0.7107073103687744
2010-03-24,0.39388214763403134,0.8313349153927504,0.1555955490476127,0.6298378907431281,0.8841199764628785,0.6636074337678068,0.7191477496945288,0.7075476338594648
2010-03-25,0.40995250838220304,0.8469145163414249,0.16403404462340943,0.6276767325103397,0.9201920021989237,0.671157112270747,0.7424230800275432,0.7219600410873696
2010-03-26,0.4060260069330678,0.8508579079705252,0.16054474214258208,0.6291861980386997,0.9113784563460753,0.673271662469901,0.7458049102969402,0.7221105018735272
2010-03-29,0.4076168694231725,0.8562498754198591,0.15830383612047907,0.6320911440310062,0.9149493551942603,0.6724666969711957,0.7469713403595284,0.7191302209169438
2010-03-30,0.40863383052930075,0.861984450775034,0.1590047972102782,0.6305795562678485,0.9172320573543217,0.673225419355983,0.7491191999436745,0.72517469365316
2010-03-31,0.4067393805423663,0.8581154673439979,0.1586510578696505,0.6318706994513056,0.9129797166785142,0.6688483005903241,0.7437745821175464,0.7220960344902428
2010-04-01,0.4127279388982073,0.8671701309842299,0.16082564365329344,0.6290301344790625,0.9264218188515025,0.672258842029934,0.753474330184734,0.7385599166678734
2010-04-06,0.4232591492487665,0.8779927196373694,0.16123103525813864,0.6327958182508888,0.9500604973323384,0.6893417421164818,0.7632571334290396,0.7451744043054944
2010-04-07,0.42198282715965335,0.8701017530023589,0.16099345553278252,0.6324932621334417,0.947195625537148,0.6849371461174579,0.7596454834636971,0.7411640456590628
2010-04-08,0.4169713361592693,0.8580028365316064,0.1592922305758228,0.6259290808862391,0.9359466787851356,0.6757096286243593,0.7512132346106062,0.729838978024046
2010-04-09,0.4198154014455023,0.867143805750246,0.15960906814621847,0.6296334346998904,0.9423305551527934,0.6827334637247766,0.7572238932657455,0.7388724121468161
2010-04-12,0.4233374195571353,0.8737288522225225,0.16048162830436874,0.6303658657324664,0.9502361852725215,0.6832700225023441,0.7639499091781595,0.7461292516022637
2010-04-13,0.42922750508542185,0.8791678277145534,0.158861655776204,0.6318783294112243,0.9634572523097399,0.6887011556186641,0.7655308154679664,0.7487420610234238
2010-04-14,0.43278214306816704,0.8854130135360272,0.16102233970293608,0.6324464587534834,0.9714361019948967,0.6988458602772339,0.7705702396088067,0.7536812256767129
2010-04-15,0.4341859376406446,0.8878357171489336,0.1624816455983722,0.6348345976894382,0.9745871024447338,0.6959466515032532,0.7693472786622929,0.752596171930384
2010-04-16,0.43910753682778814,0.8884152993413554,0.16514995557983553,0.641143773792785,0.9856342752694843,0.6926730653626977,0.7697760292360855,0.7508080033564338
2010-04-19,0.4250122343024096,0.8637702436322272,0.16033211619413915,0.6209669397859788,0.9539955259333411,0.6774370393753932,0.748382108730803,0.733316936965612
2010-04-20,0.43549821713939674,0.879201872302311,0.16418204075323925,0.621496079747545,0.9775326853469256,0.6895896642930892,0.7600631836971844,0.7434527856946522
2010-04-21,0.43349881667834866,0.8743923535298036,0.16500875025762657,0.6216723798950335,0.9730447696107595,0.6824266552455724,0.757234268988893,0.7366762633642461
2010-04-22,0.417106125632982,0.8512727775354874,0.1612805434098218,0.6141933949540953,0.936249231381241,0.666698220918996,0.7380589613306975,0.718647010315245
2010-04-23,0.4269478081885613,0.8609901754177315,0.16250527610467635,0.6191469670696483,0.9583401745774748,0.6731940159240727,0.7483995428461147,0.7276023205682797
2010-04-26,0.43100177533081624,0.8780850177942546,0.16388106915167525,0.6333449283471954,0.9674398338433776,0.6862030810726605,0.7639755221887589,0.7457241648703009
2010-04-27,0.42857758019274694,0.8680399880155433,0.16212697040952956,0.6304607749208845,0.9619984109170392,0.6715320747683522,0.7576524509677888,0.7336901954543491
2010-04-28,0.4192326933606253,0.8497585266587463,0.15868406957555226,0.6237561356708253,0.9410225906731116,0.6550224918581229,0.7432051745212639,0.7194716511624552
2010-04-29,0.42398726301304923,0.8642303410881292,0.16211045877444033,0.6309235745032308,0.9516948438697653,0.6721406923431473,0.7540734393793028,0.7333256173955826
2010-04-30,0.4312508274240054,0.8728846777732508,0.16364974886561454,0.6310279675862307,0.9679988638275775,0.6787987390820155,0.7590536788721205,0.7371189652927485
2010-05-04,0.41494097061277035,0.8412461193872209,0.15513984838764758,0.6134351868722182,0.931389257866304,0.6559072952935142,0.7341031134769549,0.70968301963224
2010-05-05,0.40732874619733017,0.8279769299854455,0.15124159960550268,0.6086969016099029,0.914302624944666,0.6378260820340133,0.7240036430963198,0.6986183648963421
2010-05-06,0.4001615891071558,0.8241224207870592,0.1514939880776627,0.6053740282811544,0.8982150038226286,0.6332148340202124,0.7193920285484668,0.6937399632528473
2010-05-07,0.38593761433408863,0.7981864378051815,0.1476428908928839,0.5876373497918244,0.8662874328039563,0.6116305486719343,0.695401519013033,0.6762026012355152
2010-05-10,0.41284027122756833,0.8411079356383205,0.1535778042203211,0.6065407524198781,0.9266739634510669,0.6507887258437716,0.7324758569703985,0.7113207274200324
2010-05-11,0.40831292244408857,0.8346980313027269,0.14985286240109727,0.606653273152273,0.9165117372015837,0.6446511664895527,0.7260657682428789,0.7070268080612268
2010-05-12,0.4131891533890549,0.8432099934731299,0.15714432599216088,0.6129241012280718,0.9274570750753298,0.6513110859649212,0.7382719038982308,0.7144196409195478
2010-05-13,0.41263877606147714,0.8460951465234007,0.15677733792788356,0.6083991347905594,0.9262216812073248,0.648220535947382,0.739311521431317,0.7113641295698857
2010-05-14,0.40434735008079115,0.8291772073272438,0.1515010504202229,0.5910966434833393,0.9076104915737725,0.6354333764589981,0.7228794705300501,0.6914280754040026
2010-05-17,0.4021781355882496,0.829034926564476,0.15106832983929577,0.5939852607465658,0.9027414060424559,0.6376338213044981,0.7250573160151537,0.6982624672675463
2010-05-18,0.40340799531129967,0.8345503089679092,0.14943649948749005,0.5988580884424876,0.9055019869825343,0.6416667456326659,0.728667376321872,0.7035199143530919
2010-05-19,0.3906993980455936,0.8104057586022596,0.1454121769286633,0.5886617315370098,0.8769758788993827,0.6209300314089911,0.7057731193192603,0.6818506676697396
2010-05-20,0.3753036564377884,0.7847453276295969,0.14349094346052513,0.5757037882531352,0.8424181240235046,0.5959913603602148,0.6842999243969481,0.6617583657643851
2010-05-21,0.37946456379952137,0.7913595454367206,0.14652843534980492,0.5876031403053353,0.8517578245933756,0.6074987799909093,0.6934920495993057,0.6680806122596615
2010-05-24,0.38176417791614936,0.7979643253664177,0.14331281983424252,0.5876536533873907,0.8569196091293833,0.6119638709461653,0.6970367399294097,0.6732512550455009
2010-05-25,0.37449688381189494,0.781061838871571,0.1396027276616867,0.5807582148611196,0.8406072173873436,0.5993460880793754,0.6829786572069674,0.6568568163076354
2010-05-26,0.38904221260483546,0.8060020069757627,0.14409943128947597,0.6072120419695296,0.8732561095174024,0.622529186855389,0.7102905461976153,0.6861272261686038
2010-05-27,0.39820009319695154,0.8205490985849416,0.1477904870590664,0.6019905510424967,0.8938121698064674,0.6357490257999713,0.7197125704671403,0.6927880094327348
2010-05-28,0.4031665049480577,0.8320940659725844,0.15048395016680458,0.6045588895721485,0.9049599302898206,0.6438364724485623,0.7309409788966682,0.7022786128672915
2010-05-31,0.40314001487942697,0.8344469550941017,0.149068927295158,0.6066184221612013,0.9049004698674709,0.6478387188893295,0.7323259210191302,0.7042172422273991
2010-06-01,0.3923535841283969,0.8181339642673574,0.1481531063423889,0.5972415855363136,0.8806889158302976,0.6315821712900183,0.7206785971937931,0.6917087426397195
2010-06-02,0.38908072245967723,0.8155074824212464,0.14922933764305404,0.6013074775294647,0.8733425499213678,0.6298460522906398,0.7227880438173554,0.6959534728953582
2010-06-04,0.3882874284960279,0.8037203073438794,0.1479202684380857,0.5999436073551522,0.8715618979048122,0.6224719861475572,0.7160993573625967,0.6813732440213547
2010-06-07,0.3813354395503844,0.7946603907176227,0.1457441264636665,0.5949033749349286,0.8559572498142283,0.6156552399715955,0.7089984598382755,0.6744375804748203
2010-06-08,0.38100228639239603,0.7936228450515507,0.14643477937042157,0.6010645757651697,0.8552094439947249,0.6144516194283446,0.7122387055903834,0.6731152616426276
2010-06-09,0.38387296680103944,0.7994644543173017,0.14754506168004908,0.5991682109337031,0.8616530614842904,0.6203062640705393,0.7154320399545219,0.6776898482371503
2010-06-10,0.38654414480819177,0.8070349021046239,0.15011779569852007,0.6082319003038701,0.8676488697507925,0.6234644175638643,0.7209561229384677,0.6887197812531657
2010-06-11,0.3826154261252408,0.8003938702721883,0.14860557458453605,0.6131613295515715,0.858830347026764,0.6187755429357454,0.7189733443364317,0.6881844880716435
2010-06-14,0.38748248750000525,0.8114842926579394,0.1496433773722081,0.622748738634603,0.8697551026013635,0.6253394847697101,0.7273429414095162,0.69556285354668
2010-06-15,0.3879207417436892,0.8123655978457257,0.14863279322864953,0.6254710036660258,0.8707388215486122,0.6297069028462555,0.7261098674284782,0.6899032132058285
2010-06-16,0.39039018634712375,0.8151973820064492,0.14856254710682473,0.6277547369031328,0.8762818128158719,0.628026231222719,0.7271465430453284,0.689584930773572
2010-06-17,0.3931277806829752,0.8095185337844985,0.1467416086794512,0.6182390159164373,0.8824267012154008,0.6233564872633663,0.7185004947436173,0.6803200185182516
2010-06-18,0.3964192655305715,0.8113647859086162,0.1465458530231009,0.6216097797221787,0.8898148692841109,0.6271392050859368,0.7206912680785325,0.6831961343151874
2010-06-21,0.4001998092946669,0.8208026665502306,0.14766349585529717,0.6288952808022938,0.8983007940303995,0.6274229323109292,0.7293541696531046,0.6930831440517364
2010-06-22,0.3947991534972905,0.8135917052198436,0.1477868031726343,0.6237720770008248,0.8861783160121853,0.6244090989456373,0.7228457559192324,0.6884969835505863
2010-06-23,0.3853024340332523,0.7983160426353368,0.1427998704157947,0.5983678222996149,0.8648616875753433,0.62044054583368,0.7013960381574087,0.674145339332476
2010-06-24,0.38350922352547556,0.7959683093607217,0.14421550869730196,0.600489021704381,0.860836592146541,0.6154724913414505,0.7034233839865255,0.6730718594927746
2010-06-25,0.3861194587284359,0.7972706191415909,0.14690252135016224,0.6011940223620291,0.8666956063213801,0.6166518132578059,0.7076192223423597,0.6764890554245465
2010-06-28,0.38540740294138054,0.7960300877836094,0.14551459781103854,0.5978022987056004,0.8650973040132578,0.6149075551431641,0.706755231007872,0.6762402164320551
2010-06-29,0.37943647803525676,0.7785937190259915,0.14306956289544695,0.5885178872169512,0.8516947824235546,0.6075451954379246,0.690368188053145,0.6585060980020555
2010-06-30,0.3738332107194438,0.7712479063859083,0.14380297792816973,0.5903823888621034,0.8391175163628072,0.6004328257534911,0.6872500119540956,0.6571172292067545
2010-07-01,0.37138779728207627,0.7616397410108845,0.14116268403693122,0.5921817740693847,0.8340877531065514,0.5902190224044117,0.6827099822078819,0.6569696618972537
2010-07-02,0.3730516640757035,0.7693818116399974,0.14159767308058668,0.5972272887453259,0.8340877531065514,0.5940669074377621,0.6924680764163301,0.665693494017738
2010-07-05,0.37316104699286107,0.7714560633946136,0.14067758084607296,0.591347144469702,0.8340877531065514,0.595852368587367,0.6904603510019844,0.6628665673239691
2010-07-06,0.38517632082176184,0.7849161383991274,0.1448718058001356,0.6012883722895964,0.8340877531065514,0.6019229269741095,0.7068778481878287,0.6759942709162203
2010-07-07,0.3841842159419978,0.7816957657951389,0.14307566269808467,0.603538490152715,0.8340877531065514,0.5965788304924462,0.7022017293776514,0.6745764673543505
2010-07-08,0.38898996796807683,0.7898994995468616,0.14350002286153363,0.6069920059765669,0.8340877531065514,0.6025324744740556,0.7052285975612635,0.6739341155365238
2010-07-09,0.3861863968771166,0.7875758964634381,0.14347879014574555,0.6038586087026029,0.8340877531065514,0.6012808245061424,0.7049360518538417,0.675221712648834
2010-07-12,0.39032182245471964,0.7969135824086294,0.14476157030340175,0.6116467732124707,0.8340877531065514,0.6063091462984402,0.7133105978094791,0.6829038931728427
2010-07-13,0.39226414573826807,0.7994746671987569,0.1459184139269087,0.6136655255353625,0.8340877531065514,0.6083409641835548,0.7144173912581188,0.6887284616831363
2010-07-14,0.39480811610292604,0.8029968330839574,0.14688651121582752,0.614755942712527,0.8340877531065514,0.6149697896728469,0.7197160360461713,0.6910953255884618
2010-07-15,0.39823129338157914,0.8063211404029108,0.14829322162286887,0.6171070741522486,0.8340877531065514,0.6212022822769274,0.7226838376377622,0.6928343050592448
2010-07-16,0.39549473338060437,0.8034858199228945,0.146857264484301,0.6155242518617944,0.8340877531065514,0.6173831807280754,0.7163350538020834,0.6872701494480702
2010-07-19,0.393314677996595,0.7991328035853783,0.1454880585714843,0.6128149089330635,0.8340877531065514,0.6139438842841937,0.7166429406670815,0.6892029918548642
2010-07-20,0.39010747032332427,0.7971004223189287,0.14380913651268476,0.6071575464552055,0.8340877531065514,0.6115262955184472,0.7108279206716588,0.6831237973987655
2010-07-21,0.3971588542137013,0.811123144673592,0.1470610472830027,0.6199182955208975,0.8340877531065514,0.6223587405326584,0.7270457791852855,0.6987254235326467
2010-07-22,0.4030510095179274,0.8205464340300749,0.15341161699571282,0.6272507547189621,0.8340877531065514,0.6266279004006512,0.7435719872630634,0.7104353235630283
2010-07-23,0.4043827439418699,0.8224744422074518,0.1558415651186596,0.6265436038780076,0.8340877531065514,0.6263197083717639,0.748062387243159,0.7120730313508208
2010-07-26,0.40695103720079745,0.822580550203344,0.15330627840569624,0.6212627894753644,0.8340877531065514,0.6267134129062631,0.7491826646007108,0.7219079585075459
2010-07-27,0.40962480685816627,0.8270340181769402,0.15280554655862272,0.6189427682464963,0.8340877531065514,0.6295873387086236,0.753568749464205,0.7181927344801158
2010-07-28,0.402412152968244,0.8214421806662607,0.15115395899756717,0.6164609240773458,0.8340877531065514,0.6269215482512601,0.7489727910654558,0.7147350298751476
2010-07-29,0.4113938042123209,0.8409153896926643,0.15207133402213735,0.6196524800687983,0.8340877531065514,0.6375977353527604,0.7581762812570905,0.7185544190622254
2010-07-30,0.4083431288506265,0.8374587168034657,0.1512411216962311,0.6174765598006061,0.8340877531065514,0.6351444100645799,0.7561753798933748,0.7160399878473992
2010-08-02,0.41756023993652797,0.8575032956414895,0.15359503250773407,0.6221422176111292,0.8289164090372908,0.6491528803320028,0.7755453416532934,0.7356838008709377
2010-08-03,0.41687925133478126,0.8556020778429414,0.15435865327358422,0.6238295028189629,0.8275645498984968,0.6519840821347802,0.7744294544886032,0.7365634177746282
2010-08-04,0.41758416804174814,0.8584482912838546,0.1556402979082613,0.62515773780346,0.8289639097261906,0.6540496080943237,0.7796933240104628,0.7391646532891607
2010-08-05,0.41374962425947975,0.8517197191411274,0.15509146060360793,0.6165547564512349,0.8213517954531043,0.6462894183263848,0.7758303413240353,0.7369366762633652
2010-08-06,0.4136698215378001,0.851658911776734,0.15487504399583216,0.6188489966866466,0.8211933757110902,0.6465474337790468,0.772368818252907,0.7374401412016618
2010-08-09,0.4131952439552676,0.8479613817554917,0.1526843918352304,0.6163423608999061,0.8202512717751832,0.6422780630308206,0.769054032103187,0.7315924248781132
2010-08-10,0.4092929528774706,0.8375920393908222,0.15316505613260542,0.6170423518058624,0.8125046694939951,0.6387773818940712,0.7591665577061218,0.7204091375992832
2010-08-11,0.40478481866301,0.828163239282969,0.15109078774883755,0.614347746822749,0.8035553824999154,0.6331608204547112,0.750970249259815,0.7104671518062534
2010-08-12,0.4063783971571018,0.8291417646407545,0.1501136534382286,0.6112883926623347,0.8067188622484719,0.6333117776174491,0.7522813264776299,0.7137252065218971
2010-08-13,0.40270742894776124,0.8270472546151272,0.14991764356623002,0.6109423685782188,0.7994314687307386,0.6260764521683828,0.748993619490294,0.7094949436495429
2010-08-16,0.40143030597586826,0.8281456897470534,0.14944057242918513,0.6060152998511826,0.7968961981601462,0.6311552515790633,0.752341778940226,0.7184184256593518
2010-08-17,0.4036219096256554,0.8332552320547802,0.15125173152075572,0.6067428059791082,0.8012468428184852,0.633874647784637,0.7537284650966761,0.7213581979427389
2010-08-18,0.40167760073369246,0.8289965782099558,0.14976993718921644,0.6068918065756991,0.7973871133935041,0.6272841821384273,0.7486407581021456,0.7174780457458667
2010-08-19,0.3999475773483431,0.8254127371596401,0.14756285870708796,0.6035796114674973,0.7939527711478144,0.6230663133400491,0.7464710931990166,0.7129063526280011
2010-08-20,0.39882205517521324,0.8216947462912112,0.14720773996180214,0.6011004285287805,0.7917184497043157,0.6181670421132592,0.7445125379871326,0.7074955512796409
2010-08-23,0.40399961029465,0.8288263803100705,0.14702511812455213,0.6050911925195974,0.8019966323154007,0.622485399807019,0.7485090483858023,0.7134127110429546
2010-08-24,0.3930780763439493,0.8077439112217055,0.14416474145702346,0.5948472642957072,0.7803158355398988,0.608659932752511,0.7319239172522575,0.697394424270483
2010-08-25,0.38511794327557275,0.7985692397437224,0.14249618729177202,0.591851207836708,0.7645138403128132,0.5980701917784608,0.7281988593223568,0.6924899813370764
2010-08-26,0.3872376068327592,0.8018567713261873,0.14350452269071762,0.5937147565725267,0.7687216736650914,0.6031468227770413,0.7336474158682329,0.6945298823801745
2010-08-27,0.3888581188976324,0.8078864806230177,0.14410482064560784,0.5950643097997644,0.771938620378745,0.6059191388989619,0.7406330357415948,0.703227673210747
2010-08-30,0.38858573013119246,0.806968617034454,0.14336817932228457,0.5956436635416894,0.7713978899725795,0.6037969754795394,0.7393680599307599,0.6984592236802135
2010-08-31,0.39453783299057393,0.8122272183074589,0.14473650133791802,0.6023888711887998,0.7832136599059646,0.6106938532412673,0.7472725205675346,0.7034360035300422
2010-09-01,0.3945811923810618,0.8119628154541797,0.14501358973991127,0.6006734357232152,0.7832997344571879,0.6139500850852068,0.7554445752222606,0.7098971369048487
2010-09-02,0.39705082907269734,0.817476800693224,0.14608068299514249,0.6010044316037376,0.7882023142103953,0.6168791034527291,0.7610048779153905,0.7119862270511139
2010-09-03,0.39993777606090875,0.8262300457305031,0.1471799807853185,0.6035639036952749,0.7939333141995537,0.6210163625774465,0.7636912881252367,0.7164797962992441
2010-09-06,0.4007921334730809,0.8264508306011098,0.14512418079318842,0.6021308075060997,0.7956293350616928,0.6182483022304767,0.7632912074987499,0.7198478031278489
2010-09-07,0.3994533812836512,0.8265580143729776,0.14716948450111472,0.6056955196665255,0.7929717217371541,0.6191455309730215,0.7652657033572994,0.7172205263234045
2010-09-08,0.40638733481008116,0.8411164171934751,0.14845558388005967,0.6161385678839292,0.8067366047596217,0.6284014455571084,0.7803988775960259,0.7322318832192828
2010-09-09,0.40774669173163686,0.843226039067501,0.1475089514787476,0.6184192509480002,0.8094351214052372,0.6300066065898763,0.7794113569287998,0.7337422780341726
2010-09-10,0.40680177513376126,0.8405536056133772,0.14737370452974635,0.6135626757621395,0.8075593276915688,0.6253848405586797,0.7774305308065916,0.7304523950753034
2010-09-13,0.41132683587290025,0.8486572585677612,0.14572895279901749,0.6166717770025562,0.8165422162422912,0.6293280879143365,0.7822375128457155,0.740698195917305
2010-09-14,0.409856043693361,0.8450914922148748,0.1453757406417442,0.6135326973678192,0.8136224847753079,0.6254517637677953,0.7785320695831126,0.7386698687808342
2010-09-15,0.40872077008102486,0.8425290364162639,0.14536445951457025,0.613482045830976,0.8113688053393647,0.6263172737797308,0.7788031830666285,0.7401918375023514
2010-09-16,0.406581312250634,0.8392085824720594,0.1461218626412827,0.6149877590550431,0.8071216775421303,0.6253711119190046,0.7780413266354085,0.7368093632904621
2010-09-17,0.4025423864257423,0.8342429928391482,0.14628828794916926,0.6108522971755704,0.799103835872995,0.6224172605657022,0.774824986133293,0.7347752492006776
2010-09-20,0.40487508289203483,0.8385999798785263,0.14648552290217223,0.6108988649906846,0.8037345698205258,0.6256426643204835,0.779211540585408,0.7392717119254645
2010-09-21,0.408558684788559,0.8468401825323757,0.14777428677530935,0.6131261944582255,0.8110470430024885,0.6351210123913568,0.7854713717894712,0.7493323302614261
2010-09-22,0.4073795277419301,0.8472133248754518,0.1478756683230882,0.6157543142368026,0.8087062487139057,0.6399908420838093,0.7869036317124222,0.7497866060965558
2010-09-23,0.4023874291625103,0.840818654640146,0.14740563596630255,0.611025125039636,0.7987962236869974,0.6326567543525016,0.7835544227891809,0.7440141201660859
2010-09-24,0.4072916797929349,0.8561694426217623,0.14882288987501166,0.6244192744405141,0.8085318580524925,0.6465643790120538,0.7930104354147606,0.7542657079614015
2010-09-27,0.4065149089367641,0.8514852693155978,0.14609862959126796,0.6221233085708484,0.8069898575285925,0.6470324813570054,0.7908663970965126,0.7529231347926104
2010-09-28,0.40041542094766697,0.8441913889764274,0.1450163850164742,0.6191714110063042,0.7948815071701939,0.64374693366906,0.7837847299838945,0.744291893925146
2010-09-29,0.40449547354030585,0.8508066321883605,0.14569219582826184,0.6222637217630081,0.8029809913171702,0.6460215398404935,0.7865166853538719,0.748085241822312
2010-09-30,0.4083369194091917,0.8567559666977091,0.14600352333990702,0.6287432061643629,0.8106068072129365,0.6566613984104551,0.7933833223900748,0.7567078022598056
2010-10-01,0.4070481397083954,0.8499939224486601,0.14604156063885482,0.6200786795982088,0.808048396379121,0.6495132566692896,0.7863465099474928,0.7555735594103099
2010-10-04,0.40665307328357486,0.8555869142677897,0.1432963756565668,0.6207998490734276,0.8072641333893229,0.6550073245737975,0.7879672455681502,0.7621243905614795
2010-10-05,0.4134391042949311,0.8680099156621001,0.14543208203956556,0.6239432706854757,0.8207353692004818,0.6609164503086864,0.7987698392213897,0.7717307330623113
2010-10-06,0.41431316412105473,0.8667571439563443,0.14562203396189718,0.629765411816588,0.8224705021539075,0.6634923696274339,0.7786637723324749,0.7708511161586207
2010-10-07,0.40740817580693434,0.8570249961959308,0.1436798413673177,0.6268692194885294,0.8087631191936544,0.656151089789286,0.7681395533899127,0.7599513895921647
2010-10-08,0.4024116541535793,0.8508440397269939,0.14310577608378863,0.6281886151971994,0.7988443137364929,0.6576186491663703,0.7675856484999406,0.7549514619290811
2010-10-11,0.40621148126568113,0.8527568081910343,0.14154591848322542,0.6250470787722797,0.8063875104862714,0.6597427723975811,0.7689073006856754,0.7598125027126346
2010-10-12,0.40804346741627445,0.8516730713985733,0.14136523973451134,0.6229985758286296,0.8100242633092574,0.6579895357790969,0.7649754278979191,0.7603709437074119
2010-10-13,0.41690001099184043,0.8703598879865759,0.14461827375980696,0.626478466854611,0.8276057607675795,0.6702581685533677,0.7767928192050971,0.7792364115102504
2010-10-14,0.4164805088831418,0.869064828850348,0.14528733222198717,0.6205949396969223,0.8267729894731218,0.666228100663217,0.7749227921419144,0.7745547662794233
2010-10-15,0.4135557073372904,0.8594309884529886,0.1430764128708994,0.6127829673220383,0.8209668428081462,0.6573655219690159,0.764180999677366,0.7680010416515968
2010-10-18,0.4094246001638331,0.8592594262831612,0.1401790675714533,0.6102055807494007,0.8127660080637009,0.657014404526139,0.7620418706259615,0.7706601466992669
2010-10-19,0.39945882972046687,0.8452225693357736,0.14001812135789324,0.6075430915931327,0.792982537658423,0.6478435378168356,0.7525269256680964,0.7599398156855373
2010-10-20,0.402403353705969,0.8457420881118451,0.14147660828731448,0.6127567705623425,0.7988278361685437,0.6551119951874789,0.7552747106245251,0.7568785173825614
2010-10-21,0.4042185621143653,0.853854841242678,0.14158645309664633,0.6132526357586534,0.8024312827892537,0.6592116450823011,0.7619400098786585,0.7679113438752336
2010-10-22,0.4030771952450825,0.8518829029346544,0.139507181187405,0.6126584862800604,0.8001655073724567,0.6546057531631141,0.7579882459996706,0.7643407936806472
2010-10-25,0.41338605258967637,0.8611325733400689,0.13866503408731876,0.6154828921991162,0.8206300540272278,0.6576318790635699,0.7644685954597666,0.7643986632137849
2010-10-26,0.41411839537310446,0.8555526129328064,0.13848369949072187,0.6132800183706187,0.8220838585137753,0.6541462404381333,0.7605984967631523,0.7607962847759729
2010-10-27,0.4167416943392735,0.8642157113223246,0.14073858159095123,0.6226163125372118,0.8272914797164037,0.6582871957827516,0.7707552738521073,0.7644102371204125
2010-10-28,0.42205561692265037,0.8668532898047935,0.14019513025337826,0.6242454357336926,0.8378403711203948,0.6613495114618368,0.7709189593687837,0.7635798093198887
2010-10-29,0.4266094971693282,0.8715241333113247,0.14171140555668854,0.6308528344694194,0.8468804704886581,0.6666634425943196,0.774030604989934,0.7671387856078475
2010-11-02,0.4289877824933048,0.8793147256522342,0.14080489776606056,0.6321068138827692,0.8516017047965904,0.6691720395949651,0.7779833275591718,0.775226052863819
2010-11-03,0.42799000136544085,0.8764909790535043,0.1409025397281586,0.6331938741729751,0.8496209674791678,0.6737739598871404,0.7757226422273509,0.7720924176444212
2010-11-04,0.4377654168093567,0.8946107240299831,0.1465931829134518,0.6436258930731839,0.8690265561622526,0.6959459422911883,0.7917070092905856,0.7874394178324972
2010-11-05,0.440233059871924,0.900472938743381,0.14688015686145595,0.6445126352764129,0.873925178278477,0.7025915688557397,0.8013030324096563,0.7908942289608084
2010-11-08,0.4404896317042467,0.8995238658120606,0.1441016247784966,0.6483466279984731,0.87443450982293,0.6998914789939585,0.8016720623202074,0.7903705096859137
2010-11-09,0.4427111501441023,0.9092076168534962,0.14261567545835968,0.6504269691001088,0.878844539590264,0.7031462189123779,0.8033356435987934,0.8012789166823403
2010-11-10,0.4375301984748751,0.8929919471853124,0.1431050878907994,0.6479525448489635,0.8685596143452159,0.6963645993135557,0.7979017229327264,0.7889006235442201
2010-11-12,0.4343662867791784,0.8960371753716576,0.14266608816171394,0.6530492090819416,0.8622788000567034,0.703542235956038,0.7990536165884169,0.7926679301514741
2010-11-15,0.4364391569103998,0.8921534507120555,0.14044954711859434,0.6477351768201419,0.8663937418093806,0.7001512564290409,0.7918153588052,0.7867768116780723
2010-11-16,0.43507999719928336,0.8848283707046856,0.140865269280924,0.6436089908673653,0.8636956166545094,0.6919800095235723,0.7863571532454946,0.7762677044602949
2010-11-17,0.431331713106163,0.8773799879035314,0.14033561852858015,0.6368294559747827,0.8562547401213576,0.6875602373412009,0.7829672900612662,0.7756166722124976
2010-11-18,0.43212836237742364,0.8818354572895641,0.14035209593727171,0.6348013485346352,0.8578362021238124,0.6870911510547593,0.7835654454855293,0.7778591166215773
2010-11-19,0.4271966955007744,0.8711284863260447,0.13776178156781918,0.626561438911527,0.84804614261388,0.6742588525561245,0.7725764750858837,0.7684611044400405
2010-11-22,0.42612569909251474,0.8665314697494877,0.13678009143231815,0.6197882481393102,0.8459200625614273,0.6706170083450225,0.7731411702063322,0.7655415864932514
2010-11-23,0.42742011961677134,0.869390641823191,0.1363478125149343,0.6344077564692466,0.8484896712313381,0.684918895856191,0.7744981940647404,0.7632846747008872
2010-11-24,0.42946233705401565,0.8738246678104559,0.1373666664128715,0.6285587773774911,0.8525437630309098,0.6779798148304297,0.7748202910280448,0.7703360773136967
2010-11-25,0.43062003651629727,0.8713573126790318,0.13841591279181809,0.6296417616757427,0.8548419609655713,0.6811684761861931,0.7770817123414212,0.7717307330623114
2010-11-26,0.4300660308338479,0.8652396881255213,0.13706413714176788,0.6277586911406629,0.8537421809650809,0.6756747548013782,0.7716762306586391,0.7644015566904419
2010-11-29,0.4275902952484365,0.8588937600628711,0.13223680399947038,0.6261004219115386,0.8488274940411127,0.6693609251880548,0.7655247057831277,0.7569855760188658
2010-11-30,0.4313065548346275,0.861083230284092,0.13015718782031002,0.6207707750839617,0.8562047973775225,0.6672787078939973,0.7657577847835549,0.7556603637100161
2010-12-01,0.4398795589761618,0.8776486292315551,0.13343465762805995,0.6240755799275352,0.8732234287700676,0.67653552333393,0.7777268111309994,0.7718117504087039
2010-12-02,0.448300305153083,0.8944743727937199,0.134805676743898,0.6332929734500367,0.8899398064679276,0.6982981304243483,0.7895230523777352,0.776044906757715
2010-12-03,0.44895418547875265,0.9006643822920942,0.13651409523797925,0.6401515886476348,0.8912378518267879,0.7008118656032104,0.7961647371538436,0.7847369106349737
2010-12-06,0.45090090624180884,0.9069268865214858,0.1361100693498485,0.6430866880003564,0.8951023691586013,0.7038649890395114,0.7997312201736796,0.7949190549905242
2010-12-07,0.44833224254435083,0.9081379873917534,0.1363779454851987,0.6432584485933635,0.8900032067277027,0.7044809568206208,0.8001295518710079,0.8001562477394717
2010-12-08,0.4481176392734247,0.9091971382580456,0.1372006249913793,0.6457706654087366,0.8895771887410985,0.7091383171512252,0.802250425666185,0.7997482675308519
2010-12-09,0.45003691107650834,0.9119335352876543,0.13601250605391257,0.6443630113457072,0.8933872159870366,0.7177368979664528,0.8012385984806816,0.7977517686376069
2010-12-10,0.44713941377024485,0.9074572324716893,0.13448816805419186,0.6439889735796035,0.887635272117409,0.7138739048309337,0.7955844923212813,0.7995428306882137
2010-12-13,0.46092086929624093,0.9218323893644884,0.1356949344506563,0.6412054580269225,0.9149934195972846,0.7153403566826937,0.8056041850638156,0.8014612057117232
2010-12-14,0.45187355758943276,0.9149119573449626,0.13455111799163144,0.6379339211450129,0.8970332202914589,0.7145755389112338,0.800413567436414,0.8028269266937693
2010-12-15,0.4572112506922504,0.9224549543102679,0.13841335100499003,0.641568166218399,0.9076292995541858,0.7182350238222515,0.8080190359584266,0.8064379855615519
2010-12-16,0.45037317061498217,0.9100550691748788,0.13582518450251474,0.6376982678078055,0.8940547389513367,0.7091034054311214,0.800007783495364,0.7972569841292809
2010-12-17,0.446888702213095,0.9096666318855556,0.13268336857875074,0.6327012407163246,0.8871375740518835,0.7071291230080957,0.7934833274219603,0.7984606704185417
2010-12-20,0.4399084451455122,0.9013186322302583,0.13363887596518506,0.6332821081554352,0.8732807719207768,0.7042074954166432,0.7929319100514574,0.7931887559497117
2010-12-21,0.44392691988104616,0.9082289675532367,0.13293436201410996,0.6357514409937058,0.8812580152715619,0.7086464042039823,0.7942765808040724,0.8020804097162949
2010-12-22,0.4429263802152158,0.905634310984707,0.13303017779929557,0.6370331413627762,0.8792718018643046,0.708863068438724,0.7919156997279108,0.8013512535987619
2010-12-23,0.44252067176558607,0.9035347516781845,0.13503216535596282,0.6401496633472372,0.8784664129430935,0.7062167734679976,0.795353884851244,0.8011053080829272
2010-12-27,0.438047198678724,0.8967376886337872,0.1312774220344366,0.6350563945139011,0.8695859332124316,0.7024376542363676,0.7884779114352126,0.7981655357995402
2010-12-28,0.43286844881505077,0.888547367383881,0.13053014514216335,0.6364851324143421,0.8593053788642713,0.6988709680075955,0.7816317719247226,0.7935475470551644
2010-12-29,0.4346673775705607,0.8985038565985073,0.13115826427413546,0.6374678614634467,0.8628765080607624,0.7076007068243926,0.7901936903282202,0.8031972917058494
2010-12-30,0.43680734294316437,0.8963284605279036,0.13087942133356828,0.6371646049060451,0.8671246434014079,0.7043004953955411,0.7867541279382355,0.7976967925811261
2010-12-31,0.43294943463574587,0.8907566575461292,0.13075857644007138,0.6328924663129989,0.8594661472259422,0.6954891963107656,0.7823716486490264,0.7940191837502354
2011-01-03,0.4443655545168257,0.9026883459072402,0.13204621135984138,0.6336206637356836,0.8821287673508907,0.6987526214370784,0.7958099217989468,0.8050577971962215
2011-01-04,0.44318679113376813,0.9002191347216207,0.13311608725382268,0.6376839969875651,0.8797887545404344,0.6971132461597209,0.7964824945552396,0.7928010300776902
2011-01-05,0.4385176227191025,0.8886981868016789,0.13257851266122297,0.6339819007887462,0.8705197917769699,0.6874963418280312,0.7893527897651993,0.7827867073682386
2011-01-07,0.4366030839387894,0.8791230278172137,0.13275752294307233,0.6396579572134632,0.8667191602537649,0.6773486849789865,0.7872300129756415,0.7760304393744307
2011-01-10,0.43369501530377896,0.8791490789022144,0.1311711409418936,0.6331947817445467,0.8609462307944533,0.6802794569166012,0.782542831978737,0.7691786866509458
2011-01-11,0.4379870863967033,0.8814427062813567,0.13115252218870105,0.6313796862520356,0.869466601791032,0.6767242265383795,0.7832621459762492,0.7729575671648272
2011-01-12,0.4527794401795536,0.902457829524358,0.1350751456722813,0.6407105348504893,0.8988315259532398,0.6839676768719194,0.7964863985261149,0.7868346812112096
2011-01-13,0.46085193960235044,0.9059370541550613,0.13413871299142102,0.6336203572398056,0.914856584360423,0.6770115428954018,0.7947990703281026,0.7886112758785321
2011-01-14,0.460432072024701,0.9061581688533452,0.134539531656844,0.6308299834508242,0.9140230875581671,0.6757247720413339,0.7928657079633463,0.7826507139653653
2011-01-17,0.4612610901880365,0.9093403496561819,0.13396744434434701,0.6352458970902122,0.9156688064108127,0.6790158515347311,0.7950991315017352,0.7871674310267502
2011-01-18,0.4715473549226462,0.9294898015854011,0.1370628409036249,0.6410254685652688,0.9360885035244931,0.6942318169460145,0.8100704168627744,0.8086051995775526
2011-01-19,0.4623254001637595,0.921505764855514,0.1356768887552866,0.6444862320744618,0.917781612944579,0.6940496480770793,0.799974235585077,0.797818318600715
2011-01-20,0.4503145658168339,0.9081603974452701,0.13497347940752555,0.6380101019711436,0.8939384000996283,0.6949315878704957,0.7904020939971984,0.7888340735811116
2011-01-21,0.45360245856526404,0.9133841256850836,0.1343179150394092,0.6380226087883818,0.9004653343947681,0.6947597716687752,0.7934874080070149,0.7908768681008669
2011-01-24,0.452927348944569,0.9065604131244261,0.1302397904417201,0.6364182240714397,0.8991251458687289,0.6872738379006129,0.7864974282817044,0.7877229785448708
2011-01-25,0.44531789144299055,0.899621579907934,0.130088325807613,0.6383455195425349,0.8840192914705969,0.6889219075945786,0.7816012886220297,0.7800639458341173
2011-01-26,0.44500925875079556,0.9053292021091572,0.13053737287352704,0.6408823955291053,0.8834066117217667,0.694367624618239,0.7874925094508817,0.7857843491847631
2011-01-27,0.445592368891843,0.9069548705874675,0.12898543475632476,0.6384909811760392,0.8845641682081404,0.6966314163054926,0.786527999297171,0.7884579216157176
2011-01-28,0.43888641390165095,0.9064878137710222,0.12694207108821656,0.6402895686229572,0.8712518946773065,0.6969368377784918,0.7828149960570883,0.7826622878719929
2011-01-31,0.4342108165599355,0.89763420482889,0.12639194152041114,0.6455714514638703,0.8619701695801367,0.691272827780049,0.7815983531768725,0.7826449270120516
2011-02-01,0.43643247657953027,0.9034338767633757,0.12655499231584497,0.6508719132955513,0.8663804804033707,0.6957452122380836,0.7890277319226161,0.7893288580894376
2011-02-02,0.4300287258363054,0.8971411185378884,0.12813928686396464,0.6461458402229988,0.8536681252441469,0.6929454136647356,0.7886103213844449,0.7884608150923745
2011-02-03,0.43009724203391464,0.9012114651260793,0.1294184231157624,0.6449342936094419,0.8538041396321351,0.693941818985279,0.789852234263338,0.7909983941204558
2011-02-04,0.4266094249019901,0.9010089597102058,0.1305026745514247,0.6509644164177443,0.8468803270277236,0.6924474068757431,0.791537091164709,0.7934896775220269
2011-02-07,0.4278409905171581,0.9097070842096868,0.12894934900791302,0.6638842163338651,0.8493251597717945,0.6939843529394392,0.7944363649819073,0.7931540342298291
2011-02-08,0.4257389528661358,0.905269253240069,0.1287354090999425,0.6647717221655307,0.8451523163477858,0.6921950718531648,0.7927502727592324,0.7921326369699516
2011-02-09,0.4240107126474053,0.8974234963102232,0.12842461543812575,0.6588011956710983,0.8417215139412116,0.6815989769997081,0.7816823268033442,0.7934057666989776
2011-02-10,0.41972267407036934,0.885296379177427,0.12800246418211716,0.6534180592181017,0.8332091480616673,0.6734300617666116,0.7773528501516298,0.7829776768275927
2011-02-11,0.42439559209665445,0.8922601265370926,0.1292606734470904,0.65454872635917,0.8424855543369935,0.6777747482831148,0.7850120283756087,0.7890684451903188
2011-02-14,0.42503280673426763,0.8916377775542287,0.12746564093083004,0.649369559302036,0.843750515936969,0.6811116677854382,0.7804096430142768,0.7859724251674605
2011-02-15,0.41923760007582467,0.8848646638634018,0.12736551917566558,0.6439734143998601,0.8322462072564402,0.6770828466500302,0.7752012470797437,0.7819967882409112
2011-02-16,0.41940494786468335,0.8914831994427632,0.12680787182241693,0.6339993600803435,0.8325784163964248,0.6673893201672956,0.7809416317139318,0.7776073841524287
2011-02-17,0.41062892004269697,0.8827676959773745,0.12479181282402568,0.6387469287043877,0.8151567541497557,0.6644027448951311,0.7784215616647253,0.7644073436437555
2011-02-18,0.411544769892837,0.8860017208473385,0.12612827586092487,0.6394113131425868,0.8169748462389614,0.6683559748492601,0.7805357813381465,0.7706861879891788
2011-02-21,0.4142352212925397,0.8876282540962064,0.12759843785127828,0.6436403065737971,0.8223157745641054,0.6674356579166938,0.784949413635309,0.7700872383212052
2011-02-22,0.41102154528609713,0.8847585170123267,0.1272324337451775,0.6387323747860826,0.8159361710475576,0.6695704482905457,0.7778001931974572,0.767786924378988
2011-02-23,0.4159888206668077,0.8874606277047421,0.12812671219696758,0.644949423029983,0.8257969184978029,0.6751142545386448,0.7854483412759564,0.7736751493757328
2011-02-24,0.41363156721380284,0.8786853226226059,0.1268464573129486,0.63627911104804,0.8211174354422501,0.6735083855939712,0.7787854091131408,0.7679113438752336
2011-02-25,0.4189714660180763,0.8892810469854412,0.12855165432898882,0.6424356112176983,0.8317178933357835,0.680626091481526,0.7851004444506715,0.7735767711693989
2011-02-28,0.4293468235996312,0.9043498170333198,0.13039195006393128,0.6570071281338024,0.8523144524102003,0.6900986604760049,0.8011277739290396,0.7863919792827075
2011-03-01,0.42501021370943587,0.8993785887342777,0.1302812683020125,0.6519357921722123,0.8437056655723473,0.6866283494937635,0.7969417003653467,0.7790078268543573
2011-03-02,0.4315461483965313,0.904640062460237,0.13152187055656966,0.6549691757492638,0.8566804246426863,0.691310591210872,0.7991334700264752,0.7837097264217825
2011-03-03,0.44186426504324716,0.9183862295622023,0.13589307082135105,0.6629870140006595,0.8771633523278598,0.6960319943713075,0.8124106665307927,0.7994357720519093
2011-03-04,0.44374996856662,0.9232011660128759,0.135532637503526,0.6616873213955459,0.8809067417687242,0.706480813753455,0.8160909955561736,0.8052863818521148
2011-03-07,0.4424887500075595,0.9243749494607734,0.13368277519258304,0.664900631614371,0.8784030437175243,0.7143667727531171,0.8123523165282588,0.8067678419004358
2011-03-08,0.4476479003779389,0.9279757785345896,0.13341580240538414,0.6653549452213536,0.888644690286528,0.7117977979655572,0.817949506673764,0.808648601727406
2011-03-09,0.4509909799239398,0.9333456023757652,0.13330296346118914,0.6640437412820279,0.8952811782165531,0.7154544444344545,0.8171197493144577,0.8044646344815618
2011-03-10,0.44082672574812803,0.9210300053173253,0.1325456257579059,0.662524476080025,0.8751036893990427,0.7075639601953353,0.8098570114419853,0.7986718942144939
2011-03-11,0.4342708749832699,0.9154934153467803,0.13156670426200556,0.6622905890188255,0.8620893940843914,0.7057543617030945,0.8061750474886513,0.7955035372752136
2011-03-14,0.43198566107098274,0.9124911299464841,0.1305148174885145,0.6628925387879108,0.8575529197535428,0.7081327285358986,0.8058456068478813,0.7979514185269315
2011-03-15,0.4231618058055235,0.8990227403249951,0.12720181928322524,0.6575264532457253,0.8400363132355919,0.7010567713890115,0.7954085292601573,0.7952865265259478
2011-03-16,0.4237606834126669,0.89647685835288,0.12869723292197902,0.6492122119829046,0.8412251703826269,0.6993751998003228,0.7922108295360115,0.7853445407329182
2011-03-17,0.43055905174801606,0.9107568212547058,0.12996935025784603,0.6541946198016314,0.8547208975349703,0.7158764029894285,0.801019266710782,0.7978877620404803
2011-03-18,0.43492791282110804,0.9163894643761642,0.12811330532370585,0.6551338483845629,0.8633937075535695,0.7208755346913129,0.8010436157985583,0.8042968128354631
2011-03-21,0.44520865296247714,0.9297247426867867,0.12925661759882795,0.6600343803435726,0.8838024375646562,0.7247074339141857,0.8119563611891267,0.8080236107695208
2011-03-22,0.4432319391565674,0.92375140579574,0.1286520983123428,0.6513974589558144,0.87987837978095,0.7177118811222503,0.8052709352900608,0.8009461668667994
2011-03-23,0.4448251862704448,0.9261444318819558,0.13026156491997382,0.6523252756882173,0.883041201692694,0.7206879963766969,0.8079663941054956,0.801192112382634
2011-03-24,0.45155393506169067,0.9315056630791677,0.1326887433973416,0.6540823223483295,0.8963987241574797,0.7194869183708157,0.814144992065407,0.804959418989888
2011-03-25,0.4521410369388202,0.9397433630260882,0.1331332442504387,0.6546273648474299,0.8975642048071776,0.7279537636541372,0.8214830983634468,0.8141925030019826
2011-03-28,0.4542491353323068,0.9448901511103536,0.12961466162544796,0.6602729662154128,0.9017490796661723,0.7301533046967966,0.8241375435712401,0.818396724584425
2011-03-29,0.4538941568258304,0.9453628312108278,0.1302692452650762,0.6655141798465541,0.901044396890536,0.7348851983074847,0.8275095635324515,0.8148232809131818
2011-03-30,0.4534134182560719,0.9516010609824259,0.131630310440411,0.6692652068336916,0.9000900625195467,0.7401162479033095,0.8309967167127685,0.8120339694159522
2011-03-31,0.4540781538200056,0.9556232836977967,0.1320974615945836,0.6729052277870037,0.9014096570688243,0.7438957128283489,0.8346658119020326,0.8150808003356438
2011-04-01,0.4591051213859262,0.9695492620935146,0.13310763610828152,0.6735927186599042,0.9113889019886069,0.7615150198315795,0.8431435910384754,0.8325226776232987
2011-04-04,0.4631159671527008,0.9753031670348166,0.13380806342122276,0.6699680823979043,0.9193510007523747,0.7673783438470416,0.8459202676713227,0.8342905918606507
2011-04-05,0.4670626995671756,0.9791369717077372,0.13509400151552806,0.6727042827444724,0.9271858254017111,0.7703068279936071,0.8494591379020734,0.8345944069096228
2011-04-06,0.48578220825867874,0.997326906205384,0.13820610041590756,0.6737511605476515,0.9643467100823546,0.7847691428473623,0.8611021174606037,0.8472649411900876
2011-04-07,0.49623613111987036,1.002281981108614,0.1416141651120704,0.675803792641089,0.9850992324004973,0.7843591674900325,0.8670753888394708,0.8474848454160101
2011-04-08,0.4942597618384077,0.9962154322084357,0.14051943572765027,0.6640491399115644,0.9811758585467735,0.7765123578636385,0.8573626970892075,0.8401296277542286
2011-04-11,0.4946688652000523,1.000563858867287,0.1388881822979933,0.66407223030422,0.9819879868507305,0.783198070548235,0.8596058317209722,0.841532963932814
2011-04-12,0.4867462530447775,0.9927052216285996,0.13920418557913325,0.6656751841797307,0.9662604759676449,0.7741995275450659,0.8513795331954366,0.8364520189233379
2011-04-13,0.4988330436847018,1.0068456624011322,0.12654882480204355,0.6691480440587383,0.990254472847124,0.7834369086677186,0.8464336968448836,0.8459947049377184
2011-04-14,0.49588118008875076,0.9991659091639702,0.12625848177125057,0.6666828873124923,0.9843946041673484,0.777526030114889,0.8409680060470902,0.8410902620043117
2011-04-15,0.49375202498275717,0.9984611523665089,0.12669415028665848,0.6707566216678553,0.9801679287419968,0.7769433369567418,0.8395546077471725,0.8440879038208364
2011-04-18,0.4849278493431112,0.9832391583799396,0.12334740230894514,0.6639943231303285,0.9626506862357621,0.7702760027009088,0.8248452918618876,0.8312090392210765
2011-04-19,0.4904245497469835,0.9903763376620321,0.12358411780242927,0.661088673564034,0.9735624175850502,0.7731700119610336,0.829632326746018,0.8356620997960104
2011-04-20,0.5008404163021227,1.002485018046154,0.12429501549368756,0.6618998339188991,0.9942393927281099,0.7806115025020843,0.8373772967521299,0.8465820806990644
2011-04-21,0.5001259667167772,1.0008304268206825,0.12193846736500501,0.6637954601206227,0.9928211087822705,0.7772754256937641,0.833637054983081,0.8414287987731662
2011-04-26,0.5039603578342134,1.0064527179675062,0.12125794932559616,0.6697314365155482,1.000432919993972,0.7801419261236401,0.8363983051351832,0.8469321913745465
2011-04-27,0.5024166909592713,1.0019499148353976,0.1207359203885876,0.6692595524235436,0.9973685219015643,0.7726507069366355,0.8347861293445858,0.8441255190173758
2011-04-28,0.5017750093774999,1.002340621103741,0.12088503656773793,0.6745184142822798,0.996094692782709,0.7657864115636294,0.8349545584888703,0.8485467513490839
2011-04-29,0.5040429527477231,0.9993735506053999,0.12114309414530657,0.6724275253052708,1.0005968826335225,0.7565929989889115,0.8325993222643129,0.8429073653448306
2011-05-02,0.5054581450277026,1.0001366517361578,0.12182140998749892,0.6682057206230747,1.003406240399473,0.7556169185034022,0.8343140882962411,0.8448402077516244
2011-05-04,0.4993109094471132,0.9866544481754574,0.12025227052558794,0.6595680960457685,0.9912031042873207,0.7366326139115674,0.8243836057477658,0.832869894822124
2011-05-05,0.4938963091715356,0.9811047095019476,0.11903604636077753,0.6552053472485503,0.9804543533586252,0.7321206756190827,0.818561170006093,0.8272189349112431
2011-05-06,0.4889850603616532,0.979258787647147,0.11767253384057912,0.6558838101467795,0.9707048266125077,0.7363273191277176,0.812308691648026,0.8296147335831373
2011-05-09,0.4859042778842144,0.9685967950237494,0.11592933942437322,0.6445526132860677,0.9645890356343922,0.7291796052317657,0.8022247437551303,0.8204424125808369
2011-05-10,0.48907308272621197,0.976813770917705,0.11868019433074463,0.6441322777438355,0.9708795635135979,0.7381762136132998,0.8079678782356338,0.8302310441110522
2011-05-11,0.48302622517353394,0.966382660507609,0.11644867306067423,0.6371199303995168,0.9588756920499553,0.7341958917763052,0.8001218409444043,0.8266749612997503
2011-05-12,0.4701655823343269,0.9563673226604852,0.11412636578021411,0.6363421399086994,0.9333454885952225,0.7204976079636594,0.7903551085189927,0.8188047047930446
2011-05-13,0.48225915186888924,0.9620978825281737,0.11311455678973545,0.63584292245386,0.9573529425437975,0.7260705383197886,0.7880743672037558,0.8167040407401519
2011-05-16,0.47590249454518196,0.9616566731672184,0.11519780755515459,0.6389433603331948,0.9447340745140039,0.7305613167812441,0.7897675993747151,0.8234660956872736
2011-05-17,0.4633008995856409,0.9470087329218488,0.11305124046413617,0.6310194669313313,0.9197181179095317,0.7225545488787365,0.7759574576326873,0.8118140651900296
2011-05-18,0.46943828511588187,0.9538709374174118,0.11443009261234612,0.6281492884834821,0.9319017002721103,0.7342042287637285,0.781230576065143,0.8171843578651935
2011-05-19,0.48069672019261334,0.9609593097398393,0.11785091201146226,0.6401753168369554,0.9542512936543784,0.7329325594707964,0.7907935374522884,0.8163828648312386
2011-05-20,0.4752817260061597,0.959000112999894,0.11744275160422152,0.6420629965290513,0.9435017607566216,0.7331188881431062,0.7885213078992146,0.8186889657267696
2011-05-23,0.4620635857398944,0.948611409593988,0.11271402903707942,0.6371821901284405,0.9172618741109742,0.7235923654900118,0.7772686409450745,0.8150055699425651
2011-05-24,0.4644712625513924,0.951146475584225,0.11455460868640623,0.6356199054495432,0.9220414546979876,0.7226961089345963,0.7822533599616514,0.8171207013787424
2011-05-25,0.47144272337551524,0.9556594554334605,0.11513442075723074,0.6382373600314425,0.9358807950359336,0.7245934818026162,0.7877994391124193,0.8257114335730102
2011-05-26,0.4764787671312184,0.9597441840319457,0.11612069886618574,0.640677826636892,0.9458780574821058,0.729527645665029,0.7941234301399345,0.8263479984375233
2011-05-27,0.48193134844408647,0.9654675962060026,0.11634879443022732,0.6402298006545627,0.9567022061666968,0.7373573795660335,0.7991481830121568,0.8294526988903523
2011-05-30,0.4752748947435463,0.9653114068793933,0.11446252326042276,0.64208991680927,0.9434881997296531,0.7388709806089699,0.7970618783919531,0.8307923785824864
2011-05-31,0.48405177960197027,0.9754528856715738,0.11548007625358474,0.641403352967063,0.9609115633154306,0.7420106327005204,0.8092745685612371,0.8401527755674838
2011-06-01,0.47972301914253923,0.9690449470300405,0.11567553080135096,0.642800821479333,0.952318358713001,0.7387315810813184,0.804437291831495,0.8395740802361084
2011-06-02,0.4783014266510225,0.9679354614842484,0.11568578701814551,0.6321974847414903,0.9494962956177179,0.7382021369182898,0.7984346353973912,0.8379653072148847
2011-06-03,0.47616526831871114,0.95894253381502,0.11511285106964168,0.6264761098767715,0.9452557177930098,0.7323267267235758,0.7916237166764338,0.8344265852635241
2011-06-06,0.47155717803426306,0.9494273409516336,0.1132787116613323,0.6231502104421481,0.9361080037968569,0.7274158027948529,0.7849931586188377,0.8301326659047185
2011-06-07,0.4767459738833069,0.9562999735240905,0.11285662477596567,0.6236533102793428,0.9464085008534512,0.7297207019919586,0.7879228142741561,0.8379132246350609
2011-06-08,0.47641710908993945,0.9556244710195175,0.1118824706959444,0.623057896266053,0.9457556575089354,0.7280636310616538,0.7875453433017449,0.8345278569465149
2011-06-09,0.4736173694071502,0.9507292937814059,0.11196027459098479,0.6200910409950883,0.9401977764126662,0.7211740303798369,0.7886926887605067,0.8309167980787323
2011-06-10,0.47491965168780054,0.9509876591200167,0.11200080415343629,0.6190016499450367,0.9427829917861262,0.7204712941408952,0.7863929334229586,0.8252658381678514
2011-06-13,0.47305788413091554,0.9482928700517933,0.11152418712641386,0.6189746618352473,0.9390871186398951,0.7187691944784966,0.7855214971597316,0.8270974088916545
2011-06-14,0.48001370479760264,0.9515543396299249,0.11285656371219983,0.6132519937568683,0.9528954110429604,0.7136968288953524,0.7899250209079969,0.8330521838515076
2011-06-15,0.4782331766462013,0.9473794622540195,0.11167400471045244,0.6058982756720447,0.9493608096602384,0.7025899769800537,0.7817202498309439,0.8294498054136956
2011-06-16,0.47592723071403914,0.9467031066401554,0.11188997870504441,0.6105744710834372,0.9447831793240441,0.7052386514978418,0.7795920081268343,0.8286367384731131
2011-06-17,0.47704868059760697,0.9538093514829482,0.11194275654942289,0.6123327772245306,0.9470094166941148,0.709828472610478,0.787346730227924,0.8333588923771366
2011-06-20,0.46829220714587516,0.9402813486692255,0.10913469220347939,0.6010833520736356,0.9296265726509577,0.6985315531815172,0.7746351755077572,0.8183099202847188
2011-06-21,0.4670083145632848,0.9419398529267994,0.10966325046098087,0.6004864221828647,0.9270778634412107,0.700653525367853,0.7709082592239543,0.8209343036125064
2011-06-22,0.4620805558655989,0.9333815725491473,0.1098256107835583,0.6021083738649433,0.9172955622218489,0.6939658491635429,0.7689850557805666,0.8124130148580033
2011-06-24,0.46304336195387524,0.9294813084095479,0.10924670444131593,0.6004573001963278,0.9192068691159503,0.6895314672681652,0.7665654209698465,0.8106335267140241
2011-06-27,0.4538867567061093,0.9150371362889055,0.10659510127731905,0.599062480292205,0.9010297066013777,0.6780630031150201,0.7550040308209162,0.8067533745171518
2011-06-28,0.450908316059199,0.9096737492333496,0.10627936147257835,0.6002961850938411,0.8951170786990111,0.6742276418614666,0.7520776973535656,0.8052053645057226
2011-06-29,0.4566339166272656,0.9194403125109861,0.1087359944538553,0.6037467227704639,0.9064832093995421,0.6857033996076785,0.7609802632649204,0.8136601032971174
2011-06-30,0.46078205019614954,0.9265193066647964,0.10996349319910688,0.6065813497816495,0.9147178439582562,0.690709512367891,0.7654936555677369,0.8107550527336127
2011-07-01,0.46014369095433477,0.9289030141824032,0.10841253811043648,0.6094458865920819,0.9134506101562991,0.6888789840473541,0.7657940095190725,0.8140362552625111
2011-07-04,0.45605219051273976,0.9209128342764101,0.10671376586895157,0.606072457093875,0.9053284004024754,0.6867271872382098,0.7647800078043276,0.8113742567381842
2011-07-05,0.45645198248886926,0.9242055942074715,0.10749932601752243,0.6070581983083648,0.9061220442830938,0.694009124295999,0.768927657043971,0.8141028052256193
2011-07-06,0.4500690139102999,0.9148515878247744,0.10556107213165607,0.6090655603599081,0.8934509446737301,0.6860435959502604,0.7609157980190164,0.807965741236383
2011-07-07,0.45803275485222694,0.9333637640963593,0.10834984629796517,0.6220599983669424,0.9092601020424701,0.6965384047796163,0.774149526367801,0.8159835650525893
2011-07-08,0.4553998613700284,0.9294712187441855,0.1085839312837891,0.6151648158359799,0.9040334343622008,0.6940464441065934,0.7693420893847924,0.8083274258184925
2011-07-11,0.4470057346501826,0.9144746833151077,0.10537189534351836,0.6048543386900207,0.8873699000690981,0.6753091256700048,0.7529148957216992,0.7938079599542834
2011-07-12,0.44339652553927955,0.9095781829965012,0.10595551152516454,0.6032746607164288,0.8802051071373544,0.6673570976686259,0.7501721615158189,0.7913079961227417
2011-07-13,0.4433260327586527,0.9117018288962423,0.1087311724704608,0.6096053777051126,0.8800651689512159,0.672635727704399,0.7553003515347996,0.7993605416588305
2011-07-14,0.4376130166380035,0.9009586184262649,0.10691524969916111,0.6032749278851052,0.8687240201669818,0.6601685724211701,0.7468630117890748,0.7934838905687132
2011-07-15,0.4371776209119226,0.8997104727854802,0.1068031215778555,0.6036050448477782,0.867859697783634,0.6537346386453535,0.7439881331502252,0.7950116462435441
2011-07-18,0.4211886790079249,0.8762014590821958,0.1038015779587942,0.5866493770009463,0.8361193761730749,0.6339308830106419,0.7252396825886448,0.7741988686506275
2011-07-19,0.4173682438433744,0.870021634064293,0.10214357346816114,0.5912212569380614,0.8285352695109071,0.6258278817029099,0.7152330785295921,0.7756600743623503
2011-07-20,0.41562073360787555,0.8723332105777998,0.10169486629478701,0.5966058129779285,0.825066213382896,0.6296049316594146,0.7209611675507641,0.7792624528001624
2011-07-21,0.42080089190228154,0.8850022186725559,0.10317291242500239,0.6067022469084686,0.8353495636661903,0.6479329952756194,0.7281918872499891,0.7897628795879692
2011-07-22,0.42518295698851044,0.8927770349474369,0.1044209897254625,0.6062356907309143,0.844048585527076,0.655188448375051,0.7351590788455031,0.7938137469075971
2011-07-25,0.4233670318295777,0.8884195843554995,0.10448045086397525,0.6025753407266927,0.8404437160547052,0.651327974546323,0.7331134525925079,0.7911922570564665
2011-07-26,0.42490840954969045,0.887572286741443,0.104772149879217,0.5961569928914665,0.8435035698495018,0.6432431727172069,0.7307006514089645,0.7871818984100348
2011-07-27,0.41999072075164157,0.8729966206952119,0.10388033362731769,0.5885051348607793,0.8337412588117908,0.627362759260191,0.7205458462832582,0.778116636044039
2011-07-28,0.42738165751796353,0.8823658618993381,0.10497826422475012,0.5942199399799181,0.8484133184999751,0.6322197464488731,0.7253100533566326,0.7872368744665156
2011-07-29,0.4268662988003341,0.8856050806956239,0.10495109988457173,0.6008582790537184,0.8473902582161503,0.6286906903142756,0.7259213459935601,0.7888514344410529
2011-08-01,0.420623499123008,0.8732973322389304,0.10305098961167884,0.5895735059061246,0.8358510032018143,0.6191104160563166,0.718296674511785,0.7818839426512929
2011-08-02,0.4165505208602338,0.8618157093939446,0.09877410345905557,0.5856472716656353,0.8358510032018143,0.6119510729291397,0.7062870795223428,0.7713950897701135
2011-08-03,0.40095898906992855,0.8391477088072792,0.09400000295483023,0.5692962685778228,0.8358510032018143,0.5859049666083542,0.67644347289346,0.7462710319584499
2011-08-04,0.37584313463140234,0.8070652644642536,0.09008084744245129,0.5553979158247183,0.8358510032018143,0.5672155880958364,0.6504444120463246,0.7197986140246816
2011-08-05,0.372044418312036,0.786769338503503,0.08800027258620585,0.5473110156467017,0.8358510032018143,0.5578962928615737,0.6345574848117114,0.708094500947614
2011-08-08,0.3564299232796841,0.7550104001967505,0.08190926678230107,0.5168259251507914,0.8358510032018143,0.5336950887364976,0.6069369804981521,0.6915438144702771
2011-08-09,0.3454098925001025,0.7288796838970595,0.07836110561721986,0.4943657410688115,0.8358510032018143,0.5131595884611617,0.5795037271918032,0.6694000376151968
2011-08-10,0.3216814710889133,0.6942588045999123,0.07650646147315363,0.468997468209684,0.8358510032018143,0.4776405441621564,0.5505536146544967,0.6348490328554278
2011-08-11,0.33015575609584474,0.7242647400167356,0.07893059407486556,0.4943160157303079,0.8358510032018143,0.5063322154047458,0.5712502196281897,0.663584149534874
2011-08-12,0.34327767945654103,0.7299351213493496,0.08143495107050659,0.5043396821034166,0.8358510032018143,0.5190860156756454,0.5883643882913498,0.67462276298086
2011-08-16,0.35293068072804035,0.7375913463262787,0.08318814763984494,0.5104659331033509,0.8358510032018143,0.5263322711879408,0.5994657789173881,0.690814658352744
2011-08-17,0.36091021652692484,0.7586006685074903,0.08540271678457036,0.5204773895087903,0.8358510032018143,0.5448398668030697,0.6079624454659098,0.6907596822962635
2011-08-18,0.33841829876017543,0.7415011425886461,0.07986569229438634,0.4984194567384879,0.8358510032018143,0.5098338104119708,0.5671859505070438,0.6506011197754666
2011-08-19,0.33847183170930173,0.7336083256449345,0.07967541679018562,0.4923958128909367,0.8358510032018143,0.5047387683669025,0.5686857982075174,0.6517266821949919
2011-08-22,0.3496172222670333,0.7481368590237503,0.08018459180800758,0.4973069971511394,0.8358510032018143,0.5251775877650877,0.5780052320343635,0.6668277368672333
2011-08-23,0.349228174078964,0.7508267143029893,0.08049938339121752,0.5026983366419082,0.8358510032018143,0.5278975177693495,0.5782413832511145,0.6652276442759801
2011-08-24,0.3471755828883579,0.7518194060059344,0.08048277345668267,0.5055241455512839,0.8358510032018143,0.5255524419476933,0.5753943854128811,0.665982841683425
2011-08-25,0.3425061681960968,0.7591909451192937,0.08096409754891024,0.512761568446799,0.8358510032018143,0.5197609903726468,0.5736154508241822,0.6696459831310314
2011-08-26,0.3440356901838586,0.767992372119972,0.08113872479558022,0.5168405858813425,0.8358510032018143,0.5286404056998406,0.5766560508165472,0.6693479550353731
2011-08-29,0.3486011015381743,0.7788232514041631,0.0819440826160796,0.5183902087409289,0.8358510032018143,0.535115924372695,0.5893824107804588,0.6806643422404193
2011-08-30,0.35619295170550525,0.8033361362967057,0.08265543081236251,0.5262212309884037,0.8358510032018143,0.5439392818748744,0.6010433549440869,0.6918736708091611
2011-08-31,0.366276492496756,0.8120027503021501,0.08355249169901312,0.5471388094204732,0.8358510032018143,0.5590889561327556,0.6137625855680856,0.7091766612172858
2011-09-01,0.3581211135240175,0.7866681633438714,0.08139109948721103,0.5337991940392468,0.8358510032018143,0.5425782151358735,0.5995363049941043,0.6986704474761651
2011-09-02,0.3451397846850664,0.7847063973504952,0.07925560954327283,0.5278793400277103,0.8358510032018143,0.5313641883226897,0.5807937306423545,0.6827881541065669
2011-09-05,0.3346348485898184,0.7847063973504952,0.07486776631064669,0.5164561049082694,0.8358510032018143,0.5159300005241707,0.5565782629344391,0.658705747891379
2011-09-06,0.3373487188937603,0.7886299293372476,0.07481858977952373,0.5103317175961081,0.8358510032018143,0.5172043070400046,0.5555280432606121,0.6626293022381042
2011-09-07,0.34584301131555073,0.7788210993703665,0.07728100195188477,0.5211504507135617,0.8358510032018143,0.5274941872693707,0.5699795622215187,0.6856816307634438
2011-09-08,0.34897269988485474,0.7807828653637426,0.07708012659197007,0.5254854340809316,0.8358510032018143,0.5318350992511958,0.5673979965528466,0.6845792161571737
2011-09-09,0.3401986088612162,0.7650887374167328,0.07376630386254042,0.5030956370407988,0.8358510032018143,0.5126513546544432,0.5426988309444378,0.6506676697385743
2011-09-12,0.3260130593188358,0.7729358013902377,0.0684787243664916,0.48847208109217355,0.8358510032018143,0.49609855957979543,0.5164284807167909,0.6313218848106943
2011-09-13,0.3265475497560072,0.7650887374167327,0.06768733024550744,0.494132368584232,0.8358510032018143,0.500159973638609,0.5142436962927274,0.635375645606979
2011-09-14,0.3279653190883955,0.7650887374167327,0.0651744009503455,0.498072123293603,0.8358510032018143,0.5053537277912022,0.5120384084934657,0.6395104237496564
2011-09-15,0.3351140951717616,0.7670505034101089,0.06799865521649646,0.5075615198499953,0.8358510032018143,0.5129834572450012,0.5269602785488909,0.6608671749540661
2011-09-16,0.33934600129819964,0.7847063973504951,0.07112978021262997,0.5117905481122353,0.8358510032018143,0.5154369938749886,0.5389765230708001,0.6650713965365086
2011-09-19,0.34078948332816433,0.7964769933107524,0.06810321516101292,0.5007027958905271,0.8358510032018143,0.5062110070053969,0.5307955263098817,0.6550020977705764
2011-09-20,0.345032284750884,0.7847063973504951,0.07140436051207476,0.5010741128649444,0.8358510032018143,0.5102039277729669,0.5452327206691963,0.6611420552364696
2011-09-21,0.34978994534309227,0.8121711212577624,0.0711265044851361,0.5126989492035092,0.8358510032018143,0.5194303479768769,0.54903881916851,0.6622734046093085
2011-09-22,0.32782830966387955,0.7945152273173762,0.06746504196224887,0.48427523457680927,0.8358510032018143,0.48936417699024126,0.5173499255321684,0.6141548878054429
2011-09-23,0.3198337214634797,0.7886299293372475,0.06808610453960116,0.47328776832192637,0.8358510032018143,0.4792217771325612,0.5098153178429627,0.6079859955729809
2011-09-26,0.3164945623404657,0.7847063973504952,0.06788810859915716,0.4680789675828121,0.8358510032018143,0.4754731558858634,0.5124840763853286,0.612033969415952
2011-09-27,0.3242555673119504,0.7925534613240002,0.07146369378971522,0.488414833272517,0.8358510032018143,0.49278277101002893,0.5262692022242399,0.6375226052863822
2011-09-28,0.3246744467375505,0.7945152273173764,0.07199511749542008,0.4891024604479872,0.8358510032018143,0.48787035144161345,0.5233851622378318,0.6312379739876453
2011-09-29,0.3274058839614906,0.7847063973504953,0.07294485161814876,0.49526195599347544,0.8358510032018143,0.493294976947174,0.5343478130355229,0.6333039163206555
2011-09-30,0.32539120177725434,0.7945152273173764,0.07240385801960537,0.4938142503450681,0.8358510032018143,0.490140470286791,0.5315456802924909,0.6333039163206555
2011-10-03,0.31341428360550244,0.7783747976068736,0.07051062990190236,0.48207772095599927,0.8358510032018143,0.472308218421119,0.5231174892161267,0.6211021252586049
2011-10-04,0.3039658444516793,0.7524165360847683,0.07054886352311787,0.47439101428210523,0.8358510032018143,0.4613317767781626,0.5128623860136552,0.6046903256607982
2011-10-05,0.3094991554110191,0.7701055656926127,0.07299995384616448,0.4783594619966032,0.8358510032018143,0.46336008317548766,0.5256109305674189,0.6206131277035926
2011-10-06,0.31564430708881097,0.7764239835777836,0.07320478114505259,0.4852702917694026,0.8358510032018143,0.4620143307638511,0.5302059584810264,0.6288306014091234
2011-10-07,0.32039119081643935,0.7720724247993922,0.07508659999013373,0.4828505988955569,0.8358510032018143,0.46355438089827833,0.5344545118419309,0.6337726595390695
2011-10-10,0.325482311879572,0.7773993905923285,0.07836471666904696,0.49148647971305404,0.8358510032018143,0.47486817205583115,0.5536082611962453,0.6555431779054126
2011-10-11,0.3205689373629464,0.7574092294258387,0.07900548249399135,0.4895529064786378,0.8358510032018143,0.4723420759696948,0.5575699613245988,0.6544668045890543
2011-10-12,0.326746658896782,0.7485229305654333,0.08182981721607821,0.49608927665138486,0.8358510032018143,0.489325404470298,0.572462605540818,0.6703172697154269
2011-10-13,0.320102475722087,0.7383784301962043,0.08144009921370331,0.4903716200826845,0.8358510032018143,0.48971014620297826,0.5652560227000181,0.6575194224620596
2011-10-14,0.3234778718707369,0.7453974831404863,0.08224697302059059,0.49134975459678254,0.8358510032018143,0.4925921110686969,0.569857589223626,0.6656877070644236
2011-10-17,0.32329111604246097,0.7528744893438247,0.08102455967385243,0.4921367344245851,0.8358510032018143,0.48778781853289926,0.5667860886485627,0.6614227224721867
2011-10-18,0.3212713404637387,0.7498486551095338,0.08113919235847515,0.49183955417602765,0.8358510032018143,0.4862766707038738,0.5678353020970601,0.6621518785897197
2011-10-19,0.31916212921511344,0.7443545530906645,0.08148347940722427,0.49402843982625333,0.8358510032018143,0.4897871330843446,0.5701574992824615,0.6641165492397393
2011-10-20,0.31098785483722796,0.7274978618879664,0.0800029850701507,0.489169002062646,0.8358510032018143,0.4808394124101852,0.5564276925118369,0.6429565544479974
2011-10-21,0.3189316436626271,0.7532488744899147,0.08191398797805191,0.5005155952975211,0.8358510032018143,0.4917639353010538,0.573569684774674,0.667067895429754
2011-10-24,0.3310431497175327,0.7922537898083494,0.0832170566036732,0.5118395921397767,0.8358510032018143,0.5060778465256143,0.5875833715948916,0.6859507240925338
2011-10-25,0.3283089954188584,0.7980306863214974,0.08240453982921755,0.5102841435731879,0.8358510032018143,0.5024780608987718,0.5806140844148189,0.6798831035430626
2011-10-26,0.32850223256028205,0.782292470742743,0.08232885066422853,0.506149897000064,0.8358510032018143,0.500964531989102,0.5780288003593288,0.6771516615789707
2011-10-27,0.335329271167963,0.7846016248402332,0.08499118144963722,0.5153124490990215,0.8358510032018143,0.5080743380085091,0.5935324943725468,0.6986646605228517
2011-10-28,0.3395017863927562,0.8062918956969135,0.08495012239396098,0.5180609800368453,0.8358510032018143,0.5100822302026163,0.5970164842947971,0.6971253309413932
2011-10-31,0.3357141609895426,0.8113681571509505,0.08195054055353278,0.511082154894551,0.8358510032018143,0.5032438695371092,0.5903088551094178,0.686208243514996
2011-11-02,0.3309328011604156,0.8009189762656714,0.07999874756955018,0.5027721569864023,0.8358510032018143,0.4941676017801061,0.5803310958421715,0.6816105091072182
2011-11-03,0.3364538551824187,0.8458917137342169,0.07932202796943301,0.5124863740769658,0.8358510032018143,0.505356814363046,0.5863220099918647,0.6936676263364249
2011-11-04,0.33817629677585836,0.8231526891714691,0.0794995071437001,0.5062451690799536,0.8358510032018143,0.504044673786823,0.582373165026421,0.6836475166736595
2011-11-07,0.33935641064290145,0.8211314425436693,0.07823695117862356,0.5095317406469361,0.8358510032018143,0.5090924581975855,0.5834607115393948,0.6891277614617848
2011-11-08,0.338678281906692,0.8438704671064171,0.07858628354318041,0.5077073936172639,0.8358510032018143,0.5057917218533642,0.5858008661831685,0.6936444785231699
2011-11-09,0.3332788989965967,0.8165836376311199,0.07606350761898743,0.5006954619350029,0.8358510032018143,0.5027005236156223,0.5719966412422259,0.670033709003053
2011-11-10,0.3308255800244463,0.804456157864321,0.07428114926302712,0.4967715376968434,0.8358510032018143,0.49974447240013736,0.564940294094997,0.6621547720663767
2011-11-14,0.3310283383161614,0.8165836376311197,0.07405300776021254,0.5021315401101517,0.8358510032018143,0.502760097085179,0.5711059065202029,0.6696517700843452
2011-11-15,0.3328857198262876,0.8226473775145191,0.07239054540009945,0.49876460834315334,0.8358510032018143,0.49912137480053365,0.5649840525777917,0.6661564502828377
2011-11-16,0.3360530848147945,0.8408385971647173,0.07370896378366333,0.5021744654404803,0.8358510032018143,0.49948926390658877,0.5699610251229307,0.6746111890742325
2011-11-17,0.3317211803463616,0.8241633124853689,0.0737822309090987,0.49687656965073024,0.8358510032018143,0.4887233035992836,0.5610626973724485,0.6635783625815602
2011-11-18,0.3235328443901579,0.8277004940840186,0.07411849188103317,0.49595451215201175,0.8358510032018143,0.4872370061620173,0.5545922782707533,0.6481040494205816
2011-11-21,0.3112853133585857,0.793339301411422,0.07071121035370966,0.48333560322116886,0.8358510032018143,0.4708618275878461,0.5357318913939515,0.6313971152037734
2011-11-22,0.31290214092639007,0.802434911236521,0.07148156090300987,0.48032591303900163,0.8358510032018143,0.47071812063790863,0.5359151985619005,0.6318861127587856
2011-11-23,0.31052221537940544,0.7983924179809213,0.0697992753248392,0.4762592778746863,0.8358510032018143,0.4689048354528131,0.525451101067847,0.6209805992390159
2011-11-24,0.31139603134145954,0.8049614695212707,0.06953397189215128,0.47667000612970145,0.8358510032018143,0.46623474143644833,0.5267115575200795,0.6264029744940037
2011-11-25,0.31276074590741576,0.8180995726019695,0.07038971520975229,0.4774232713745537,0.8358510032018143,0.46682063943515817,0.5291855048982235,0.626090479015061
2011-11-28,0.3169035345245057,0.8332589223104679,0.07162008867467341,0.4835408235439328,0.8358510032018143,0.471347827708978,0.5401940849274126,0.6400138886879535
2011-11-29,0.3137043285583466,0.8357854805952177,0.0701355424781602,0.47981989452776064,0.8358510032018143,0.4702714638239167,0.5333852438935026,0.6315099607933918
2011-11-30,0.3304186998746625,0.884295399662413,0.0721487037858888,0.4996275514095926,0.8358510032018143,0.4884521242866825,0.557294497188394,0.6620477134300724
2011-12-01,0.3275843742465592,0.8713046791483247,0.07223522004573694,0.4898039369243334,0.8358510032018143,0.4821448339362219,0.5535145248124957,0.6553811432126276
2011-12-02,0.32915843566108566,0.8730995096927947,0.07196368860430338,0.496229659323419,0.8358510032018143,0.486815190247817,0.5527129118125937,0.6533180943562743
2011-12-05,0.32779307046380834,0.8583792791252086,0.07281225045957852,0.49742975414940604,0.8358510032018143,0.4881905659437638,0.5569230077223248,0.6632224649527646
2011-12-06,0.3228466371828761,0.854919242869236,0.07024909311803557,0.4948530925014885,0.8358510032018143,0.4828794442346808,0.547654044418318,0.6487521881917223
2011-12-07,0.3274142340389229,0.865595239057105,0.07132322231208335,0.4965209075208881,0.8358510032018143,0.48535447362020323,0.5529382127731026,0.6520652189638466
2011-12-08,0.32496698644425204,0.8451252186028453,0.07112579837230934,0.491920858721899,0.8358510032018143,0.48187658994252575,0.5470424376734676,0.6399878473980416
2011-12-09,0.3266624422288966,0.865444234201847,0.07140925898754448,0.4951118857256626,0.8358510032018143,0.48664217941156157,0.5500004527662083,0.6443425297666416
2011-12-12,0.3204573037387182,0.8504011445565001,0.06944114950038494,0.48926074056312124,0.8358510032018143,0.4800348235844194,0.5390938928091026,0.6292675163843121
2011-12-13,0.3253260937664709,0.8651648164218869,0.06973225031461026,0.48690523465445223,0.8358510032018143,0.4803113160342677,0.5420581172276505,0.6329769534584285
2011-12-14,0.32603412892893174,0.8863918150280503,0.06844525123881484,0.48653330977525194,0.8358510032018143,0.4843090623578098,0.5404782365901794,0.6290244643451345
2011-12-15,0.32025107102777206,0.8827410760350755,0.0678493021786323,0.4863644422563344,0.8358510032018143,0.4842172373427827,0.5393251766371093,0.6253728968041556
2011-12-16,0.31316184960583127,0.8698879214149261,0.06726115987218599,0.4787088727870325,0.8358510032018143,0.47792871760665406,0.5300482736630373,0.6122683410251594
2011-12-19,0.3128054169178045,0.8741724356874145,0.06653237628270149,0.4714081254169888,0.8358510032018143,0.47129222751549704,0.5233526221312771,0.6094356273780765
2011-12-20,0.3153750661931877,0.8643766013598824,0.06695957509647485,0.47647226006505194,0.8358510032018143,0.47617736597652377,0.5300465234134898,0.6183214941913461
2011-12-21,0.32361124588685947,0.8561568155731525,0.06896204575952364,0.4809472629908538,0.8358510032018143,0.48363933451681557,0.5418331441137649,0.6239579867189426
2011-12-22,0.3246170661436908,0.8554379228171566,0.06845684178336878,0.475562423327704,0.8358510032018143,0.47743468212081946,0.5402567367181895,0.6216374184401272
2011-12-23,0.3281669450135259,0.8642857901531741,0.06989175432121791,0.4781265353440462,0.8358510032018143,0.4802153565431765,0.5452356946914562,0.6275458977734703
2011-12-27,0.3270424437648918,0.8641409906888241,0.06927086137629326,0.47948817308683434,0.8358510032018143,0.48125734027681405,0.545591484757938,0.6288537492223787
2011-12-28,0.3253188794720894,0.8613603782570274,0.06873109388927849,0.4784277036395364,0.8358510032018143,0.48003493422511906,0.5434649350869877,0.621527466327166
2011-12-29,0.32595297717417915,0.8664805122668978,0.06921162150961219,0.479711470397247,0.8358510032018143,0.48082460434418106,0.547503300959734,0.6257490487695496
2011-12-30,0.32492617227125414,0.8626555333932102,0.06889881964988251,0.47805681102705716,0.8358510032018143,0.47837848176903824,0.5459148881029583,0.6205002821139747
2012-01-02,0.3286035779787288,0.8564679838605621,0.06963508150642563,0.48133557181762193,0.8358510032018143,0.478722113467209,0.5529022189230491,0.6348606067620556
2012-01-03,0.330053325436076,0.8295777289493302,0.07003751429678341,0.4783344408473424,0.8358510032018143,0.4762061875116811,0.5538283842571349,0.6378003790454426
2012-01-04,0.3315227142689998,0.8404781722423724,0.06981143706822225,0.4791590152845164,0.8358510032018143,0.48120700070982675,0.5528627765115679,0.631929514908639
2012-01-05,0.3292192451755804,0.8301091188773972,0.06927901728535736,0.4770811145556107,0.8358510032018143,0.47983820972653407,0.5342762549232686,0.6242473343846303
2012-01-09,0.3278135402417002,0.8423553223101983,0.06815986511913956,0.47452781359337953,0.8358510032018143,0.47774010340832307,0.5305619886081584,0.6153585740947041
2012-01-10,0.32690736287588135,0.8488617304435243,0.06845673744092591,0.4760524038134585,0.8358510032018143,0.47909285992251344,0.5377711432161438,0.6186426701002595
2012-01-11,0.3276251249549431,0.8574356053593561,0.06758603551511269,0.47784162705170435,0.8358510032018143,0.481594693968942,0.5366073228919805,0.6165998755805043
2012-01-12,0.32865941730546666,0.8525101802715731,0.06815461787892821,0.4812825934933277,0.8358510032018143,0.4832171345960574,0.5422098482147973,0.6270134980686048
2012-01-13,0.3276669320995444,0.8470348325419342,0.06820385946471287,0.48306769118448206,0.8358510032018143,0.4811804398232974,0.5394060402784026,0.6268369959925355
2012-01-16,0.32789209775393674,0.8509741034171343,0.0684576582961354,0.4849284046004976,0.8358510032018143,0.48228541591472135,0.5452072094922247,0.6316285933363239
2012-01-17,0.32467254065054696,0.8404015465988216,0.06910486892654952,0.48624367796225265,0.8358510032018143,0.47760137675088554,0.5539812926160443,0.6388420306419185
2012-01-18,0.3221214492457709,0.8400790060992237,0.06974273847368194,0.48532162422519654,0.8358510032018143,0.4756779099298218,0.5571593374863781,0.6446926404421239
2012-01-19,0.32347982886133075,0.8378978482455889,0.07042456672514315,0.48677320319023176,0.8358510032018143,0.4763139384379983,0.557307394201027,0.6494061139161766
2012-01-20,0.32635817482485263,0.8362797997724677,0.06989317362552619,0.4896418205758516,0.8358510032018143,0.4801449434385974,0.5571300297317243,0.65422085907322
2012-01-23,0.32877162837463264,0.826814929001393,0.06994229620565581,0.4912711007413163,0.8358510032018143,0.48419463981037003,0.5604274655363185,0.6555894735319229
2012-01-24,0.33009176010610797,0.8166547250648868,0.06955758440663433,0.491257408721781,0.8358510032018143,0.4871937641403297,0.559272933908,0.6553088062962058
2012-01-25,0.3297896370410485,0.814275409733046,0.06855087797470605,0.48949356682414585,0.8358510032018143,0.48556129505046614,0.5613071378735632,0.6518973973177475
2012-01-26,0.3329670866839007,0.8271798809037005,0.07053964316582939,0.4972626155426692,0.8358510032018143,0.48972409547617474,0.5729214349164975,0.6671055106262935
2012-01-27,0.3341879404993518,0.8300695586614244,0.07098407720148434,0.5001311078270597,0.8358510032018143,0.49319519750425805,0.5728647851746275,0.6673427757121573
2012-01-30,0.3357332880177171,0.8294059449484394,0.07059312367343752,0.5028014357961598,0.8358510032018143,0.4954071932959496,0.573789650770662,0.6703085892854562
2012-01-31,0.3356811526081258,0.8443778829015997,0.07132613624511286,0.5054610617659614,0.8358510032018143,0.4954752419097879,0.5829122775073735,0.6748079454869002
2012-02-01,0.33492016929222296,0.8290005306936287,0.07225003272744228,0.5127491898852923,0.8358510032018143,0.49807392889578334,0.5882908080227884,0.6839021426194648
2012-02-02,0.3336809422083949,0.8437323656494121,0.07235113050207015,0.5133817421782395,0.8358510032018143,0.49830462817738636,0.5871321512992035,0.6860693566354658
2012-02-03,0.33341379869437293,0.8470805099575447,0.0729574715546632,0.516212860197944,0.8358510032018143,0.5016288610158615,0.5897434415513392,0.6870473517454901
2012-02-06,0.3348352032916243,0.8403842213412795,0.07290533048767328,0.5178885170401881,0.8358510032018143,0.5026170732044989,0.598057500999687,0.691619044863356
2012-02-07,0.33265764500483586,0.856455314020316,0.07226325455050094,0.519745774402479,0.8358510032018143,0.5033103304351189,0.5999400858382471,0.6870965408486571
2012-02-08,0.3360945223942756,0.8531071697121835,0.07265029591231179,0.5216866655425386,0.8358510032018143,0.5028224166525196,0.6032974750827184,0.6876781296566895
2012-02-09,0.3352361017049984,0.8504286542656774,0.07151949403564273,0.519592961336039,0.8358510032018143,0.5007196386617012,0.5971573910044776,0.6841017925087894
2012-02-10,0.3347913411025588,0.8377057058947734,0.07104966984914314,0.5124697430437819,0.8358510032018143,0.49579401305886334,0.5901350668848613,0.6727246422939487
2012-02-13,0.33908422983144926,0.8557856851586895,0.07137483335529475,0.5150635429633209,0.8358510032018143,0.4991793738623411,0.5949755133102952,0.6777361438636598
2012-02-14,0.3399135823732606,0.8591338294668222,0.070773577038294,0.517097473578452,0.8358510032018143,0.5019121201487441,0.5925993771742198,0.6739833046396903
2012-02-15,0.3438075263676643,0.8611427160517017,0.07095747970792161,0.5149994483803271,0.8358510032018143,0.5003109439046083,0.5953227473400138,0.6757454319237284
2012-02-16,0.3421651719351592,0.852437540850557,0.07067694616344626,0.5114961958760115,0.8358510032018143,0.4970717572666362,0.5914104022726269,0.6710927214594701
2012-02-17,0.3504526827202057,0.8691782623912201,0.07165080412383108,0.5200959667222296,0.8358510032018143,0.5053349520786683,0.5998937712709566,0.6828286627797635
2012-02-20,0.3465661851155277,0.8517679119889306,0.07163011777357946,0.513925617316807,0.8358510032018143,0.49893859901327725,0.5942639149840112,0.6796545188871694
2012-02-21,0.34751500248616857,0.8618123449133283,0.07090273656807329,0.5136051262242968,0.8358510032018143,0.4997712991533721,0.5938280453401968,0.680583324894027
2012-02-22,0.34775921832486123,0.8691782623912201,0.06954286605263142,0.5132834531630518,0.8358510032018143,0.5009645061917555,0.587236449010162,0.6737055308806302
2012-02-23,0.3399158441735491,0.851098283127304,0.06984757438951385,0.5075416568934473,0.8358510032018143,0.4940302955704177,0.581034192108369,0.6647646880108801
2012-02-24,0.34510920113556437,0.8517679119889306,0.07052019658424814,0.5114643933986904,0.8358510032018143,0.49582840432572894,0.5850053789234093,0.6689399748267537
2012-02-27,0.34419223253184505,0.862481973774955,0.06959660404496064,0.510095029130195,0.8358510032018143,0.4928570361336241,0.5825109395590347,0.6693421680820597
2012-02-28,0.3485128549454054,0.8671693758063405,0.06972817228383778,0.5083411350460467,0.8358510032018143,0.49074022359422786,0.5841015951795772,0.6710840410294997
2012-02-29,0.34658189946011964,0.8638212314982079,0.06895833518308142,0.5091015488987678,0.8358510032018143,0.49237449886613643,0.5832801376734996,0.6704503696416436
2012-03-01,0.3459522077923684,0.852029067244965,0.06874530595175228,0.5044887243941184,0.8358510032018143,0.4884609915206386,0.5793736858208798,0.671544103817943
2012-03-02,0.3508685010963427,0.8612339039954692,0.06948641123293645,0.5077213331569308,0.8358510032018143,0.49242982121701767,0.5845934469444763,0.6728085531169984
2012-03-05,0.35075711380902447,0.8613998062061069,0.06721528518913547,0.506869080889405,0.8358510032018143,0.4909664097346507,0.575409447089003,0.6609626596837437
2012-03-06,0.3476236213694044,0.851776241115221,0.06524193077259456,0.5007688632144757,0.8358510032018143,0.4873094171006035,0.5634718051400185,0.6509049348244389
2012-03-07,0.3469227130818153,0.8468832990269449,0.06601430096380163,0.4980272332179637,0.8358510032018143,0.48417130385735846,0.5669584330229394,0.6555489648587267
2012-03-08,0.3541822813603767,0.8646864924542786,0.0662931482057426,0.504884756335602,0.8358510032018143,0.48960727181939234,0.5715451906638604,0.6645129555417318
2012-03-09,0.3554195390860961,0.8647452692214292,0.06599139629146202,0.5041677205012068,0.8358510032018143,0.4879933848413595,0.5711692912716642,0.6614545507154127
2012-03-12,0.354063434236102,0.8594359503767145,0.06424045453167124,0.5050952675287411,0.8358510032018143,0.4885505588826547,0.5665897545289791,0.6632195714761077
2012-03-13,0.3513205582845763,0.8490164656189851,0.06332746605320208,0.5042875754101339,0.8358510032018143,0.4870442806980244,0.5652302393863564,0.6650164204800284
2012-03-14,0.3561575470371356,0.8595955879656266,0.06415698141527011,0.5116581850614613,0.8358510032018143,0.4941884120992468,0.5748800481916606,0.6763385946383885
2012-03-15,0.35587917685444737,0.8623544125447145,0.06576179880829215,0.5142603446275179,0.8358510032018143,0.49706983798198706,0.5807982673277284,0.6782801174751532
2012-03-16,0.35409030075109366,0.8634475096911095,0.06632172735505473,0.5188550556322351,0.8358510032018143,0.503118121470758,0.5779904025285998,0.676471694564605
2012-03-19,0.3470792558599511,0.8399545343601619,0.0658286056108422,0.5144888119450376,0.8358510032018143,0.49858926935486375,0.5719829620541572,0.6725307793579385
2012-03-20,0.350659095851431,0.8478773203756722,0.06486333393596251,0.512842244275302,0.8358510032018143,0.49904216380296756,0.5648017877651482,0.6654301876419622
2012-03-21,0.352129183503299,0.8539125601541595,0.06402369785515956,0.5107122637028134,0.8358510032018143,0.4967566712471711,0.5618907153255159,0.6650424617699406
2012-03-22,0.3441349397084316,0.8286188848376916,0.05962588664450155,0.5021119802932495,0.8358510032018143,0.48674055092590063,0.5465957211552428,0.6544639111123981
2012-03-23,0.351118569694385,0.8467065743299593,0.06153835388501336,0.5055022293614694,0.8358510032018143,0.49127109928841206,0.5560044711156605,0.6609684466370578
2012-03-26,0.3559016226215883,0.8653727781133109,0.062223964651317555,0.5107495951169967,0.8358510032018143,0.4959482852018163,0.5625021258283703,0.6669810911300482
2012-03-27,0.36239874018979246,0.8792317781663831,0.06474759633185098,0.5128617345140798,0.8358510032018143,0.49873356884010295,0.5690271361385083,0.6723369164219278
2012-03-28,0.35852496462636435,0.8700198310466668,0.06469505546195403,0.5119137265988856,0.8358510032018143,0.497561121437618,0.566679997997562,0.6676755255276988
2012-03-29,0.3566198221985573,0.864765702098699,0.06315231276513078,0.5090106268229871,0.8358510032018143,0.4935965800001534,0.5586976720517868,0.6572127139364314
2012-03-30,0.3573182752217542,0.8647222005848045,0.064266262979355,0.5093873220562414,0.8358510032018143,0.49483869351809945,0.5612967030066103,0.661602118024914
2012-04-02,0.3549693627513773,0.8558257804346072,0.06407092278833725,0.5096088381462308,0.8358510032018143,0.49606564983860413,0.5633473995044797,0.6657802983174445
2012-04-03,0.36390308843536096,0.8566130780331948,0.0652506959661132,0.5094601345111047,0.8358510032018143,0.4970852912159116,0.5643596518909054,0.6651205856396766
2012-04-04,0.3546791873314464,0.8390348867886521,0.06457375950488568,0.5051822399063431,0.8358510032018143,0.49191116142762914,0.5524305578050207,0.6530750423170972
2012-04-05,0.35719564445918,0.842540825835354,0.06444245330241438,0.5038810889961933,0.8358510032018143,0.4901108970349959,0.5511242051259465,0.6548950391342729
2012-04-10,0.3519385637974639,0.8319909030168857,0.06151692844370258,0.4953717534162197,0.8358510032018143,0.48120181570712184,0.5398208453193504,0.6441399864006608
2012-04-11,0.3570907637603106,0.8435532908459865,0.06300004648295758,0.49902754496520696,0.8358510032018143,0.4863134583190728,0.5474369248921465,0.6515791148854919
2012-04-12,0.36598448959312624,0.8651701352881812,0.06510319255097123,0.502608625568064,0.8358510032018143,0.48980764755426165,0.5585515400550343,0.6593018040826969
2012-04-13,0.3611831792944313,0.8558450768180879,0.06339605540096582,0.4985515657091503,0.8358510032018143,0.4909753848494782,0.5516363912145972,0.651011993460744
2012-04-16,0.36106416803992725,0.8593704616728687,0.06278279824961872,0.49933697833590596,0.8358510032018143,0.491141280442616,0.5523767568066484,0.6514286540993344
2012-04-17,0.36434852986189226,0.8708580238461865,0.06341437982161564,0.49867485233680076,0.8358510032018143,0.49185488858133386,0.5562710645969265,0.6571664183099215
2012-04-18,0.3617120691017836,0.8668646411492718,0.06230467915587915,0.491606233609786,0.8358510032018143,0.4829787620339543,0.5525102706658769,0.6499819157708957
2012-04-19,0.36487543108330134,0.8764577621962909,0.06097716874182174,0.493331136128637,0.8358510032018143,0.4828402045804615,0.548911492091512,0.6458760723947871
2012-04-20,0.36481759268328956,0.8702014470083218,0.0588668156826023,0.4914703592990039,0.8358510032018143,0.47858654888964813,0.5430278029259398,0.6429044718681743
2012-04-23,0.3523622516505513,0.8414701212993584,0.05415318418236793,0.48187397472768145,0.8358510032018143,0.4679945467502706,0.5220678699999874,0.6270540067418018
2012-04-24,0.3494187934139151,0.836285566924718,0.05662297288174713,0.4783143856484802,0.8358510032018143,0.46917458170518966,0.5277520816106319,0.6308791828821931
2012-04-25,0.3519664305054694,0.8459160235110432,0.057321318785854086,0.48259136026339833,0.8358510032018143,0.47407189952484147,0.5306643305007819,0.6324821689501031
2012-04-26,0.35101467739657694,0.8526150477160127,0.05808218011138668,0.48749765798243677,0.8358510032018143,0.47865652764961986,0.5341405788125909,0.6393512825335294
2012-04-27,0.35480588604424274,0.8474501967780693,0.058369715950764546,0.4919262443187669,0.8358510032018143,0.48169166702692423,0.5394988448708906,0.6493829661029221
2012-04-30,0.3562777535107135,0.8485181962135767,0.05902178102356486,0.49357335920930806,0.8358510032018143,0.48078444852936086,0.5400517514301683,0.648303699309907
2012-05-02,0.35670359902908527,0.8516320745975248,0.059446981445363915,0.49230730584704674,0.8358510032018143,0.4786049972604094,0.5384768548864589,0.6440763299142095
2012-05-04,0.35687260833093143,0.8506115077021834,0.05908958494366239,0.48743460634334895,0.8358510032018143,0.4797336166604495,0.5335554189173486,0.6394814889830887
2012-05-07,0.35104632563574695,0.8358986585452547,0.057822784040298655,0.4888897123655216,0.8358510032018143,0.47728102795271354,0.5365484446719905,0.6415995138959227
2012-05-08,0.3481641252390432,0.8358373787282006,0.056955787643919044,0.48250742894584364,0.8358510032018143,0.4744720750635374,0.5315871164038005,0.6274070108939407
2012-05-09,0.35053336002306207,0.8370984072928775,0.056815005698216806,0.48197531920277376,0.8358510032018143,0.4746109851298594,0.5296305410465885,0.627447519567137
2012-05-10,0.35235175365295,0.8476696249350446,0.0574750727675375,0.48475524427254524,0.8358510032018143,0.4770076571758711,0.5330760404661482,0.6329595925984879
2012-05-11,0.35364649500959133,0.8559997619542558,0.05806006223371773,0.48336116258461237,0.8358510032018143,0.47926203582547344,0.5314529361780937,0.6304220135704067
2012-05-14,0.347309835920192,0.8362674334880379,0.05574296466644823,0.47164516516292654,0.8358510032018143,0.46909982094885505,0.5217609721740251,0.6183706832945136
2012-05-15,0.34578651708727026,0.840552037625786,0.053981788272494474,0.4686629102621409,0.8358510032018143,0.46856484801562104,0.514542348640714,0.6108563244166039
2012-05-16,0.34629196788751915,0.8475224902656929,0.05341175089625062,0.4697371994000206,0.8358510032018143,0.47097528981548326,0.5135380666981612,0.6133389273882043
2012-05-17,0.3337828808616283,0.8182300703976099,0.05101954029212868,0.458159687825317,0.8358510032018143,0.46020851259371576,0.4956154246206596,0.5952228700394969
2012-05-18,0.3318053573453418,0.8170987730977872,0.05076917741765004,0.4639344107111207,0.8358510032018143,0.45752330862722806,0.4970036342885822,0.5963426455057084
2012-05-21,0.33265565229514177,0.8211511723355943,0.05136022640205884,0.4720082538795388,0.8358510032018143,0.46068234418568577,0.5047870264294106,0.6065739789644257
2012-05-22,0.3299695841285747,0.812530966341447,0.05291522463822327,0.4697826147696023,0.8358510032018143,0.4596732506300734,0.506833007830599,0.6075577610277639
2012-05-23,0.32331010615726985,0.7936270961460262,0.050430677251039224,0.46161859410599443,0.8358510032018143,0.45152397235862757,0.4936822222651503,0.5897310513447442
2012-05-24,0.3280945625242842,0.8087978919744154,0.05063638383400799,0.46230979754748075,0.8358510032018143,0.4475789461797547,0.4937688077367895,0.589053977807035
2012-05-25,0.32562968312251184,0.8034619987911081,0.050087207066472204,0.45776542748710836,0.8358510032018143,0.4431110987639664,0.4923822102997884,0.589453277585684
2012-05-28,0.32700326901185595,0.806136772529892,0.050306989809926594,0.4619882700934803,0.8358510032018143,0.44437654523018527,0.49649909766585004,0.5948091028775635
2012-05-29,0.33352498204880937,0.8204392237846677,0.05155518509372126,0.4655522290165503,0.8358510032018143,0.45022520951093914,0.5044284131668902,0.6049507385599175
2012-05-30,0.328098345172955,0.8066330007544235,0.0509807769353499,0.4630679460724225,0.8358510032018143,0.4445934202129961,0.4967297646619809,0.5995544045948419
2012-05-31,0.3319845473408431,0.8123723649352627,0.052752627371180354,0.46891088766808103,0.8358510032018143,0.4534012968225821,0.5007765034263367,0.6065739789644256
2012-06-01,0.3286763500466558,0.8012860755962049,0.051357411756373136,0.46428977309685515,0.8358510032018143,0.44783918860641997,0.49192018833672535,0.5993952633787135
2012-06-04,0.3271869358255071,0.8048902535416129,0.050596768859166245,0.4616747309665187,0.8358510032018143,0.4430654429222833,0.4895421365750853,0.6011950058592911
2012-06-05,0.3253019960594083,0.8043005393923944,0.04534061465414267,0.4549032842335219,0.8358510032018143,0.4359751610953341,0.47192826238261026,0.5901882206565306
2012-06-06,0.32937384751594734,0.8130378432386852,0.045159482697020824,0.46722505665329483,0.8358510032018143,0.44347253670954173,0.48223128150502237,0.6107868809768385
2012-06-08,0.33898663163100284,0.8344695864319783,0.04409715180357392,0.4839288179901607,0.8358510032018143,0.4608246868720802,0.48947876052167355,0.6232143632181256
2012-06-11,0.34233473491655086,0.8581383700269221,0.0459328686408574,0.48446264704730757,0.8358510032018143,0.45714737363241975,0.49421688643768824,0.6263508919141803
2012-06-12,0.3425244560020451,0.8433301962294076,0.04754171172835543,0.49059966503877284,0.8358510032018143,0.4612332938529941,0.5036270843419954,0.6404160819432598
2012-06-13,0.3436019194520032,0.8468494580876468,0.04800776962508157,0.48922203549487897,0.8358510032018143,0.4604090260036497,0.5041786860512344,0.6392008217473715
2012-06-14,0.34388134235099743,0.8508001761782622,0.04858996627120577,0.4882033725982685,0.8358510032018143,0.4613923575089542,0.5055978270259734,0.6388362436886049
2012-06-15,0.34546997601205004,0.8428202413199591,0.047028343814918286,0.49470838980388143,0.8358510032018143,0.4674917213062001,0.5105218558569282,0.6462232895936122
2012-06-18,0.3456403444689016,0.8519554245922287,0.04685671178517975,0.49141644922977795,0.8358510032018143,0.46549081975777495,0.5102430351025139,0.6447707643118599
2012-06-19,0.34898633342634583,0.8580455467737417,0.046957032367470126,0.500034188075554,0.8358510032018143,0.46935334369359216,0.5223727168343294,0.6570911879168425
2012-06-20,0.3498389895193218,0.8641413987856978,0.047143980079740244,0.49756625573403107,0.8358510032018143,0.4717788259509952,0.519588146763463,0.6541456286801417
2012-06-21,0.35064028468438607,0.8639360416626121,0.045658329223316724,0.4979245031792561,0.8358510032018143,0.46907574611416697,0.5103758207423348,0.6497533311150022
2012-06-22,0.3456346665802705,0.8408306149968479,0.045609523456111835,0.495280145368256,0.8358510032018143,0.4707589194176334,0.5096885289488785,0.6487608686216934
2012-06-25,0.34393993248667204,0.841764806552314,0.04447058875347567,0.48980073547385355,0.8358510032018143,0.4652352335133297,0.5056835673772089,0.6389809175214488
2012-06-26,0.3479532050322097,0.8448740417440347,0.044479462247078834,0.498928256167452,0.8358510032018143,0.47157499485268484,0.5111765816662281,0.6516774930918254
2012-06-27,0.34553335094878285,0.8337919766837606,0.04418458072614491,0.49998053715701685,0.8358510032018143,0.4719577539658312,0.5131841127161677,0.6586102631617029
2012-06-28,0.3445396819785152,0.8254091201486888,0.042773413816302314,0.4936606814112627,0.8358510032018143,0.4691461056765884,0.5040662882647562,0.6476121583889131
2012-06-29,0.3502693564120273,0.8542517114406621,0.04472073246346868,0.4992002949291237,0.8358510032018143,0.4750717401201281,0.5146329363436007,0.6583527437392408
2012-07-02,0.3494921526550522,0.8661414396486227,0.04461897993006861,0.4925195532546856,0.8315045779851649,0.4692476004886177,0.5135831630281787,0.6524384774525841
2012-07-03,0.35463791661029787,0.881290673997074,0.04402182568319217,0.4969324783932543,0.8437472742903976,0.47537733549666544,0.5179643728456437,0.6569754488505674
2012-07-04,0.35132240106799517,0.864575306133768,0.04418331241272104,0.49535289899608576,0.8358590675571075,0.4725444673861704,0.5212940365149873,0.65458254365533
2012-07-05,0.3529988901606358,0.8702457866922346,0.045101474854074085,0.5004345825402122,0.8398477361005432,0.47394112513348335,0.5242781026143777,0.6618741048306602
2012-07-06,0.3526969067227188,0.8682999693802865,0.04445078316591757,0.49902911941876393,0.8391292632844983,0.47396026777339567,0.5209346867946046,0.6577682614545518
2012-07-09,0.3499064296428172,0.8584876042923757,0.044043320281947476,0.49729121914205987,0.8324902173171602,0.4725796027007166,0.513546340045101,0.6485872600222808
2012-07-10,0.3479776590712188,0.8505653717692181,0.04394647572472115,0.4982468491557081,0.8279013258413906,0.4718728194633839,0.5110760116429146,0.6501699917535926
2012-07-11,0.3437846565863865,0.8539568380388463,0.04391350940274165,0.49250502521808137,0.8179254201303334,0.4669040363529126,0.5087342946911597,0.6426845676422516
2012-07-12,0.33955269066315474,0.849194466326374,0.04323650997287203,0.48403769862852586,0.8078568134039399,0.4600008229435475,0.49780527709240024,0.6232259371247533
2012-07-13,0.3457328833860046,0.8627406925877953,0.043674626297127685,0.49311476867896514,0.8225606014656772,0.4667413977575904,0.5012714634249265,0.6340793680646991
2012-07-16,0.34372881288788076,0.8601370991996083,0.04361752453935585,0.4916693119620751,0.8177925579455707,0.4665777696252028,0.501027317780763,0.6333588923771368
2012-07-17,0.3425031638106858,0.8516590964391951,0.04359735761269413,0.4893581327327639,0.8148765187414035,0.46665668253649173,0.503016413496736,0.6339318007551984
2012-07-18,0.3391572144485743,0.8401510810806773,0.04243260658987611,0.49107276933174027,0.8069159044867875,0.46770795413243776,0.49853658931785433,0.6321754604244739
2012-07-19,0.34143226117391196,0.8493796678293208,0.04133501188660696,0.4943454735711061,0.8123286491017304,0.47268645356182815,0.49854414090051763,0.6362523690340138
2012-07-20,0.33904949582619226,0.8431531684409772,0.04144486226326466,0.49173893952687553,0.8066596225446482,0.46834164376970605,0.49478514336527096,0.6286251645664858
2012-07-23,0.3308286190186697,0.8123727615153765,0.04077508359696713,0.47969302687786836,0.7871006806669062,0.45783325880099757,0.480214034424818,0.6079483803764422
2012-07-24,0.3333978273074728,0.8292177289986419,0.0390501077763772,0.48348170997517903,0.7932132884542568,0.4636115891609131,0.48041654812027257,0.6118285325733145
2012-07-25,0.33148277858135783,0.8266790182846419,0.040360588871371506,0.4792741679375504,0.7886570437124729,0.45824332249862026,0.4823973101692254,0.6130495797225166
2012-07-26,0.33061703173661855,0.8284394683652285,0.04031696789653798,0.47716320626702624,0.7865972765351325,0.4561504899481878,0.48193171881147967,0.6118864021064521
2012-07-27,0.33710713107339957,0.8309782619434358,0.04227800012384657,0.48735490676121973,0.8020383880711568,0.4664434729892892,0.49177872046084586,0.6257548357228638
2012-07-30,0.3345609633018331,0.8206191588168471,0.04028545837751705,0.4913648657755444,0.7959805978109405,0.4723684017256634,0.4897221559761335,0.6338681442687472
2012-07-31,0.33670558466568457,0.8283837007538265,0.04059060443087545,0.49213529251280985,0.8010830370747124,0.47342520797775306,0.4907860042596639,0.6324185124636519
2012-08-01,0.3344864218246301,0.8099310288545919,0.0409984488501881,0.49047172917537163,0.7953359518154182,0.4717344900501885,0.49017299064374925,0.6332749815540875
2012-08-02,0.33110704238646005,0.8002062971228715,0.040771861786290324,0.4861528895132525,0.7953359518154182,0.46660934109787777,0.4866747560143528,0.6281593148247286
2012-08-03,0.3365815083481906,0.8087508068644794,0.04170409161730261,0.49225306114257067,0.7953359518154182,0.4711321570398928,0.4936166533167099,0.6431156956641263
2012-08-06,0.3404094906798206,0.8240888269795773,0.04179486332891131,0.49628148474200945,0.7953359518154182,0.47663710963235434,0.4984531803136384,0.6544957393556239
2012-08-07,0.34029810630267854,0.8240888269795773,0.04224357622412182,0.49664660011099293,0.7953359518154182,0.47467204188444007,0.499413189630817,0.6558151647111599
2012-08-08,0.33959130972227297,0.8170517527164888,0.04162073453219799,0.5003341748767083,0.7953359518154182,0.48145395794900564,0.49954611054283493,0.6566253381750854
2012-08-09,0.34214136581584953,0.8219960168539542,0.04110305954130495,0.5118196284158189,0.7953359518154182,0.48776391375192885,0.5058129177206951,0.6711187627493828
2012-08-10,0.34218303374275316,0.8276091154383245,0.04067846234341009,0.5128104720425444,0.7953359518154182,0.4882517384567662,0.5031765266531102,0.6692871920255796
2012-08-13,0.33887207617105897,0.8170478704640688,0.04095983492993897,0.5116692401269755,0.7953359518154182,0.4893105641236124,0.5038726276524419,0.66892550744347
2012-08-14,0.33910499982260833,0.8249479090495137,0.04066790686156059,0.5115379426514051,0.7953359518154182,0.48867402875621047,0.5012236015962535,0.6706210847644
2012-08-16,0.34556875739972087,0.83655570574945,0.0404231140272394,0.5125017117321357,0.7953359518154182,0.49087155054795073,0.5037040679729111,0.6782135675120454
2012-08-17,0.34498611910433635,0.8346825103296082,0.04011681184284766,0.5064007454570658,0.7953359518154182,0.48517890484505233,0.4986780756155045,0.6694608006249924
2012-08-20,0.34218357743081174,0.8341031402329137,0.03912012628497196,0.4947564778383597,0.7953359518154182,0.48328361477668014,0.49327361241464784,0.6602508644261527
2012-08-21,0.3488329911902339,0.8363532937355027,0.03895571344372975,0.4986808477130939,0.7953359518154182,0.49027137655884284,0.4970161733407965,0.6653144485756876
2012-08-22,0.35117138612241483,0.8367339442716627,0.03936757191227163,0.49655051882928436,0.7953359518154182,0.4899909088315567,0.49602741190409294,0.6594667322521389
2012-08-23,0.35112360116690655,0.8483178435511477,0.03905640026105303,0.4951370811471195,0.7953359518154182,0.48284306757869966,0.49508481437682283,0.659157130249853
2012-08-24,0.35057328823725636,0.8469665263832751,0.039067562133952766,0.4979389344823282,0.7953359518154182,0.4818183189321347,0.49587350509877975,0.6606038685782916
2012-08-27,0.3488973874839296,0.8407760764734686,0.039402344751864875,0.4968778096360505,0.7953359518154182,0.48132502129738547,0.49575689061672557,0.6588272739109691
2012-08-28,0.3483067095702018,0.8350168326535572,0.03888674255868945,0.49185133408214726,0.7953359518154182,0.4782672617077292,0.491015313592219,0.6519755211874841
2012-08-29,0.33826429370864314,0.795251386986548,0.037860502256171887,0.49364504485462785,0.7953359518154182,0.4745895011225786,0.4826615286193146,0.6468453870748411
2012-08-30,0.339286544821836,0.8004441325333438,0.03750700488743583,0.4948948478617903,0.7953359518154182,0.47452292629612297,0.4808921477605013,0.6444003992997799
2012-08-31,0.3411438428911364,0.8084316684611063,0.0378297562672492,0.5013742567431363,0.7953359518154182,0.4730275685838377,0.4857448409783355,0.6534309399458932
2012-09-03,0.3446072791247519,0.8249431787190525,0.03664352843617562,0.49950151026683753,0.7909616040804334,0.4734060220348941,0.4855072299841661,0.6553927171192558
2012-09-04,0.34155903095276324,0.8105649704157661,0.036655860904337985,0.498706991796221,0.7839650970133886,0.4735956313298333,0.48464629390605934,0.6505924393454968
2012-09-05,0.3436970645541597,0.8145198673397791,0.03615298315597362,0.49765053533663206,0.7888724294737868,0.47424686457173076,0.48371452744555243,0.6541774569233675
2012-09-06,0.3449077815787507,0.823255586449944,0.0368619262104923,0.49933991606976563,0.7916513338610945,0.474343245312949,0.48960846525729856,0.664596866364782
2012-09-07,0.3505636456779473,0.8336410630825076,0.03610044050379649,0.5043033472510386,0.8046329846019716,0.47600035326459705,0.4942719738496036,0.6704793044082131
2012-09-10,0.35427726538383114,0.8434976658445272,0.03472541874579082,0.5088642081271003,0.8131566890546778,0.4770973342796836,0.49451911941692483,0.6757107102038469
2012-09-11,0.3577205868932209,0.8453976494258167,0.03379178451674314,0.5135230714851221,0.8210599902018529,0.47947661571385264,0.49661742718752083,0.6808003356432937
2012-09-12,0.35524373644230545,0.8372013927662658,0.03517510705129129,0.5150996653094364,0.8153749866502761,0.48335766334913266,0.49897430977052637,0.6791626278555012
2012-09-13,0.3508835190031153,0.8332274575775961,0.03504661523579017,0.5128943122655718,0.8053671754728667,0.48250518247805735,0.4965610252461542,0.680982624672677
2012-09-14,0.3522792743026677,0.8413994140906823,0.03578049238635301,0.5198213795472061,0.8085707898986609,0.48675015189366505,0.5086449841676255,0.6994458992202096
2012-09-17,0.349891709160497,0.8384557825097452,0.035229007861576164,0.5198054104622798,0.8030907189045302,0.4856106156076123,0.5071664058355213,0.6953689906106698
2012-09-18,0.3474734085869554,0.8296308921042962,0.03484480159614,0.524214735931745,0.7975401022557604,0.49110327866878406,0.5110499181407088,0.6959997685218688
2012-09-19,0.3491179196152356,0.8291169360562003,0.03596313671407258,0.521870894505484,0.8013146745287552,0.4890480156525009,0.5192187951277848,0.6992491428075417
2012-09-20,0.34766846901061366,0.8202545095418269,0.0362640462202852,0.5226741350812016,0.7979878156818412,0.4857610252939221,0.5132866721613475,0.6908030844461175
2012-09-21,0.3512994385726995,0.8243345506858012,0.03727031258845887,0.5196174945479597,0.8063218169730761,0.4858021524482884,0.5177714198135421,0.6887400355897643
2012-09-24,0.3468289261527313,0.8217368123065207,0.03523309916992443,0.5135484563292875,0.7960608506819972,0.4818951629789968,0.5100957015004882,0.6850074507023928
2012-09-25,0.3531423464015641,0.8354163362533639,0.03459444616297267,0.51990255620638,0.8105517605082023,0.4889156757952167,0.5194006265325171,0.6892348200980902
2012-09-26,0.3499275470224878,0.8302883193565296,0.034717824358741586,0.5158740786664967,0.8031729759389116,0.4869720352783869,0.5205642004353486,0.6820908262322607
2012-09-27,0.34823759638409,0.8242604370132843,0.033569540229396504,0.5195605133147292,0.7992941081704801,0.49016157567553936,0.5244904274489429,0.6874784797673658
2012-09-28,0.3486436933242068,0.8279788174838363,0.03343342737790665,0.5148907297397789,0.8002262042306176,0.4838318277475545,0.5227812712944819,0.6861648413651436
2012-10-01,0.34964056824803896,0.8291608693053124,0.033865252984360036,0.5176918664682931,0.8025142864522831,0.4812562241025168,0.5313627494001819,0.6943765281173607
2012-10-02,0.3553404622311453,0.8320307516845586,0.03567515876455469,0.517799116833925,0.8155969970073729,0.4833214093672391,0.5398203218185343,0.6942289608078599
2012-10-03,0.3541023652725068,0.8281605241798239,0.03457891742869579,0.5184427401197227,0.8127552486876652,0.48075395048507036,0.5341788946743212,0.6911879168414822
2012-10-04,0.3539323366291401,0.8225686974150208,0.03436723560168938,0.515873951247288,0.8123649895821741,0.47781933356996803,0.5300525843356054,0.6858060502596907
2012-10-05,0.35732450673598926,0.8377458186388912,0.03576024936038696,0.5227543972027796,0.8201508852134031,0.4855979514045244,0.5397042237303419,0.697637476309661
2012-10-08,0.3532997506899026,0.8310556209137716,0.03541794144525298,0.5226785322543049,0.8109130434988272,0.48309287256957406,0.5354804450428446,0.6947208518395288
2012-10-09,0.34809633616315133,0.8237327007946005,0.03488365469313012,0.5217363121412737,0.7989698799323819,0.47896368096615255,0.5314480887042695,0.687559497113758
2012-10-10,0.3459598046700757,0.8312188442011053,0.03441154066010425,0.5223362916070396,0.7940659951937206,0.47587127294401943,0.5312715232698856,0.6922151010546732
2012-10-11,0.3444111367665994,0.8304114827714835,0.03410053790277376,0.5207894202856594,0.7905114073387204,0.4762263134408551,0.5319846765599968,0.6927590746661662
2012-10-12,0.34370196471194775,0.8257352966953526,0.03384330501930298,0.5223433444279051,0.7888836765857864,0.4713678535037779,0.5261719889090656,0.6874640123840811
2012-10-15,0.3434498262476894,0.8285844386967233,0.034154285270393075,0.5221203332881039,0.7883049544977135,0.4715993047461487,0.5266995294721841,0.6878430578261319
2012-10-16,0.34505193954707797,0.8334170281981851,0.03413185031620743,0.5248078018482845,0.7919822131685736,0.4752184872207468,0.5292058886795714,0.6938499153658088
2012-10-17,0.3447063390463154,0.8375774622232335,0.033803811296246614,0.524329459688756,0.7911889718674948,0.47607938081312134,0.5251011111988231,0.6919951968287507
2012-10-18,0.34504803520368066,0.8372667014155151,0.03368099063647508,0.5299543816454843,0.7919732517046014,0.47910980393398933,0.529635875513751,0.6938354479825244
2012-10-19,0.3413042352240326,0.820707460298312,0.03338979881643304,0.5241685632828212,0.7833802758255669,0.46972961554545606,0.5216140370465444,0.6800393512825346
2012-10-22,0.3418574644441375,0.8226012825027956,0.032957461493590245,0.5232416352269748,0.784650077997099,0.47031715861344514,0.5217055915914299,0.6801435164421822
2012-10-23,0.3386750198131906,0.8116233583687692,0.032011856669775754,0.5199894294939461,0.7773455558274448,0.46547931047617624,0.5134088335951168,0.6684654446550262
2012-10-24,0.3387616667388825,0.8149607737652674,0.03215583229321158,0.5233997556686276,0.777544432622816,0.46549735955701993,0.5151631749844666,0.6717292863239835
2012-10-25,0.3362760123939613,0.8225743168837302,0.03230377067019439,0.5241952521733753,0.7718392218888993,0.4646907636482081,0.5141780060880969,0.6737778677970524
2012-10-26,0.33762312061211885,0.8229481397349856,0.03257700194283051,0.5218974941892126,0.7749311788545503,0.46427819079417765,0.512731906338707,0.6713097322087361
2012-10-29,0.33816078541084377,0.8243081549958393,0.03217181945677226,0.5229358914215146,0.7761652567090204,0.46599033832633185,0.5105121932996924,0.6702391458456917
2012-10-30,0.3410246543133484,0.8282945787775868,0.0318389319906342,0.5251399695976409,0.7827385663232409,0.4705611359420186,0.5128978277708831,0.6722472186455644
2012-10-31,0.3379483904040521,0.8321832740798007,0.03188221124829267,0.5212164226701882,0.7756777559931409,0.46804818325764364,0.5121662874639511,0.6705805760912031
2012-11-02,0.33719418553143093,0.8358311511109597,0.03201687382439454,0.5253556686302212,0.7739466634365099,0.4659275375814959,0.516179880618253,0.6788067302267046
2012-11-05,0.33214307947614785,0.830989102294431,0.03225065627047738,0.5290184848464403,0.7623530866611894,0.4655489627525613,0.5163945024095771,0.6782019936054173
2012-11-06,0.331974858465557,0.8286456366569116,0.03217359425749296,0.5348316852151819,0.7619669765339893,0.46491335697104963,0.5153315026310508,0.677880817696504
2012-11-07,0.32948237369331124,0.8242905199223295,0.031952517834261646,0.5315409550927112,0.7562460882271352,0.46323797105531184,0.5103029298602256,0.6727767248737728
2012-11-08,0.33149832116587163,0.8272267764300448,0.03167307536348175,0.5306618832167752,0.7608732018815192,0.4606682714178785,0.5127229274560878,0.676512203237801
2012-11-09,0.33317566080269234,0.8281689007846426,0.03149322303624691,0.5278291120503245,0.764723124184661,0.45854216564897643,0.5098734730356921,0.6724352946282612
2012-11-12,0.33680704737677386,0.8338011847440376,0.03117799673575875,0.5293468834299696,0.7730580826247927,0.4635743291984436,0.511002118390272,0.6756325863341104
2012-11-13,0.3398133281472413,0.8405659587706815,0.031087166384406718,0.5339349339119348,0.7799582638007807,0.47191136976243037,0.51297068682186,0.6812112093285694
2012-11-14,0.34325884033927706,0.8463844090610765,0.031134084119813825,0.5341115120491616,0.7878665931234028,0.47298717961347203,0.516092085820388,0.684819374719695
2012-11-15,0.34286016171811023,0.8459055415541735,0.030934316670308215,0.5348111023355062,0.7869515239974354,0.47378771535688446,0.5165077121934621,0.6862661130481335
2012-11-16,0.3424892863078002,0.8462935478222782,0.030861606100974742,0.5373287339694343,0.7861002703321097,0.4760580945212822,0.5154536737096123,0.685100041955412
2012-11-19,0.3499479674009996,0.862557719063803,0.03082804275245013,0.5416564628515242,0.8032198459161928,0.48255925793510646,0.5226866838417822,0.6956959534728959
2012-11-20,0.34959670211828375,0.864985629686177,0.031226465870783492,0.5439636279714866,0.8024136024956232,0.48757093754563197,0.5237317051785391,0.6958464142590535
2012-11-21,0.35163125816119123,0.8651051247071353,0.031575328364254474,0.543977121833686,0.8070834275654154,0.48848312667067895,0.5262226170085182,0.690369062947585
2012-11-22,0.35263869437613676,0.865998412187306,0.03126675843800789,0.5412417399069452,0.8093957506440396,0.4851309759397224,0.5251031531612712,0.6870010561189801
2012-11-23,0.35104392405961243,0.8672076705686931,0.03156663539307626,0.5389679824204959,0.8057353459918172,0.48280697746953694,0.5275294895835559,0.6939685479087401
2012-11-26,0.3537734403902375,0.8730362971972286,0.03138569013387899,0.5405530091205515,0.8120002821844545,0.483696077046157,0.5291397752211892,0.6961184010647997
2012-11-27,0.3525772786394031,0.872016392217092,0.031654308098676705,0.5442873320751862,0.809254785863011,0.48862173437847956,0.5293920348823292,0.6964771921702524
2012-11-28,0.36126319236563764,0.8792116412798622,0.03175661361287825,0.5407063067054597,0.829191173368394,0.4871928526164763,0.5309250235563922,0.6948799930556563
2012-11-29,0.3698394463287602,0.8935569456500244,0.031774955857421044,0.544565484704562,0.8488758637466749,0.4909632467544859,0.5350543793834421,0.6975564589632676
2012-11-30,0.3684524696516354,0.8949723301708312,0.03194538747135679,0.5470319108809585,0.8456923984985029,0.4868667591135034,0.5343036990858954,0.7006669463694104
2012-12-03,0.3695711417279841,0.8974440460916461,0.031695932317115365,0.5540378171072464,0.8482600362518203,0.4906313690190661,0.5400124899864287,0.7067548212554797
2012-12-04,0.3719386039648347,0.9007336393174299,0.03179495145822724,0.5568969307409276,0.8536939659506219,0.49135215662717235,0.5427564127001402,0.7110776753808541
2012-12-05,0.37282608056439576,0.9046476799469751,0.03171087153994116,0.5607681837403805,0.85573095111401,0.49567090225392035,0.5448708746477351,0.7143559844330958
2012-12-06,0.3727521651116278,0.912316621540778,0.03149355073666905,0.5638765257982025,0.8555612962963979,0.49866349057880494,0.5459242565380983,0.7191562622068548
2012-12-07,0.374318321483687,0.9081009971803317,0.031161725626810965,0.5554561839220574,0.8591560246475546,0.4945654845964082,0.5407527729598803,0.7091158982074912
2012-12-10,0.3753767643826054,0.91278615127166,0.03125881036895959,0.5549655139969556,0.8615854210760989,0.499206009071181,0.544182430168693,0.7165781745055774
2012-12-11,0.38238840394032064,0.9314087073662837,0.03185932109472825,0.5592095522315156,0.8776789223099964,0.5077013976777838,0.5543797809706265,0.7270265187135605
2012-12-12,0.384796903856758,0.933224973765558,0.03194554371539053,0.5607954559634359,0.8832070439508722,0.5132012926587789,0.5543882668717679,0.7307185949277357
2012-12-13,0.3806699529839205,0.9290354402315288,0.03191626394376348,0.5617148793202508,0.8737346390422137,0.5110513778179201,0.552660610042128,0.7288089003341969
2012-12-14,0.3837989621778951,0.9346756752431876,0.03193858754400053,0.5640393058518316,0.8809165132543155,0.5144339432463713,0.5542235888723289,0.7340171583165757
2012-12-17,0.3843259525905721,0.9404222692812172,0.03164357213482814,0.5665625324247966,0.8821260906701052,0.5165263554622308,0.5605565153644325,0.7382792494321556
2012-12-18,0.38669736586537523,0.9465761825593324,0.03145052145792681,0.5670470770191921,0.8875690890087935,0.5247535002695976,0.5605232291904608,0.745304610755053
2012-12-19,0.3898690242450205,0.9560195047931394,0.03176897809327764,0.5730722865278151,0.8948488539804766,0.5300245420232109,0.567233007818933,0.7530301934289149
2012-12-20,0.38733852511105016,0.9549670706125308,0.03219957042641915,0.5773315489657178,0.8890407130171954,0.5256662937958053,0.5671918048809999,0.7504897209241767
2012-12-21,0.3824236279149619,0.9456962685678262,0.032215317109269816,0.5768348215325989,0.8777597703163275,0.5219230574075862,0.5658419371727503,0.7474023813312888
2012-12-27,0.38224040283611294,0.9484800697215005,0.03200204904042043,0.5795193125504534,0.8773392220254085,0.5238727859824739,0.5686632024012087,0.7524977937240493
2012-12-28,0.37666188327777383,0.9392793653078975,0.031966472337793955,0.5802288202375987,0.8645350967339616,0.5165908864282697,0.5656346506137567,0.7473792335180337
2013-01-02,0.38071963838597705,0.9529042943186499,0.032622986216998134,0.58379012850793,0.8738486797131189,0.5170562107934668,0.5727798094845632,0.7598877331057132
2013-01-03,0.38461198083216497,0.9528171809259015,0.03320941873938857,0.5818176743845737,0.8827825984413783,0.5129304581102961,0.571981400754464,0.7605098305869418
2013-01-04,0.3840903401431334,0.9484549078933828,0.03320664356694038,0.5737138455140779,0.8815853000059014,0.5063980146371745,0.5696557893407161,0.7528045022496781
2013-01-07,0.3808995047007028,0.9428269295205052,0.032667444020312277,0.571770328836415,0.8742615187836598,0.5020068422515586,0.5657234151538961,0.7460771690224389
2013-01-08,0.3785369184656205,0.9381202388288428,0.03259818011063168,0.5711990325543354,0.8688387807526313,0.5015882059209928,0.5614986950022812,0.7414910085212888
2013-01-09,0.3774729123627096,0.9367423992053228,0.032889391719446756,0.5748586214454865,0.8663966153519257,0.5041110391731318,0.5608719065044371,0.7429261729430998
2013-01-10,0.37996684486205934,0.9424425321677389,0.0327906591269324,0.5767924149701603,0.8721208265617529,0.5028035066051734,0.5644785382432391,0.7446709393671965
2013-01-11,0.3830249386616431,0.942357881624045,0.03253045412394925,0.5723335756126138,0.8791399318554387,0.5012222083259081,0.5646680791328019,0.7401310744925564
2013-01-14,0.38308944938742173,0.9440008017277328,0.03233670943624516,0.5711267674742778,0.8792880004257598,0.5001629653428353,0.5662319018326786,0.7407705328337264
2013-01-15,0.377522102055772,0.9384113364772867,0.03203171105619306,0.5681632557189873,0.866509518244249,0.4980477788275471,0.5625552327975305,0.7327498155408632
2013-01-16,0.38132179827393153,0.9461908234384413,0.03237082493483901,0.5728942333363835,0.8752307902480415,0.5034581619525396,0.567309019686365,0.7422201646388219
2013-01-17,0.3812862295667574,0.9524133378066215,0.03260008615499683,0.5718248902763333,0.8751491509926173,0.5085650908582624,0.5704864052661521,0.7428017534468542
2013-01-18,0.3835544453240282,0.9551575710304501,0.03261267599190137,0.572469445423468,0.8803552847061247,0.5133308169638806,0.5723102263937718,0.744242704821979
2013-01-21,0.3818404754429063,0.9533125516232579,0.03273416251633931,0.5703846332518998,0.8764212866490871,0.5141475830315074,0.5733979678217468,0.7446854067504812
2013-01-22,0.3842042117662046,0.9504651927125185,0.0327049956259911,0.5673130430754686,0.8818466644259227,0.5131321590969626,0.5706996300800687,0.7426397187540691
2013-01-23,0.38624548963950606,0.9491983274646014,0.03253426233650736,0.5645275378581515,0.8865319178109967,0.5133168511626874,0.5688830509141424,0.740264174418773
2013-01-24,0.3893669306847693,0.9529452304613746,0.032532119342254695,0.5641235053299427,0.8936964211914088,0.5174489539093804,0.5688051235373371,0.7432270945154152
2013-01-25,0.38654665596114657,0.949479461646989,0.03116237481724774,0.5626533386924703,0.8872231713372275,0.5143098446056645,0.5665818597654156,0.7356143574311718
2013-01-28,0.3847159731710252,0.940580029270899,0.03126406333735543,0.5607663949396816,0.8830212873842403,0.5064372984799655,0.5612917312195858,0.7295901390315537
2013-01-29,0.3868923826039586,0.9366850810902371,0.0313709805284621,0.5601710956017487,0.8880167021664847,0.505064307477202,0.5607085547322121,0.7304176733554205
2013-01-30,0.38708117070923875,0.9312836831718411,0.031377280006802885,0.5595050312743151,0.8884500190220165,0.49880519271590884,0.5581590516233733,0.7222551757063703
2013-01-31,0.384505000030578,0.9293693670219675,0.031060141059817165,0.5659645183267866,0.882537050214295,0.4961516021985256,0.5564746275925806,0.721274287119689
2013-02-01,0.38476742145496623,0.9329929997714012,0.03112763374380507,0.5651700208662657,0.8831393743187258,0.49565247197116885,0.5576269136476526,0.723134792610061
2013-02-04,0.3807047607482048,0.9256890346009485,0.030172131865073632,0.5653841377969081,0.8738145317396134,0.4929749113757525,0.5508794530282555,0.7146106103789012
2013-02-05,0.3817271319822013,0.9277403241881222,0.030303347146908886,0.5672906493529182,0.8761611344964136,0.49371918687670296,0.5530837962711357,0.7191012861503744
2013-02-06,0.3747939401264343,0.914172557822714,0.029689692837911594,0.5627005304426113,0.8602476907480311,0.4856566397414533,0.5445982241980013,0.7104845126661944
2013-02-07,0.37307266524786287,0.9147052381413944,0.029458179024247407,0.570527738994547,0.8562969258585716,0.48256923103542715,0.5449034658493266,0.7139508977011331
2013-02-08,0.37534869642263685,0.9203851895679555,0.030008654668726643,0.5728032657003861,0.8615209979487164,0.48743282484321154,0.5498349910965703,0.7220439519104183
2013-02-11,0.3749499012188585,0.9239797494642896,0.029772754509771404,0.5715582781269055,0.860605661235919,0.48872697949395066,0.5502704617500188,0.7227557471680099
2013-02-12,0.3747309646915203,0.9240720185657116,0.029656626710478463,0.5720194758563816,0.8601031460618487,0.4877749065405337,0.5491211991778074,0.7148276211281667
2013-02-13,0.37581504843381286,0.9289098761720264,0.029671915654801994,0.5754770719361827,0.8625913947661102,0.4874452639102742,0.5483299285188512,0.7150388449241187
2013-02-14,0.38108734771867253,0.9253636123307973,0.029358473839243466,0.5689450646003553,0.8746926664227517,0.48881591144535796,0.5461592287631345,0.7107420320886563
2013-02-15,0.37917831574936245,0.9256074961080286,0.029589590339256008,0.5706837436337192,0.8703109511191127,0.4885483253718974,0.5487579278898701,0.7140029802809568
2013-02-18,0.38180112408857586,0.9284962583901234,0.02986786604148314,0.568541258159464,0.8763309652536045,0.49185679970774754,0.5517738243637939,0.7164277137194198
2013-02-19,0.38627667153923345,0.927627289081931,0.029964614227118963,0.561213149467591,0.8866034882243938,0.4913968708709617,0.5515598413052916,0.7167691439649313
2013-02-20,0.38379583949965784,0.9265947147561525,0.029759263689315137,0.5651721162787329,0.8809093459112638,0.4857370284198034,0.5462126467658538,0.7069226429015786
2013-02-21,0.3823326120107411,0.9239587838497617,0.029783808776840393,0.5579135257768307,0.8775508656008429,0.48358652514142736,0.5435105690361212,0.7049869070181278
2013-02-22,0.3868950842240412,0.9305614636786071,0.029963968721694823,0.5594764381288245,0.8880229030736725,0.4878903398104405,0.5461069631937845,0.7052097047207073
2013-02-25,0.39412206166828334,0.9360078140741375,0.029814582604872932,0.5644699215732225,0.9046106596830781,0.49083582270618925,0.5485305933697852,0.7103253714500661
2013-02-26,0.38757612001812536,0.9230482774756003,0.029756531228982922,0.5604070392733077,0.8895860539319282,0.48237141315217547,0.5428699951537247,0.7027010604591951
2013-02-27,0.39250767587508417,0.9301416214232009,0.030418412721397954,0.5639753295834955,0.9009052325085952,0.48629753998457154,0.5480458485916847,0.7090059460945303
2013-02-28,0.3888635587316658,0.9295618800772113,0.030273488306586153,0.5646725593503812,0.8925410541646671,0.48716856773544054,0.5474721263911603,0.709483369742915
2013-03-01,0.38888538339459705,0.9308204066051254,0.030702467711958066,0.5633025224125139,0.8925911473328801,0.48572592647350604,0.5491590152241994,0.7097293152587496
2013-03-04,0.38873497875044977,0.9269833464654625,0.030377086741398218,0.5573348455369308,0.8922459303110633,0.48456908221445294,0.5475306879147316,0.7057102761823473
2013-03-05,0.39189669963481266,0.9333226740123839,0.030906971539644203,0.5636131304770902,0.8995028861963303,0.4875530073325667,0.5519361382091901,0.7169109243211185
2013-03-06,0.39362791306431166,0.9370669165203328,0.031203402852234812,0.564214585203886,0.9034764625951806,0.4899118597247247,0.5528334176074636,0.7179757237308493
2013-03-07,0.3958929968202697,0.9422702143854584,0.03133521786928106,0.5649789257644642,0.9086754075668,0.49587323898528546,0.554647426036028,0.7160486682773691
2013-03-08,0.4042145631921972,0.9538526512168832,0.031217950539570348,0.5664669595571549,0.9277755249604862,0.49725538105488165,0.5603507382949552,0.7206782309283725
2013-03-11,0.400368451234253,0.9484783597342626,0.030861388368497795,0.5696122908937534,0.9189477169946912,0.4950407481845074,0.5593493419451182,0.7173507327729639
2013-03-12,0.4023516004751888,0.9521804381815447,0.03128629550126513,0.5679816274054512,0.9234995503416984,0.5030099143634863,0.560900511160991,0.7182737518265078
2013-03-13,0.40216791928457585,0.9534044544183685,0.031372639914138224,0.5678816038128671,0.9230779551579413,0.5077757170318549,0.5607380327959699,0.7158316575281035
2013-03-14,0.4067429626522942,0.9579768725976879,0.03136338640997582,0.5696562727620849,0.9335788466366673,0.5076458799366237,0.5641870174999958,0.7230335209270706
2013-03-15,0.40859932910896607,0.9610331707522745,0.0318391827313857,0.5670087573822505,0.9378396811554842,0.5087457160754633,0.5647567186121157,0.7194051011993468
2013-03-18,0.4086441606126117,0.9564482645346466,0.031126301754569867,0.5620501592179289,0.9379425808914589,0.507286318549223,0.5606357775195087,0.710030236831065
2013-03-19,0.4028951623155766,0.9417924709277762,0.030859648074541033,0.555749099822515,0.9247471634109348,0.4940422148228449,0.5500210356875692,0.7007826854356859
2013-03-20,0.40423656318430384,0.9448056108878387,0.031020726219408223,0.5501679436931536,0.9278260205538776,0.4955891792447904,0.5485085005795113,0.7009765483716968
2013-03-21,0.39881872698646464,0.9328604347308976,0.030669623191546126,0.5511345060959811,0.9153907045600544,0.4909638397177627,0.5422065773161123,0.6932249244079232
2013-03-22,0.39608400021448714,0.9220984469444611,0.030325422210610412,0.5422783082197338,0.9091138090754934,0.4857011961590201,0.534267496844118,0.6857597546331803
2013-03-25,0.39208037077255614,0.9111386215651789,0.02950961672096834,0.5415762046999046,0.8999244583061877,0.48254064676507047,0.525871285091934,0.6769230769230777
2013-03-26,0.3915101853582232,0.9103875651755124,0.028623522269868598,0.5445498572120708,0.89861573734391,0.482475515560854,0.5239600573138253,0.6809536899061074
2013-03-27,0.3972509791538792,0.9198911752507581,0.029842763176539375,0.5475738015999329,0.9117923234010584,0.48873474650556875,0.5322940504743405,0.6901723065349178
2013-03-28,0.39247235882530074,0.9195686120054067,0.03064481544957593,0.5515162184337603,0.9008241708710724,0.4908255825112796,0.5330959088775968,0.6857742220164647
2013-04-02,0.39604141165337514,0.9193336738257936,0.030189496665010026,0.550869745188804,0.9046466729091094,0.4983020946145444,0.5338143184555642,0.6873945689443158
2013-04-03,0.38557769539378456,0.9010828470300177,0.028946974691786097,0.5449146026617192,0.9046466729091094,0.487712931896736,0.522682318570155,0.6760463534960439
2013-04-04,0.38675984557891663,0.8994728221329614,0.029249507711111223,0.5435439720818792,0.9046466729091094,0.4926392004138273,0.5217521331851201,0.6778374155466509
2013-04-05,0.3858836059899017,0.8940887829372413,0.029037006679616784,0.5436510945142666,0.9046466729091094,0.4925760585514063,0.5207507264421953,0.6789166823396661
2013-04-08,0.3835285976758312,0.8955196014277257,0.029374702915052845,0.5471143914158272,0.9046466729091094,0.4913045126624382,0.5211617430603244,0.6784392586912813
2013-04-09,0.38787902549427483,0.9024689197231942,0.029964566404357098,0.549419692502532,0.9046466729091094,0.495083513453767,0.5236806447469348,0.6791279061356181
2013-04-10,0.3915901991681149,0.9106495315753348,0.0301516435361111,0.5519374138520462,0.9046466729091094,0.5017561973617303,0.5263492630024245,0.6859015349893675
2013-04-11,0.3962630948857248,0.9252727623264806,0.03066814344321228,0.5565363743185908,0.9046466729091094,0.5095972799224606,0.5338147679492339,0.697044313595001
2013-04-12,0.39941679532429075,0.9303122294888742,0.030461024017458822,0.5545688893827849,0.9046466729091094,0.5109026498583642,0.5333709751415644,0.6935895024666897
2013-04-15,0.39888295666211165,0.9193868281884198,0.029500875478691416,0.5440969069406869,0.9046466729091094,0.5002873605008671,0.5246938340317652,0.6799901621793675
2013-04-17,0.39801053717729873,0.9147866630969571,0.028907903975636577,0.5452522046464898,0.9046466729091094,0.4933319305639532,0.5146225047361686,0.6668277368672337
2013-04-18,0.38883110393444315,0.901703161368946,0.028593053837820324,0.5413539016232781,0.9046466729091094,0.4875703684389117,0.5103558213629441,0.6565935099318594
2013-04-19,0.3860130178269801,0.8991956541929434,0.028753531115720342,0.5468214423319209,0.9046466729091094,0.4877187661922078,0.5097739599799892,0.6590500716135481
2013-04-22,0.3833210172311413,0.8969550775940598,0.02845482779974147,0.5449658883195772,0.9046466729091094,0.4902309103910646,0.5083430223729832,0.6591542367731957
2013-04-23,0.3803150224178142,0.9011848664934753,0.028296952646920368,0.5433951616107131,0.9046466729091094,0.48520051064405223,0.50612197305511,0.6578232375110322
2013-04-24,0.3869924451494743,0.9086465907185443,0.028623033824097154,0.5409484306683514,0.9046466729091094,0.4856699635262656,0.5100175036628606,0.6616542006047376
2013-04-25,0.3878689310773283,0.9068672623344445,0.028945213177172507,0.5353137199699719,0.9046466729091094,0.4908540269668361,0.5115805858880847,0.6620535003833866
2013-04-26,0.39212348605739333,0.9191652536769007,0.02871176411081761,0.5406817625307463,0.9046466729091094,0.49723020503565074,0.5145960679482783,0.6637809059475421
2013-04-29,0.39564529943007476,0.9287004954290768,0.02862006851415766,0.541170158551234,0.9046466729091094,0.4989572913707516,0.5185296983628754,0.666419756658614
2013-04-30,0.3951643298431726,0.9281921144885643,0.028363225715521922,0.5438998137283856,0.9046466729091094,0.503873505930916,0.5206321839231574,0.6710406388796467
2013-05-02,0.39569013237767453,0.9264624248179423,0.028513988192184706,0.5450081492323828,0.9046466729091094,0.5042424745773004,0.5180859845111593,0.6672067823092845
2013-05-06,0.3971602475535968,0.9306119779186462,0.028442352439704194,0.553001503506992,0.9046466729091094,0.514001716549131,0.5223046459601245,0.6768478465299989
2013-05-07,0.3994146940745773,0.9423638347299818,0.028660596116471548,0.5548668698135081,0.9046466729091094,0.5153043490076621,0.5260776651394983,0.6793362364549133
2013-05-08,0.40557657506480693,0.9519364382515062,0.02849553377396253,0.5579079940006405,0.9046466729091094,0.5211851043868813,0.5291820172122715,0.6851492310585792
2013-05-09,0.41042376530603186,0.9579785502508318,0.02845536708631269,0.549371315328103,0.9046466729091094,0.5264667607291974,0.5298601457215006,0.6796631993171401
2013-05-10,0.4036765685574967,0.9523840725289197,0.0284272255645927,0.5512592763021312,0.9046466729091094,0.5225040194881577,0.5298396186902876,0.6765411380043699
2013-05-13,0.40750729616988873,0.9568042761376623,0.029357285395215166,0.5562241571585399,0.9046466729091094,0.5251276573480205,0.5348359532208788,0.6812227832351971
2013-05-14,0.41367271617982204,0.9638677393124344,0.030145266171525735,0.566693791641899,0.9046466729091094,0.5290818952408199,0.5422270750978265,0.690617901940077
2013-05-15,0.4173847091297237,0.9737209655434569,0.030430983862381043,0.5732265299860941,0.9046466729091094,0.5321940637973879,0.5448335520381732,0.696998017968491
2013-05-16,0.4192167857178622,0.9720525297227048,0.030122109290238095,0.5635883398506332,0.9046466729091094,0.5286147812399294,0.5442225737410651,0.6916335122466409
2013-05-17,0.4226643097160115,0.9805881524851537,0.03089975700398421,0.5578070224344805,0.9046466729091094,0.5269371113093165,0.5489254805651532,0.6918505229959067
2013-05-20,0.42862833510411613,0.9872712796844411,0.03072958736194769,0.5577751957540604,0.9046466729091094,0.5286604500223798,0.55073511408557,0.6877157448532294
2013-05-21,0.4249875278849045,0.978507309229545,0.030732753242587,0.5566475417410541,0.9046466729091094,0.5274939324497165,0.5458182984190699,0.6858465589328868
2013-05-22,0.4254590680303708,0.9807765033283313,0.030764955265392274,0.5612299640148005,0.9046466729091094,0.5231276418466423,0.5465072430615304,0.6863181956279577
2013-05-23,0.42464676576748744,0.972762433337542,0.03019729287188279,0.5570245187091717,0.9046466729091094,0.5183558027833954,0.5408244383748924,0.6826926693768908
2013-05-24,0.4290263989599778,0.9879482389205004,0.030549751487405026,0.5576193598624993,0.9046466729091094,0.5237920320363915,0.5475796837608635,0.6899726566455935
2013-05-27,0.43981668856271044,1.0123917582296589,0.03097750407050563,0.5688780665443335,0.9046466729091094,0.5350510850238404,0.5600564047200262,0.7092084894605122
2013-05-28,0.4468970867145167,1.020696187297701,0.031479964311222394,0.5726253339607738,0.9046466729091094,0.5430104482392096,0.5662384998598785,0.7145064452192541
2013-05-29,0.44307648550019746,1.0198726611578397,0.031337552750440006,0.5756116982657777,0.9046466729091094,0.5369610946868427,0.5716621785897331,0.7127703592251279
2013-05-31,0.45990099519448346,1.0383871809557026,0.031012720272505227,0.5801875707407542,0.9046466729091094,0.5400874330665952,0.5786281957625736,0.7191736230667969
2013-06-03,0.45010017813295644,1.020959362481317,0.03005263626763656,0.5727729462664702,0.8994449545398819,0.5368131105717173,0.5681065898650707,0.7070644232577663
2013-06-04,0.4551627740021385,1.0264282485531677,0.030550191398562347,0.5721776920878195,0.9095616497393786,0.5435235261201473,0.572517001561169,0.7126401527755685
2013-06-05,0.45721127340118484,1.0359306315894417,0.03106589213967372,0.5721653405291749,0.9136552105473148,0.5504319240532901,0.5779137648878031,0.7122321725669488
2013-06-06,0.4523200623520574,1.0265567100841884,0.03096719680301358,0.5714441344479876,0.9038809973533182,0.5474874146015881,0.575947346826954,0.7078283010951818
2013-06-07,0.45480775879503,1.0369640875531476,0.031229193919005294,0.5776136178482364,0.9088522151460771,0.55146899668747,0.5811986100960508,0.7201400442701937
2013-06-10,0.45814867152295496,1.044224119372413,0.031050408005496216,0.5823277354408447,0.9155284335585092,0.548652349015209,0.5848797839012388,0.7243558397592635
2013-06-11,0.45814677722905567,1.0476040473480293,0.031109783319605525,0.5791852950092893,0.9155246481498982,0.55311318614886,0.5850724168510456,0.7187714298114909
2013-06-12,0.4608461869752502,1.0452855438296598,0.031103370702877102,0.5814495555354294,0.9209189372313241,0.5449250577299863,0.5872830707370568,0.7180451671706147
2013-06-13,0.44979937173556406,1.031174871681221,0.030632517301155928,0.5774491686695736,0.8988438465875365,0.5414017820388559,0.581050467561198,0.7154844403292785
2013-06-14,0.4514487195446766,1.0365165754140853,0.03039144415794128,0.5775224359942595,0.9021397741104744,0.5416770186482469,0.5820747063521317,0.7171279350703845
2013-06-17,0.4514903569271532,1.0356711232134332,0.030232523224723532,0.578761071491984,0.9022229789955385,0.539110096652657,0.5804213992542201,0.7127703592251277
2013-06-18,0.4461750161614255,1.0334259493185358,0.03008340738261144,0.5785683410729884,0.8916012181839227,0.5381763350219052,0.5802730382361678,0.7103919214131748
2013-06-19,0.44007022041609417,1.0303405965827972,0.030319500583182203,0.5714155160084707,0.8794018723529312,0.5447391596900071,0.5781923416924823,0.6983116563707129
2013-06-20,0.41443914381427593,0.9876788800839791,0.028502687296209264,0.5501529929584995,0.8281827357052653,0.5223401678844815,0.5516777194864311,0.6648948944604396
2013-06-21,0.4063174855991032,0.9678418708192184,0.027825179573709058,0.5452113938229037,0.8119530498285877,0.5074162754993679,0.5409092510795306,0.6462985199866906
2013-06-24,0.41284347672558014,0.9747550926991561,0.02826024757107092,0.5482455761852147,0.8249940795309751,0.5133524096223864,0.5434685594724766,0.6493742856729511
2013-06-25,0.4163991636211464,0.9795221424334185,0.02873096804779498,0.5495891881440141,0.8320994858238736,0.5228544553110522,0.5450754830537817,0.6500745070239154
2013-06-26,0.41940300116678936,0.9735078612295559,0.028854284300624117,0.5419366815905773,0.8381021195839694,0.5186468868010419,0.5432404549530468,0.6500658265939447
2013-06-27,0.41223210204192884,0.9388001975923754,0.028234054322019923,0.5235991774646609,0.8237723562318985,0.49572857336530535,0.5269646194939999,0.6299156551554528
2013-06-28,0.42144674795281467,0.9638696850549072,0.026377295193365086,0.5339755309047951,0.8421861831421593,0.5117940540723905,0.5301763349238249,0.6497706919749433
2013-07-01,0.42392512461972887,0.9632442003020539,0.026126649837849687,0.5299292525926752,0.8464581453806096,0.5120749255865092,0.5322197111434993,0.6473430650598234
2013-07-02,0.4326308700361144,0.9833923987641408,0.02638633110382928,0.5394920691896904,0.8464581453806096,0.5257529017711926,0.5396327528091898,0.6610899726566465
2013-07-03,0.42869591804263185,0.9732623690545503,0.026902766008047876,0.5340902105344281,0.8464581453806096,0.5252847442613358,0.5379919062601545,0.6547706196380269
2013-07-04,0.4328276978688866,0.9847427301260496,0.02725576942579981,0.5379943899634808,0.8464581453806096,0.5302700005488516,0.5412379097606622,0.6618943591672581
2013-07-05,0.4274033205019561,0.9791308059672302,0.026845393109015216,0.5337095587081091,0.8464581453806096,0.5245206176967968,0.5340588493276198,0.6520420711505917
2013-07-08,0.4219637604663105,0.965002354595384,0.026198231134613094,0.5304415860272693,0.8464581453806096,0.5142174462102904,0.5266494342085392,0.6433008781701661
2013-07-09,0.4179682225138161,0.9564858407288898,0.02657741106343275,0.52758107230936,0.8464581453806096,0.5139653952228395,0.5241464841844393,0.6419959201979145
2013-07-10,0.4226270276427631,0.9719625053291201,0.027074683027235747,0.535691057835145,0.8464581453806096,0.5176998126567472,0.5322039535069041,0.6494784508325987
2013-07-11,0.4259115394802609,0.9822423418671676,0.02723288280441241,0.5424773634554296,0.8464581453806096,0.5246982429563464,0.5385787284433676,0.6594493713921972
2013-07-12,0.4329072347867698,0.9951705024257637,0.027457304526948414,0.5464937220461765,0.8464581453806096,0.5299251553819756,0.5441371105853591,0.6663126980223095
2013-07-15,0.43003852269966597,0.9902442822455032,0.027414934309100678,0.5499191797908818,0.8464581453806096,0.5284894476938659,0.5424296458140729,0.6671720605894021
2013-07-16,0.42579606675119036,0.9900544946200792,0.02711127616491836,0.5495035732697086,0.8464581453806096,0.5299661301497369,0.5405220717759289,0.6663821414620746
2013-07-17,0.4251281755887562,0.9927471660016411,0.027183513853311143,0.5500899216964206,0.8464581453806096,0.5309609714183517,0.5418283982592427,0.6683323447288098
2013-07-18,0.42612923313593365,0.99575965369611,0.027095511341154305,0.5495888885169733,0.8464581453806096,0.5343462436267047,0.5422499051553209,0.6655951158114041
2013-07-19,0.4243803321927647,0.9926293848345219,0.026770188512390446,0.5539320267440165,0.8464581453806096,0.5328343662272266,0.5408312204738992,0.6693508485120305
2013-07-22,0.425264283698659,0.993746204871801,0.026523980191461478,0.5561636390728181,0.8464581453806096,0.5276276878534515,0.5384223791784262,0.6688242357604788
2013-07-23,0.42995828315399603,1.0103338823613552,0.026304523362764738,0.560052992909434,0.8464581453806096,0.5353310699915843,0.540875165852394,0.6733930354016878
2013-07-24,0.43422228790819245,1.0140135153394318,0.026799724722737252,0.5588031598011831,0.8464581453806096,0.5375244299476962,0.5447354601322327,0.672493164161399
2013-07-25,0.4331699159134261,1.014214553711798,0.02637766410257845,0.5595889033896542,0.8464581453806096,0.5406779533530386,0.5409023662117042,0.6706500195309684
2013-07-26,0.4297680261953404,1.0087618992367753,0.026477630006784502,0.5568774890320645,0.8464581453806096,0.5338935218563454,0.5368382854625208,0.6629244368571066
2013-07-29,0.4350255717642533,1.017568594349949,0.026510138258812425,0.5565572732536455,0.8464581453806096,0.5392593390752548,0.5391704298067356,0.6652855138091184
2013-07-30,0.4350909810766272,1.0204134221883328,0.026257825801155668,0.5593169136284392,0.8464581453806096,0.5417637213157873,0.5385385437945606,0.6677536493974344
2013-07-31,0.440398281608052,1.031932822593866,0.026014904331518297,0.5609005936988053,0.8464581453806096,0.5450949385346823,0.5388633055585401,0.6731933855123634
2013-08-01,0.4470691244472385,1.0392757440442935,0.026209329785537992,0.5578114570277244,0.8464581453806096,0.5485719954883636,0.5411634003056142,0.6802968707049966
2013-08-02,0.45552106469783854,1.0630745657332086,0.02732362366803995,0.5669996195614218,0.8464581453806096,0.5645288000647534,0.5572481852562666,0.6949696908320202
2013-08-05,0.461629547163646,1.068353013956797,0.027303087155007618,0.5686965607204749,0.8464581453806096,0.5661544362902017,0.5585771255736799,0.6960923597748885
2013-08-06,0.46309343244170204,1.0590712782457947,0.02772204516473463,0.560282742425056,0.8464581453806096,0.5668249123373799,0.5573158595661231,0.6848106942897247
2013-08-07,0.4729550741180699,1.0756551198919895,0.028093004679395878,0.5644296713431632,0.8464581453806096,0.5724476432851008,0.5651680843429527,0.6886503378134007
2013-08-08,0.4806655561410032,1.0899006208638728,0.0282196495443736,0.5659285599097597,0.8464581453806096,0.5805287780571295,0.5684581921408839,0.6962862227108991
2013-08-09,0.48162590681998807,1.0953332955339938,0.027952263464361245,0.5678946448114398,0.8464581453806096,0.5835911941544198,0.5681586291331828,0.6985662823165183
2013-08-12,0.47878740624782823,1.101408032009162,0.027890105408057416,0.5749930937825205,0.8464581453806096,0.5810853687204826,0.5730873924331118,0.7060227716612905
2013-08-13,0.4849840703902027,1.1108262738052057,0.02803435714702496,0.57418444125044,0.8464581453806096,0.5917509389984994,0.576959082674523,0.7066738039090878
2013-08-14,0.49049702933210604,1.1229558117887761,0.028130172884678582,0.5811451189058517,0.8464581453806096,0.6003862902564708,0.5834250739626384,0.7121482617438991
2013-08-16,0.48788143059784467,1.117961468365433,0.028008534415178685,0.5812473118919645,0.8464581453806096,0.6006358553514112,0.5788312035298134,0.7076286512058572
2013-08-19,0.4819798295449629,1.104163664264616,0.0270787706929191,0.5806572372902463,0.8464581453806096,0.5975659843348421,0.5730228457346608,0.7056697675091513
2013-08-20,0.47620054936232475,1.0902885477561668,0.026625753686466632,0.5756755475298571,0.8464581453806096,0.5881826362223213,0.5669379847585398,0.6959737272319564
2013-08-21,0.4784202367562049,1.0891819216448957,0.026950100116245705,0.5684291296387244,0.8464581453806096,0.5929661282865861,0.5668720232760494,0.6895588894836598
2013-08-22,0.484433957224696,1.1056994161001092,0.027449254099513397,0.573110064833359,0.8464581453806096,0.6114973389399209,0.5759985343449855,0.7004181073769195
2013-08-23,0.4849188331136119,1.1097260180148039,0.02742448584790125,0.5718918696885156,0.8464581453806096,0.6166944959000754,0.5736094533369126,0.6994198579302969
2013-08-26,0.48336097045294096,1.1034229549122696,0.02748253994243215,0.5742715463921175,0.8464581453806096,0.611533317294123,0.5706325677311496,0.6996166143429644
2013-08-27,0.46635412388762393,1.0780392110466617,0.02646986756818102,0.5633892275211094,0.8464581453806096,0.5910505033021806,0.556473181334269,0.6850682137121865
2013-08-28,0.464913815077023,1.0625205510335298,0.026101707136593755,0.5618702432225958,0.8464581453806096,0.5868229579876009,0.5529177884726836,0.6833957842045115
2013-08-29,0.473346879170833,1.06680317236141,0.02648356638926543,0.5666360259892045,0.8464581453806096,0.597164064336362,0.5550560680281189,0.6851289767219809
2013-08-30,0.47355265682397235,1.0627032595252557,0.02654296300687708,0.5677746151459592,0.8464581453806096,0.5919679258092909,0.5547584014330081,0.6898684914859455
2013-09-02,0.47501567202650524,1.0702333619509488,0.025712268634111177,0.5678274296666984,0.8464581453806096,0.5891580616072072,0.5559823725706116,0.6929587245554903
2013-09-03,0.48062525563353053,1.0811378182596778,0.025754705326901085,0.5645993166482876,0.8464581453806096,0.6039280335088318,0.5530231113859367,0.6850277050389901
2013-09-04,0.468560014306167,1.0562482404716234,0.024747036907646486,0.5469667268168803,0.8464581453806096,0.5866420572398274,0.5401534980190466,0.6679417253801311
2013-09-05,0.44773764857188747,1.0038787853013527,0.023712632562577527,0.5266712237642853,0.8464581453806096,0.5610420318671028,0.5206920609891074,0.6369988860114876
2013-09-06,0.45577606977266794,1.0263588369774215,0.02394602773050538,0.543327632928815,0.8464581453806096,0.5717073503860717,0.5300249026083282,0.6478436365214628
2013-09-09,0.4699758721589482,1.0571486215074144,0.024694396196909423,0.5532987986469867,0.8464581453806096,0.5891000160340698,0.5427757265053065,0.6628549934173411
2013-09-10,0.4805288375700107,1.0776319626564903,0.026619057876360083,0.5651704507393553,0.8464581453806096,0.6033417486789624,0.5608900125352474,0.6820647849423479
2013-09-11,0.49307116167729304,1.098247608450889,0.027000979234936568,0.5691605899964184,0.8464581453806096,0.6182688178975859,0.568376796906063,0.6886503378134002
2013-09-12,0.4942649497002239,1.1103108373500183,0.027874562390792713,0.5751423627041914,0.8464581453806096,0.6194555486957309,0.5775949904777207,0.6942115999479179
2013-09-13,0.4908513900727923,1.0980977498750342,0.027139544400478825,0.571299505401024,0.8464581453806096,0.6084723272356694,0.5712630358398906,0.6873280189812073
2013-09-16,0.48484364259946866,1.0798374501155636,0.026987392538253153,0.5708198065750373,0.8464581453806096,0.5911211282302931,0.5659925674146236,0.6813153744882168
2013-09-17,0.4884282376540812,1.0908564498137203,0.027010578334064197,0.5693363345100647,0.8464581453806096,0.6037696282032758,0.5706561426503485,0.6844113945110754
2013-09-18,0.4912825032822015,1.0911641004866734,0.026980879537776108,0.5665554330432434,0.8464581453806096,0.6030313876587392,0.5682122217722207,0.6839542251992888
2013-09-19,0.5006831706897775,1.1175733272910817,0.027490426137804638,0.5733443757716671,0.8464581453806096,0.621621766476884,0.576931744332242,0.6975940741598073
2013-09-20,0.5038032296780992,1.1125368002872422,0.02762507530883006,0.5739194834144821,0.8464581453806096,0.6228915436683264,0.5780161653000794,0.6967954746025091
2013-09-23,0.5021634574769751,1.1065995362659549,0.027005634570244123,0.5658192433078253,0.8464581453806096,0.6195964039015888,0.5716684511007728,0.6911531951215988
2013-09-24,0.5001749959496314,1.1039960440515357,0.02730950212849042,0.5694437089559694,0.8464581453806096,0.6184408561221525,0.572596964105058,0.6924263248506247
2013-09-25,0.5091257882033324,1.1204643702522432,0.027500576786878898,0.5723236997715079,0.8464581453806096,0.6238848153633673,0.5788722955154025,0.6964945530301939
2013-09-26,0.5168236360091397,1.140453884602244,0.02792055427669813,0.5818181640215982,0.8464581453806096,0.6321675060698599,0.5842683005291316,0.704801724512088
2013-09-27,0.5187994419978866,1.143490343985251,0.027988636670603993,0.5823676584112166,0.8464581453806096,0.6355699784627137,0.5833424131863284,0.7009331462218433
2013-09-30,0.5174847250977747,1.1339236404763018,0.027622149509855885,0.5747084045142336,0.8464581453806096,0.6334225078471408,0.5803244135493053,0.6919836229221226
2013-10-01,0.5283116236590293,1.1438757470476375,0.02761848308642381,0.5759907978549494,0.8464581453806096,0.6462586799180278,0.5849713550350015,0.6982451064076045
2013-10-02,0.524864912300069,1.1469026192157064,0.027465496302305513,0.5794963052199986,0.8464581453806096,0.643812702248285,0.585643695806992,0.6980136282750543
2013-10-03,0.5294733686683629,1.162594392839567,0.027804113283892897,0.5847322170836033,0.8464581453806096,0.6472814614683644,0.5887035171324665,0.7002705400674185
2013-10-04,0.5302238781481717,1.1554828018861893,0.027998904303436434,0.5808779472109115,0.8464581453806096,0.6419580037815665,0.585726506452177,0.692869026779127
2013-10-07,0.523110417346858,1.1537011590371482,0.028058478863821866,0.5774705669835613,0.8464581453806096,0.6333669754915665,0.5862538376555667,0.688699526916567
2013-10-08,0.5147712854227501,1.1425041215610654,0.027880605815372505,0.5751316003086082,0.8464581453806096,0.6270365157876056,0.5821058185759943,0.6866885606400375
2013-10-09,0.5127773203740823,1.1408693125152962,0.027817487845704293,0.5773093888616022,0.8464581453806096,0.6318677972627131,0.5829875578558262,0.6898916392992004
2013-10-10,0.5398370932883624,1.1869005061763187,0.028576159408226835,0.5954867855714765,0.8464581453806096,0.6459977702541605,0.6022940485014462,0.7143125822832428
2013-10-11,0.5432093983874915,1.192582379040864,0.028737599095875484,0.5989969879190947,0.8464581453806096,0.6522408725108463,0.6049228806288883,0.7203715224027434
2013-10-14,0.5500937494534458,1.20641503120119,0.028300512215297228,0.604550311978657,0.8464581453806096,0.6626901912948225,0.6092277991165181,0.7230132665904722
2013-10-15,0.5543448874861016,1.2251703125764084,0.02856404194581272,0.60376506203043,0.8464581453806096,0.673871061185785,0.614574975631315,0.7205740657687248
2013-10-16,0.5543322479317003,1.2328900622420047,0.028686650293621288,0.607601896438076,0.8464581453806096,0.6851942317642933,0.6172122013156705,0.7248737720808441
2013-10-17,0.549607962953523,1.2337845447894729,0.028346939307373302,0.6036074900419063,0.8464581453806096,0.6811571783450417,0.615986005565912,0.7161123247638205
2013-10-18,0.5418661083019689,1.2188337543058165,0.02818679251953742,0.6103628825759474,0.8464581453806096,0.6749791350709192,0.609019018572518,0.7190665644304919
2013-10-21,0.5570421899677103,1.2480833902024475,0.02828771496428852,0.6256897209414556,0.8464581453806096,0.6865218590505291,0.624202556481228,0.7391704402424738
2013-10-22,0.5533065301125443,1.239492125723448,0.02834699947411918,0.6227379703758616,0.8464581453806096,0.6805040046666873,0.6228706857932946,0.7362306679590866
2013-10-23,0.5549267946211492,1.2321957892809963,0.02814634569421227,0.617880481640267,0.8464581453806096,0.6776970035641771,0.618152923258552,0.7301167517831055
2013-10-24,0.5626712074230789,1.2473849975746385,0.02851889471671715,0.6257923508454551,0.8464581453806096,0.6874711079200652,0.6248705833755596,0.7382503146655869
2013-10-25,0.5632026499746684,1.2423552133617306,0.027913433189052657,0.6255150065742925,0.8464581453806096,0.678835728094957,0.6190298953388771,0.7342544234024396
2013-10-28,0.5575929141861965,1.2491373777093542,0.027574870186955355,0.6291450364929836,0.8464581453806096,0.6703898787771078,0.6202951948484045,0.740084778866047
2013-10-29,0.558928709755621,1.2524199509552383,0.027712442437646822,0.63149897946943,0.8464581453806096,0.6730791981137069,0.6246981743446844,0.7449545000795711
2013-10-30,0.556675852804088,1.255315648680905,0.027584250462119125,0.6306224397473132,0.8464581453806096,0.6636142849384197,0.6238301117167997,0.7388521578102174
2013-10-31,0.5527777510316828,1.2478835700272866,0.027328792703140148,0.6253345566717405,0.8464581453806096,0.6533862034451237,0.6165272613912899,0.731751566094241
2013-11-04,0.5587521443545996,1.2470783486610295,0.02727500221789992,0.6258000877546191,0.8404120157707481,0.6517446760164638,0.6187678742595606,0.7373012543221313
2013-11-05,0.5495457800804294,1.227511680343297,0.027120727296954056,0.6220144638002859,0.8265648399956786,0.6465094536332829,0.611604489735521,0.729564097741642
2013-11-06,0.5482654040199418,1.237860692939416,0.027283079281044724,0.6277821914596334,0.8246390425972958,0.6466731127250196,0.6173712285858107,0.7368730197769136
2013-11-07,0.5472807832827611,1.2290891756600892,0.027012375658650768,0.629038225233032,0.8231580870307458,0.6420912689021022,0.6135532853567154,0.7313725206521902
2013-11-08,0.5418890635239029,1.2144727362087344,0.02667952623197225,0.6295301874846829,0.8150484697043605,0.639326197626716,0.6069398876121956,0.7260051214536832
2013-11-12,0.5498792074845732,1.225289255505785,0.026768082331371276,0.6328144819172823,0.8270663439266451,0.6484628800872309,0.610315534202958,0.724410815815744
2013-11-13,0.5405294050885515,1.214889765595767,0.0268555691529034,0.6262512294826955,0.8130034246911851,0.6366106277999466,0.6052071628120367,0.7143473040031255
2013-11-14,0.5501727710383354,1.2259481853141143,0.02726623069399873,0.6305131288611788,0.8275078891456957,0.6361311146885186,0.610718837740122,0.7231463665166886
2013-11-15,0.5467031912445317,1.2346129376656516,0.027682479887719016,0.6381068237156433,0.8222893381694734,0.6346563459966431,0.615534882351901,0.7369713979832474
2013-11-18,0.5400935645942834,1.251903952580617,0.027871246485112203,0.650966210947023,0.812347882529883,0.6378253689948394,0.6250496882781319,0.7587419163495904
2013-11-19,0.5356062112255026,1.2416461066106512,0.027830533813183345,0.6481498635253924,0.8055985112241338,0.632021580712981,0.6225015547513179,0.7524949002473929
2013-11-20,0.5407159673690938,1.2440441069375294,0.027669244136151315,0.6507462464569423,0.8132840306518806,0.6384879296440902,0.62336050858589,0.7508542989829435
2013-11-21,0.5516005917600786,1.2493492486987436,0.02748493483632105,0.6549487241957931,0.8296554561895868,0.6453476064083584,0.6227573686936128,0.7470898858523466
2013-11-22,0.5489814289382016,1.250403703763942,0.02764975698248919,0.6533035264503155,0.8257160065981979,0.644835937754954,0.6232555128716735,0.7495493410106921
2013-11-25,0.5505128679671736,1.2675051271588125,0.02776779249566665,0.6544576050819588,0.8280194246241904,0.648402385712744,0.6304847179585568,0.7567078022598059
2013-11-26,0.5464723687379095,1.2479817275291158,0.02729349455841281,0.6492288910941961,0.821942160963917,0.6398302682458595,0.6220167342687708,0.7446333241706579
2013-11-27,0.5483894175648747,1.2491758315323964,0.027625633331345743,0.6541816528894688,0.8248255697978316,0.6427559092245573,0.622082581927102,0.7494972584308683
2013-11-28,0.548529087103218,1.2493269449372384,0.028006025717882434,0.6525440952282211,0.8250356449795501,0.642870064408284,0.620870822993145,0.7444105264680784
2013-11-29,0.5541685690340865,1.2560315136993974,0.02867962049071771,0.6531429325485126,0.8335179182474198,0.6454323102419295,0.6271016749664864,0.7478711245497034
2013-12-02,0.5454883211248347,1.2371288537944372,0.02777933962054468,0.6435009039628831,0.820462067426068,0.6360216101256184,0.6180400112011517,0.7336959824076628
2013-12-03,0.5398973589001607,1.2217223894696636,0.027340223727107538,0.6370758837439984,0.8120527720330923,0.6304214657639348,0.6101502485891027,0.7256607977315152
2013-12-04,0.5286718025613891,1.2060682419685034,0.02721669932181389,0.6315584327703618,0.7951685550754785,0.617326662454875,0.6036452033253933,0.7227210254481281
2013-12-05,0.5319922226037526,1.2059263657312556,0.027083334541154417,0.6286567234214276,0.8001627567607918,0.6181848336755328,0.6029092819500675,0.7170324503407076
2013-12-06,0.5372188554628288,1.2098352681678974,0.02702649527251583,0.6291405511752158,0.8080240689743916,0.6226888585326084,0.6034733934153866,0.7173391588663366
2013-12-09,0.5432187383909297,1.2191692033886816,0.026957466005506484,0.6314052220662865,0.8170484168125876,0.6286052565073629,0.6070290506249768,0.7172263132767184
2013-12-10,0.5421980462041992,1.2116097600610132,0.026758803018898807,0.6277677572506309,0.8155132066361283,0.6274658485610197,0.602965732540001,0.7160255204641144
2013-12-11,0.5408639794728253,1.207700842180553,0.026420743249887635,0.6273869678616043,0.8135066537804221,0.6254515281979979,0.5996816273832875,0.7147466037817747
2013-12-12,0.5360056970306066,1.1898859366627883,0.026287832100231865,0.6173381704913669,0.8061993727584141,0.6153281507995332,0.5913168522675325,0.7061848063540755
2013-12-13,0.534776528755113,1.188308167948402,0.02637659115631366,0.614561331098593,0.8043505963401647,0.6126051032745103,0.5908077490311218,0.7030193428914521
2013-12-16,0.5370601775786867,1.1820154495347046,0.02601256687575244,0.6127259888414464,0.8077854035807687,0.6152038595065149,0.5890012526543795,0.7041188640210654
2013-12-17,0.5281304473793078,1.1541470421363813,0.025651952719708646,0.6013545116148782,0.7943543096100826,0.6064741757174049,0.5743326174103824,0.6921948467180751
2013-12-18,0.5301872698331686,1.1540597857705759,0.025504443657610593,0.6011916539917372,0.7974479501839872,0.6098980143239793,0.5753903724122088,0.6939974826753094
2013-12-19,0.5311480521510473,1.1474984622789923,0.025093513379240262,0.5979616439191042,0.7988930506863182,0.6110770509886981,0.5714008723339332,0.6881352989684765
2013-12-20,0.530989435414574,1.161178167691674,0.025364327892132773,0.6058303772870028,0.7986544772641284,0.6186671616718453,0.5758738035047994,0.6969922310151773
2013-12-23,0.5391482845671046,1.17086920549872,0.02553822626787144,0.6040275267385703,0.8109260988264364,0.6250430642890178,0.580886216860842,0.6985402410266065
2013-12-27,0.5421132789779425,1.1660191702705793,0.025754966679855756,0.6050001605969173,0.8153857093258994,0.6278491251663757,0.5801262964222685,0.6956930599962394
2013-12-30,0.5414954310711286,1.1658000406847453,0.025612725394854156,0.6016025025825716,0.814456412123103,0.6298501101614451,0.5799060450287823,0.6947179583628719
2014-01-02,0.5399870127641409,1.172214566536285,0.025938468481515126,0.6093982075965314,0.8107623205519463,0.6295571755710442,0.5862471442482059,0.7033231579404242
2014-01-03,0.538148574590492,1.1635256074365632,0.025851771262776234,0.6011380116132421,0.8107623205519463,0.6295927404894395,0.5835136412497994,0.6959447924653877
2014-01-07,0.5287847408182644,1.1361281390756663,0.02489211884052695,0.5854012697380223,0.8107623205519463,0.6127670810311553,0.568815377403319,0.6798512752998374
2014-01-08,0.5259500858063437,1.1329382425004175,0.024858069127260515,0.585571382363846,0.8107623205519463,0.6078973474382202,0.5655723761661691,0.683838486133014
2014-01-09,0.5159895254131276,1.113551139849946,0.024725846530071906,0.5791084927912752,0.8107623205519463,0.5939239478726461,0.5575019400656614,0.6728895704633912
2014-01-10,0.5147045956004617,1.1130959052748468,0.024897100790275392,0.5796054812503754,0.8107623205519463,0.5888642935319865,0.5585824281627254,0.6735695374777573
2014-01-13,0.5183032657380869,1.1247474545559482,0.025157545521241064,0.5867738623702615,0.8107623205519463,0.5907994651650839,0.5666854823287267,0.683983159965858
2014-01-14,0.5262347319695705,1.1359693969982476,0.024949548901754076,0.5882930151879826,0.8107623205519463,0.5993105901478226,0.5652388757203253,0.687938542555809
2014-01-15,0.5345680176699803,1.1545804033826856,0.02510857581955711,0.5922210539420165,0.8107623205519463,0.6096032031046528,0.5696361747247026,0.6934737634004148
2014-01-16,0.5392919346765185,1.1583402503486038,0.02503595356891793,0.5934722880538793,0.8107623205519463,0.6070639383898726,0.5714085606905255,0.6949754777853341
2014-01-17,0.5362812033767366,1.1476593474497008,0.025139913437217994,0.5865606741214437,0.8107623205519463,0.6013906560086998,0.567985026970441,0.6875710710203857
2014-01-20,0.5387223256835637,1.153221431931909,0.02528008534574847,0.5856181485345187,0.8107623205519463,0.6038307352808323,0.570061332948303,0.6884217531575075
2014-01-21,0.5463933990396259,1.1709964273303703,0.025562057775229394,0.5935036112020213,0.8107623205519463,0.6179369186882037,0.5756440778704742,0.6976924523661419
2014-01-22,0.5536442385676883,1.1866873696059799,0.025698386507418274,0.5975945644337805,0.8107623205519463,0.6282615791578688,0.5782032263286968,0.7039192141317413
2014-01-23,0.5589193599112126,1.18886833621571,0.025635395188681423,0.5905806159554524,0.8107623205519463,0.6375336971018065,0.5769426831775339,0.6962775422809289
2014-01-24,0.5521440717623638,1.1723065422590653,0.024931248495335026,0.576460590302411,0.8107623205519463,0.6272193162526287,0.5695764383689306,0.6792262843419523
2014-01-27,0.5480961825046612,1.1582217601523335,0.0246661661730802,0.5723891229166277,0.8107623205519463,0.6239968456228968,0.5635034489438449,0.6707252499240475
2014-01-28,0.554335953874524,1.175115937216319,0.0251749928911423,0.5766497710739235,0.8107623205519463,0.6333966461883117,0.5676350165953992,0.6752882626119426
2014-01-29,0.5522861306362279,1.1663126747403396,0.024951465230569188,0.5701696514982421,0.8107623205519463,0.6276369888425509,0.5654380803158967,0.6693595289420016
2014-01-30,0.5538561056441608,1.1738942266251562,0.024928989227030834,0.5750661400283326,0.8107623205519463,0.6286385114458158,0.5688930026957024,0.6758843188032594
2014-01-31,0.5595627541112436,1.180318256050593,0.025149426955311718,0.5793385219585646,0.8107623205519463,0.6334342690326173,0.5715323809819961,0.6816712721170135
2014-02-03,0.5632614785283184,1.1862871693807335,0.025052030808793403,0.5844189364323717,0.8107623205519463,0.6339630389449477,0.5748197683828563,0.6856295481836214
2014-02-04,0.5587963780416075,1.1791497612309467,0.024950891595581667,0.5833232488391102,0.8107623205519463,0.629512752854934,0.5710385053982941,0.6810665354957263
2014-02-05,0.5586571496173774,1.1944923336046325,0.025284379930060778,0.5811846863739817,0.8107623205519463,0.6345478350696856,0.5758177937860367,0.6825711433573023
2014-02-06,0.5637891154738175,1.2183322263741072,0.025649613029689378,0.59652762209244,0.8107623205519463,0.6404877762734295,0.586957531299592,0.7000679967014379
2014-02-07,0.5633404438045786,1.2165660903670026,0.02570990608253051,0.5997393114427687,0.8107623205519463,0.6398563244670292,0.5850599763954475,0.700493337769999
2014-02-10,0.566617079310793,1.2199333826385637,0.02546784150727606,0.598796037316067,0.8107623205519463,0.6424822695425172,0.5837668762740589,0.6977213871327108
2014-02-11,0.5709604412982067,1.2342082115776154,0.02548077082266383,0.6066768955247986,0.8107623205519463,0.6440354288693508,0.5886127926055275,0.7070817841177082
2014-02-12,0.5701128120152013,1.2385661409689646,0.02601211357010866,0.6132807275420455,0.8107623205519463,0.6423317242852736,0.5962139400817134,0.7183287278829894
2014-02-13,0.5742898698082544,1.2425358412547305,0.026128998786589485,0.6125545524495827,0.8107623205519463,0.6469333890920279,0.5994193158874286,0.7203802028327153
2014-02-14,0.5784089359943344,1.2485294774645979,0.026168465503660015,0.611008317744249,0.8107623205519463,0.6523514163637376,0.6001958673035681,0.7183779169861564
2014-02-17,0.5811661550392248,1.2412998726042468,0.026344370152973775,0.6094521048886987,0.8107623205519463,0.6559754910809036,0.6010225089876442,0.7179381085343111
2014-02-18,0.5811141644607407,1.2358694757516975,0.02617033722795544,0.60671678234589,0.8107623205519463,0.6513740216111399,0.5984386847512628,0.7149404667177864
2014-02-19,0.5823098160259769,1.243303340717769,0.02605188766885759,0.6110464702041151,0.8107623205519463,0.6541286014630794,0.6007034759813641,0.7193559120961809
2014-02-20,0.576948199581613,1.2313334830004674,0.025918230599254438,0.6062370740057691,0.8107623205519463,0.6482853214033366,0.5956384828635951,0.7126170049623142
2014-02-21,0.5843616544243462,1.2432438234267744,0.026300992581178646,0.6137609882235514,0.8107623205519463,0.6500464585822008,0.6015759346544015,0.7198159748846242
2014-02-24,0.5903163852298847,1.2565631815929257,0.026454402579979282,0.6260175369844061,0.8107623205519463,0.6549677078777745,0.6098891007482292,0.7311526164262688
2014-02-25,0.5830495318440864,1.2497769365011575,0.025793506872536117,0.6216290183044574,0.8107623205519463,0.6510471679982124,0.6060966630152655,0.7254119587390246
2014-02-26,0.5714134177749222,1.2357151355137732,0.025073217279907262,0.6125816631395299,0.8107623205519463,0.6455931397156603,0.5956233294817288,0.7171134676871012
2014-02-27,0.575988407653765,1.2418829870984494,0.025124017476401323,0.6130506142289661,0.8107623205519463,0.6496206405851054,0.5971028966109632,0.714081104150694
2014-02-28,0.590617455932017,1.2639252125218645,0.025012770317701816,0.6240421040822787,0.8107623205519463,0.6611463825971936,0.6065232359077992,0.7287307764644627
2014-03-03,0.5510584770790625,1.1854628420533087,0.02326515013051462,0.5899522189844337,0.8058398350343094,0.6203191922942128,0.5713948632056458,0.6915090927503958
2014-03-04,0.5724634083939781,1.2172801883984476,0.024650777513308606,0.6049015290118053,0.8371413157975889,0.6406854361635903,0.591906342296602,0.7068531994618151
2014-03-05,0.5663014584364409,1.2085878048556997,0.024530614011681575,0.6050765873256921,0.8281303941916065,0.6369220951310705,0.5887949394091977,0.7075736751493775
2014-03-06,0.5673633950687819,1.2150970331129856,0.024573265556782853,0.6082443511038528,0.8296833162066322,0.6387395182628125,0.5913270373820171,0.7118039380217319
2014-03-07,0.5573148545243037,1.2001485839873935,0.024438614768134324,0.6021379919319598,0.8149888425863017,0.627786321388083,0.5846459963784967,0.7046049680994217
2014-03-10,0.5470811574452156,1.1849867698201728,0.023892319860772712,0.5914551367314199,0.8000236054853028,0.6204998638618253,0.5759477369786691,0.693557674223465
2014-03-11,0.5447974455747777,1.1864493260511433,0.023744856106606226,0.5911627790323974,0.7966840216235425,0.6162860373237905,0.5737007224245032,0.6947324257461573
2014-03-12,0.5276919392604243,1.1634290596349361,0.02313772610092025,0.5760605396028592,0.7716698008831196,0.5957693967931051,0.5652187559784598,0.6856064003703669
2014-03-13,0.5158613949631591,1.1429680937814655,0.02321626521171224,0.5689371487336959,0.7543694157853207,0.580855374533805,0.5553246447237544,0.6768912486798532
2014-03-14,0.49819402602714646,1.1232312094904642,0.022767409817180433,0.5621785124080404,0.7285335557794069,0.5622710977437955,0.5489691831669236,0.6776464460872981
2014-03-17,0.5297363457496687,1.1671579758249506,0.02350450708838493,0.5816283200383532,0.774659436750384,0.5979469970810127,0.5683821666295552,0.6929413636955504
2014-03-18,0.526152251608137,1.1615040746231318,0.024099526719724373,0.5758190387179465,0.7694182401226349,0.5926510299308372,0.5692666283291881,0.6884883031206165
2014-03-19,0.522234391139215,1.1558622945205588,0.023779046900460923,0.5720257693511278,0.7636889606263855,0.5900763174099957,0.5647282047868718,0.6830832887255701
2014-03-20,0.5231721233601163,1.1601308005191162,0.023919354774933368,0.5739129153336405,0.7650602524395573,0.5951019638222309,0.5670531829849145,0.687018416978923
2014-03-21,0.5293377612312434,1.1464910511069946,0.023955115209378233,0.5781700508670624,0.7740765670624382,0.5971065046872989,0.5670346896946397,0.6845850031104894
2014-03-24,0.534733496833541,1.1488710848186472,0.022842207729812408,0.5774313965546467,0.7819670158414712,0.6009131115512955,0.5654473702541926,0.6833755298679148
2014-03-25,0.5439499571807972,1.162286359726478,0.02316289715396166,0.5860122412658967,0.7954446977840496,0.6074976337397514,0.5714128915138665,0.6949002473922563
2014-03-26,0.552252686396484,1.1784674576824128,0.02355523979321778,0.5929668953311106,0.8075861858834036,0.6122103835475424,0.5794527651478617,0.7015494567497598
2014-03-27,0.5467886240745323,1.177513776219844,0.023360506428315223,0.5921241856651935,0.7995958195914666,0.6143497972632257,0.5775251242679795,0.7007392832858341
2014-03-28,0.5448938325374246,1.1767667042566767,0.023436935885652124,0.5933334299760772,0.7968249730058543,0.6117463612873043,0.5761365373698416,0.7041969878908021
2014-03-31,0.5486752280705526,1.184724144336214,0.023532111922317207,0.5984219180824571,0.8023546931342286,0.6158129733516334,0.5835987029165028,0.71250994632601
2014-04-01,0.5510474852053936,1.1898254797483223,0.024188410823201528,0.5992821788513597,0.8058237610784006,0.6210029368457081,0.587317281576021,0.7125967506257164
2014-04-02,0.5462650918520009,1.185434741190403,0.024353739386712096,0.6017406265290391,0.7988302327483496,0.6158076507295646,0.5884463175888782,0.7156869836952611
2014-04-03,0.5475923909471079,1.1830571301798076,0.02429081330223852,0.6012407643060227,0.8007712073060983,0.6155692350099102,0.5854298243394755,0.7087542136253836
2014-04-04,0.5504178041681252,1.186178390345674,0.02402712666360203,0.601982444202407,0.8049029476179377,0.620618171110312,0.5850491182252423,0.7151227557471701
2014-04-07,0.5433167200984168,1.1763149116983227,0.023535626923780868,0.5973411746153839,0.7945186841444305,0.6190364117274352,0.5788992324101908,0.7098710956149381
2014-04-08,0.5436799921769284,1.1789527028715405,0.023447284683971222,0.6015258907126102,0.7950499147197626,0.6161382909163912,0.5802032169596659,0.7133982436596712
2014-04-09,0.5457870367153269,1.1757849896279466,0.023506078757089814,0.6019015562863842,0.7981311492780858,0.6162841326184348,0.5803723205649339,0.7123045094833717
2014-04-10,0.543389675753939,1.1731166572021803,0.02335552719586137,0.6041177414895716,0.7946253707772584,0.6128190831794771,0.5812413573321321,0.7149231058578452
2014-04-11,0.5386741829963414,1.164766453657997,0.023208236433891687,0.6016507122344984,0.7877296744692551,0.6085601582090269,0.5770784842215029,0.7129873699743945
2014-04-14,0.5280319488148358,1.1495690089823007,0.022541196018978995,0.5959757586168323,0.7721670135286621,0.5963459723277861,0.5684145223644335,0.706196380260704
2014-04-15,0.5238871337202698,1.1413711212597968,0.0223374014758945,0.5892282181997747,0.76610584715344,0.5945147117707903,0.5643353638345862,0.6965524225633327
2014-04-16,0.5171805971997386,1.1333175569051774,0.022057473819777122,0.5880030318403782,0.7562985499097736,0.586199064954128,0.5611525285124888,0.6931468005381884
2014-04-17,0.5237711292645109,1.147541900393089,0.02224392705528683,0.5927667081937983,0.7659362081489054,0.5921645682600627,0.5657795145094104,0.7042461769939689
2014-04-22,0.5371969225172283,1.1645659433260924,0.023036740855319367,0.5973123488425194,0.7855694040255424,0.6001813160686582,0.5764048854649572,0.7115927142257799
2014-04-23,0.5318007260040967,1.155924163296287,0.022815107358451367,0.5941731938023681,0.7776782812339937,0.5940421797960075,0.572859234647782,0.7099087108114773
2014-04-24,0.5242797770991856,1.1441918695478612,0.02239842195088437,0.5909531782915294,0.7666800288217268,0.5887735494977211,0.5676062149621081,0.7081321161441548
2014-04-25,0.5278690341753356,1.1479810196203812,0.022502438535749975,0.590251216591718,0.7719287754619595,0.5891301468073267,0.5685398807395408,0.7030569580879924
2014-04-28,0.5268266086120004,1.1450777354731596,0.022288783271613856,0.5907472228201384,0.7704043854399671,0.5855360826185689,0.5688199616454761,0.7054961589097398
2014-04-29,0.5322565310599876,1.1505173712900387,0.022354853406203166,0.590513852917577,0.7783448273199808,0.5847665334203919,0.5706128027073332,0.7092924002835626
2014-04-30,0.535239352133202,1.1645456139066528,0.022552273282320758,0.5886734455945416,0.7827067528533956,0.5904352299926975,0.574170865630052,0.7057449979022313
2014-05-02,0.5303432299081576,1.156050907009115,0.02268194384438893,0.5850539145343001,0.7755469132170452,0.5855762702780049,0.5721803022241259,0.7037108838124467
2014-05-05,0.5152558737558142,1.1373282135996396,0.02208131655998744,0.5787935958823504,0.7534839324289573,0.5770133101855591,0.5626657703330582,0.6961328684480856
2014-05-06,0.5119133729820036,1.127769114542503,0.0220412413900186,0.5773165942355933,0.7485960296306066,0.5717793976367208,0.561464669723128,0.6913383776276404
2014-05-07,0.5010443051150264,1.1167378356329158,0.022483890213132404,0.5767306493160475,0.732701658667786,0.5702270366913724,0.5619698245387641,0.6913759928241797
2014-05-08,0.5043979742560997,1.1210225567248306,0.02259627348282787,0.578895499621439,0.7376058935172835,0.5710566923966984,0.5641833870284089,0.695559960070024
2014-05-09,0.4941981961549304,1.1093864212972877,0.022124519243074205,0.575266039811781,0.7226902578010879,0.5629739046759263,0.557789928163001,0.6909072496057657
2014-05-12,0.4962295863691876,1.1173088435262062,0.022291053481639015,0.5741166607601137,0.7256608593311183,0.5732590984407044,0.5634582180601458,0.6981120064813896
2014-05-13,0.5001332138083358,1.1231255571518584,0.022405965984190347,0.5750047708309928,0.7313693251699392,0.5762550558633858,0.566928568313122,0.6982624672675473
2014-05-14,0.49952531318170085,1.1245895794100367,0.022413844044546574,0.5762084083719242,0.7304803622720607,0.5770889935489744,0.5673326203230762,0.7006524789861276
2014-05-15,0.4959750906248878,1.1143848605592956,0.022167650191455925,0.5781284339762587,0.725288697723714,0.5674633979988354,0.5652256759368114,0.6931496940148454
2014-05-16,0.49001059196594426,1.1112940232856463,0.022019725449139584,0.5719494874261796,0.7165665188347105,0.5668782560467261,0.5653620535568776,0.6923771357474592
2014-05-19,0.4919447857329065,1.1151121128909673,0.021903389885131814,0.5712010546284642,0.7193949852333312,0.5671817037331794,0.5673797534460362,0.6944662258937245
2014-05-20,0.49448525365371276,1.122613142531001,0.022113551437455872,0.572870137030751,0.7231100360589059,0.5740982214077208,0.5675636345438805,0.6973741699338859
2014-05-21,0.4951914437597484,1.1245735494238274,0.022252954194711173,0.5745283574535526,0.7241427324826449,0.577402961360777,0.5685916929490958,0.6988411625989227
2014-05-22,0.5069601931687086,1.1374795716440786,0.02244536663760727,0.5835185467771506,0.7413527518848434,0.5839031583089647,0.575573388572727,0.713077067750758
2014-05-23,0.5075864398020864,1.1411856699032663,0.022741086507790515,0.5824970468828102,0.7422685430480734,0.5872364327404956,0.5789265800410686,0.7133924567063575
2014-05-26,0.5098795551313767,1.1429548530736835,0.022995246272934294,0.5839641750489447,0.745621878048861,0.5881844730675325,0.5848743396873863,0.7152616426267001
2014-05-27,0.5075902287655019,1.1398575662205404,0.022909096947746527,0.5867657999485816,0.7422740838350872,0.5857596222695867,0.5822537248099677,0.7129960504043653
2014-05-28,0.5052297769600018,1.1341647659407916,0.022748049550944848,0.579840029781663,0.7388222794029459,0.5787446414060651,0.5774646861782273,0.7084185703331857
2014-05-29,0.5074560380018109,1.1418602889437641,0.0230679355752799,0.581597500205907,0.7420778501006041,0.591990452105522,0.5824269226051265,0.7133288002199062
2014-05-30,0.500993313356655,1.1280375852962323,0.022755897649751763,0.5818736349256481,0.732627090918875,0.5895539697279591,0.5783265081789042,0.7029730472649431
2014-06-02,0.4957378818362142,1.1226760909541258,0.02269808255957169,0.5803767165548163,0.7234551711620658,0.5830481939847139,0.5800249727222138,0.7060777477177721
2014-06-03,0.501521456450371,1.1234772720737503,0.022916283386717445,0.5807128897070722,0.7234551711620658,0.5891804881713358,0.5809074470684185,0.7078659162917222
2014-06-04,0.5033555123850874,1.1265214233266496,0.023061018714039146,0.5859055916841083,0.7234551711620658,0.5839312401967212,0.5828208168018209,0.7124086746430193
2014-06-05,0.5112679359306115,1.1315316743541506,0.02338404864303879,0.5909317725340939,0.7234551711620658,0.5897047693376996,0.5896678776909584,0.7178281564213501
2014-06-06,0.5151850812533202,1.1363700532299161,0.02349673262618826,0.5998751045745747,0.7234551711620658,0.5925800975548342,0.5937058877962593,0.7229930122538758
2014-06-09,0.5154088406102804,1.1364263119634694,0.023086997483761567,0.5975471873560892,0.7234551711620658,0.590929218957704,0.5932840193221174,0.717761606458242
2014-06-10,0.516020176124327,1.1440781608962218,0.023377262297734507,0.6011034125599146,0.7234551711620658,0.5952923253975969,0.5969370504859102,0.7231724078066023
2014-06-11,0.5092625187364797,1.136380037959724,0.02315571186483654,0.5968663525206069,0.7234551711620658,0.5874933361740959,0.5936846450644478,0.7197552118748305
2014-06-12,0.5037581082099953,1.130900736016812,0.022951900574042818,0.5951085861573957,0.7234551711620658,0.5774921944068462,0.5897675604831542,0.7165376658323831
2014-06-13,0.4967867635934733,1.1249956281782894,0.02284753409449887,0.5938518734758084,0.7234551711620658,0.5776182582422588,0.5868808226681342,0.7152153470001903
2014-06-16,0.49769193169346376,1.119935542846261,0.022688408590776806,0.5898734620347236,0.7234551711620658,0.5775602340638367,0.5850539597637935,0.7080366314144783
2014-06-17,0.5036264085587985,1.1299516845859165,0.023013603697614116,0.5895441742299535,0.7234551711620658,0.5861273358368057,0.5883427993800249,0.7130654938441304
2014-06-18,0.5045058970359536,1.1300687273665269,0.022801335071269267,0.5900714572314641,0.7234551711620658,0.588278064104787,0.5892027044514004,0.7124781180827845
2014-06-20,0.5040130668653844,1.1287898054957028,0.022692883096088946,0.5916671961308484,0.7234551711620658,0.587799275326135,0.5921769294872679,0.7124115681196763
2014-06-23,0.5000072481325917,1.1303821519061985,0.02272028911316654,0.5922881864563537,0.7234551711620658,0.5909041696562322,0.5928130165196063,0.7163929919995391
2014-06-24,0.49712555941471787,1.1236415332177305,0.022625301652199777,0.5913633443757269,0.7234551711620658,0.5852567189656389,0.5892266747217458,0.7117287076286533
2014-06-25,0.487253628893247,1.1060665794752926,0.02211745808467719,0.583889547460296,0.7234551711620658,0.5751515431658627,0.5791374079643397,0.7005396333965095
2014-06-26,0.48408642724110906,1.102782995353825,0.021940800416581464,0.57813935513858,0.7234551711620658,0.5744804404526987,0.5756561523682624,0.6952503580677383
2014-06-27,0.4769858702185832,1.0959894123294232,0.021872907994822895,0.5774269694860569,0.7234551711620658,0.5707273151473414,0.5719364366915326,0.6943273390141944
2014-06-30,0.4830548149221439,1.0986488806242454,0.02188413484937046,0.5811167897688045,0.7234551711620658,0.5684430588633099,0.5758932538450559,0.6969835505852074
2014-07-01,0.47924635622717726,1.0886683713532632,0.021841299352282875,0.5763924427068489,0.7234551711620658,0.5657340018255164,0.5711392520357712,0.6958319468757703
2014-07-02,0.47539645457368473,1.0730289836825577,0.021694554313437583,0.5736366574300967,0.7234551711620658,0.5553035901265085,0.5660218464574391,0.6889541528623736
2014-07-03,0.4735510837980693,1.0599661540837908,0.021523953160846175,0.5720492279569447,0.7234551711620658,0.5473390607163946,0.5622361802350289,0.6873511667944637
2014-07-04,0.47788564280226664,1.0607362885719929,0.021453111507018025,0.5673721485538193,0.7234551711620658,0.5462591204624915,0.5612362903442737,0.6837285340200536
2014-07-07,0.4792877921238171,1.068950650171905,0.021310281628800266,0.5695232078064993,0.7234551711620658,0.5503181974905097,0.5629607103414609,0.6883233749511745
2014-07-08,0.4759756507937381,1.0670390342760816,0.021273356577054117,0.56870283312153,0.7234551711620658,0.5451136027743959,0.5615505273935609,0.6831237973987663
2014-07-09,0.476706344276166,1.0684515624651028,0.021212752058203582,0.5652419558438679,0.7234551711620658,0.5403580811548103,0.5597732288981072,0.6780544262959176
2014-07-10,0.47123212445811746,1.0513051443437682,0.021095281049569158,0.5605929628328887,0.7234551711620658,0.5381137214855931,0.554667733506822,0.6774149679547478
2014-07-11,0.47352420575403187,1.0620102629584036,0.02124565522152147,0.5680919229928949,0.7234551711620658,0.543606259471182,0.5600851186432133,0.6863471303945274
2014-07-14,0.48133451408309574,1.0757918801278272,0.021114074768580914,0.5683110491104911,0.7234551711620658,0.5479913998081806,0.5630819477143565,0.6887516094963922
2014-07-15,0.4859270310104763,1.080712881363558,0.021037339021931636,0.5696635543453741,0.7234551711620658,0.547798467995538,0.5652065149522746,0.6910606038685803
2014-07-16,0.4806554458373162,1.0816972238078426,0.02105435370883313,0.5716305868897439,0.7234551711620658,0.5466503646163555,0.5652404139927436,0.6935663546534357
2014-07-17,0.47737594002819145,1.0774533664130008,0.021040833257455156,0.5727715633284006,0.7234551711620658,0.5454128446940785,0.5649473648678688,0.6953400558441015
2014-07-18,0.47782800866777375,1.069234121984414,0.021011230570846653,0.5711284707030546,0.7234551711620658,0.541677222191662,0.5629896772852706,0.6926838442730883
2014-07-21,0.4766424429717615,1.0704412311572864,0.020728184985811964,0.5670436712276974,0.7234551711620658,0.5419468492510203,0.5615490903272385,0.691630618769985
2014-07-22,0.4849675567634032,1.0813026182542325,0.020677616612437597,0.5707216587643653,0.7234551711620658,0.5434452161374193,0.5663241811844436,0.6977937240491332
2014-07-23,0.48467366663159467,1.0796108449374342,0.020702921050865127,0.5664616265903137,0.7234551711620658,0.5452173408276373,0.5644324401105693,0.6952821863109638
2014-07-24,0.4831453184515237,1.0755617033248392,0.020592100759788286,0.5669360616721185,0.7234551711620658,0.5471311692178407,0.5636147292392428,0.6970963961748258
2014-07-25,0.4861039387851343,1.0828236152101742,0.020823205503280626,0.5683149196226418,0.7234551711620658,0.5558714187802393,0.566064175992406,0.6962630748976453
2014-07-28,0.4854278004372792,1.0843489538394062,0.020619882968623708,0.5676365170551505,0.7234551711620658,0.5625638001955919,0.5658383603881032,0.6944141433139007
2014-07-29,0.4773067491253912,1.0666344552776348,0.020365775073995954,0.5676673801061745,0.7234551711620658,0.5565364510901842,0.5604299177123371,0.6918273751826526
2014-07-30,0.46662196451225835,1.0493623868059272,0.01988801002167471,0.5561172235028129,0.7234551711620658,0.5489310694650372,0.5500869616470477,0.6789571910128634
2014-07-31,0.46312992603984193,1.0555652992442255,0.019799674133313343,0.5535162633931703,0.7234551711620658,0.5514751778010057,0.5480459126733666,0.6715325299113168
2014-08-01,0.46788745655399605,1.0598773241017967,0.01994513195907971,0.5583438278446233,0.7234551711620658,0.5510508334552632,0.550328414707569,0.6776261917506999
2014-08-04,0.47709297396990286,1.0781698158684943,0.019882496883533447,0.5646043590871883,0.7234551711620658,0.556470198138799,0.5570719701136321,0.6833118733814634
2014-08-05,0.4711757293858171,1.0775652986384743,0.019890829650050488,0.5604795499978146,0.7234551711620658,0.5501339303165014,0.5537406026066919,0.6855601047438568
2014-08-06,0.46561974522137767,1.0717992596922286,0.01986454817714521,0.5634848548678345,0.7234551711620658,0.550244513036659,0.5505224318193688,0.6835173102241016
2014-08-07,0.46052120937765295,1.0560560624177036,0.019465790590881115,0.5599121187111487,0.7234551711620658,0.5445716277210839,0.5426801839299246,0.6749699801796867
2014-08-08,0.45609129358765443,1.0451470747978235,0.019184464368475866,0.559273569895041,0.7234551711620658,0.5372455387605659,0.5387875469929759,0.6700279220497406
2014-08-11,0.4681650309404984,1.0702584541179714,0.019399379244990685,0.5653994069854227,0.7234551711620658,0.5475471945884905,0.5479410883291466,0.680539922744175
2014-08-12,0.4655223904621716,1.0664383677358475,0.019396857542925746,0.5675677682911415,0.7234551711620658,0.5456107257903079,0.5468519997880129,0.6798165535799556
2014-08-13,0.46822071618141425,1.0793637678258983,0.019445108188156972,0.5714078305401133,0.7234551711620658,0.5531541669767734,0.5495109042264019,0.689150909275041
2014-08-14,0.4669151997659095,1.0882442496161495,0.019498856015717967,0.5728082072329207,0.7234551711620658,0.56124888785857,0.5526829650014874,0.6989945168617369
2014-08-18,0.4719251538393984,1.1039365915026391,0.019476002975421992,0.5835702064102789,0.7234551711620658,0.5682805845661705,0.5588747862024176,0.7085343093994605
2014-08-19,0.47451951362758377,1.1070166347236705,0.019313432073349936,0.5812906711479906,0.7234551711620658,0.5695243075202522,0.5586136999790822,0.7083201921268516
2014-08-20,0.4746277038515274,1.1123962930605562,0.019139483846171732,0.5824942510199971,0.7234551711620658,0.5703997444703125,0.5594242805998175,0.709208489460513
2014-08-21,0.4706149370960061,1.1157580431026268,0.019108991015159556,0.5799258157312184,0.7234551711620658,0.5669651745096673,0.5572783828334967,0.7088641657383445
2014-08-22,0.4670268014698703,1.1099409339204274,0.018875353694251567,0.5795717021231845,0.7234551711620658,0.5633594657082616,0.5546650915431911,0.7057276370422899
2014-08-25,0.46895857063796936,1.1110454809432249,0.018809548385195232,0.579964706735454,0.7234551711620658,0.5692712084682413,0.5557509844999429,0.7088439114017465
2014-08-26,0.4759273372143132,1.1176242156053537,0.01929262360093658,0.5835079833660891,0.7234551711620658,0.5728844855046825,0.5623229034227253,0.7143299431431855
2014-08-27,0.4777447323828652,1.1129080654435353,0.019405301618532687,0.5834726991383072,0.7234551711620658,0.5683829692994591,0.5633089852507577,0.7139046020746245
2014-08-28,0.46825730759642464,1.0964758633092935,0.019041572841679146,0.574223780645638,0.7234551711620658,0.5621147275395866,0.552619620348145,0.7006264376962156
2014-08-29,0.4671385678026602,1.0940692862910584,0.018933811381565257,0.5734176415162624,0.7234551711620658,0.561313428086744,0.5515019366053673,0.6993446275372189
2014-09-01,0.47220236983964103,1.1028450726684638,0.018868166895766342,0.5766289814979659,0.7234551711620658,0.5652262585714628,0.5558561416495135,0.7069168559482664
2014-09-02,0.4724060295083936,1.102180839130571,0.018945106189644578,0.5807681579780439,0.7234551711620658,0.5671625680487524,0.5568321304164084,0.7126922353553931
2014-09-03,0.4820006137466068,1.1180240117021802,0.019344420598487358,0.5933384748173653,0.7234551711620658,0.5717558241353113,0.569382922525641,0.7274084576322698
2014-09-04,0.4844525039414908,1.1232472728690193,0.019640351536911654,0.6049314460815394,0.7234551711620658,0.575301401876442,0.5745967985495286,0.7344077776652556
2014-09-05,0.48542431593104285,1.121499547085058,0.019758026523942828,0.6039189939037888,0.7234551711620658,0.5766733389647128,0.5749642766455222,0.7353539445320543
2014-09-08,0.49091952210388007,1.1273661888311803,0.019521627161178626,0.6061946610026846,0.7234551711620658,0.581969104284576,0.5758165407525128,0.7382618885722158
2014-09-09,0.4891412276953104,1.1211513727807316,0.01947133382736606,0.6055537707576567,0.7234551711620658,0.5822451432116077,0.5744499334444267,0.7357763921239585
2014-09-10,0.49045009682514756,1.1238195225501537,0.019473086072089644,0.6070521193133036,0.7234551711620658,0.5820247372955677,0.5736334522836075,0.7339129931569297
2014-09-11,0.48602091013829446,1.1181530052749893,0.019382728565799385,0.602544162499859,0.7234551711620658,0.577530758349246,0.5681931438625707,0.7238263335310562
2014-09-12,0.4871819267027517,1.125446412733462,0.019503419141445415,0.6041512463807279,0.7234551711620658,0.584947542886998,0.5682522544191194,0.7226110733351678
2014-09-15,0.4919988293578042,1.1241011734842343,0.01935778955415071,0.6033990373393945,0.7234551711620658,0.5874722267046892,0.5698738642272395,0.7204091375992844
2014-09-16,0.4960361361342924,1.1267052235877657,0.01940433695673631,0.604954381325963,0.7234551711620658,0.5918841561760819,0.5718375734577464,0.7229293557674243
2014-09-17,0.5081306757583436,1.141924553282233,0.019750325550017656,0.6111135970475221,0.7234551711620658,0.5968052480218926,0.579725687881202,0.727787503074321
2014-09-18,0.5053453407787865,1.1385549837252213,0.01950346171809932,0.6047550364428802,0.7234551711620658,0.6000846627627275,0.5777393714168392,0.7242835028428428
2014-09-19,0.5140703591420274,1.1558140653727142,0.01994773950164916,0.6168846271330435,0.7234551711620658,0.6068124948972913,0.5871016069867696,0.734827331780503
2014-09-22,0.5108608230186708,1.1470835047281078,0.019480770781803762,0.6155951571847789,0.7234551711620658,0.6074380971106936,0.5839208286182459,0.7279379638604787
2014-09-23,0.5064704573138039,1.133424891188727,0.019086193042553712,0.6098263032716577,0.7234551711620658,0.6028716233695559,0.5756873961336516,0.7191128600570037
2014-09-24,0.5005746432000807,1.1272037682554896,0.018992983373431208,0.6079139792059906,0.7234551711620658,0.6001120567247338,0.5730439142118617,0.7161499399603617
2014-09-25,0.5006264041594692,1.13185466739518,0.019039247736500065,0.6080850519961609,0.7234551711620658,0.6004668943882159,0.5723103372671563,0.7145961429956186
2014-09-26,0.49658986571356695,1.1221484427527306,0.018980241100050387,0.6099230127362205,0.7234551711620658,0.5920146338963759,0.5715749982679869,0.7187453885215803
2014-09-29,0.4994760577388159,1.114784210763673,0.018722633814257348,0.6096623419051174,0.7234551711620658,0.5910047097894541,0.5731145783078512,0.7191765165434552
2014-09-30,0.5026710600611795,1.1230921053131393,0.018692727486444263,0.6148954564811027,0.7234551711620658,0.5980156469432083,0.5747608309450164,0.7234530750423194
2014-10-01,0.49265959726048786,1.0996440663722016,0.01852682811928117,0.6069805966155294,0.719372816981937,0.5874933718592243,0.5679387553157661,0.7125475615225496
2014-10-02,0.4862265075158466,1.0835028005763867,0.018488083194139124,0.5943430680813698,0.709979333292116,0.588931355870054,0.5610647003473843,0.7043792769201856
2014-10-03,0.4877779904141696,1.0866948065396471,0.0186281785550064,0.5959956965440075,0.7122447811373872,0.5908803082914118,0.5635484616686715,0.7071830558006996
2014-10-06,0.48819596547841965,1.092605846985964,0.01851409344777257,0.5968391878787512,0.7128551009222239,0.5902705600414092,0.5680179785191106,0.7080019096945958
2014-10-07,0.48701380655075793,1.0929140078945643,0.01858726055620034,0.5961850420993384,0.7111289333967333,0.5866823747628456,0.5660809734690079,0.7049637592048748
2014-10-08,0.48100217133023826,1.0826343716031728,0.018500659153586427,0.5892016463215811,0.7023508501374185,0.5768064141915733,0.5573171662425705,0.6975825002531814
2014-10-09,0.4844959971240921,1.090799094718547,0.018829743586057615,0.5886596524721511,0.7074524726722168,0.5836256699845187,0.5601579827612769,0.7016536219094073
2014-10-10,0.4781842347641577,1.077443826679199,0.018728857437157204,0.5830212684051769,0.6982361490803599,0.5736610964173281,0.5515580660284538,0.6922990118777237
2014-10-13,0.4734577579846236,1.0743639952021373,0.018659087220836004,0.5857859750529726,0.691334631411365,0.5704035983098856,0.5516461030892824,0.6927619681428241
2014-10-14,0.4752989008290357,1.082863347388164,0.018663923512171634,0.5876761694930139,0.6940230355788993,0.5753836758956256,0.5542610746593656,0.6952735058809935
2014-10-15,0.4738845788590248,1.0733092680911644,0.018372813914903266,0.58409456672099,0.6919578676914904,0.571278894419369,0.5491719420659005,0.6891566962283554
2014-10-16,0.4678030201910273,1.0635552280273175,0.01840976231668887,0.584236640472601,0.6830776834527875,0.5645098289945725,0.5454003895640175,0.6894344699874154
2014-10-17,0.47328903276585926,1.0713362047235433,0.018595172976438493,0.5877461374072455,0.691088261835712,0.5733023274233582,0.5479995328465198,0.6947613605127262
2014-10-20,0.47364094018494884,1.0670010578902136,0.01822920410955139,0.5915289250247855,0.6916021108154031,0.5699269536530998,0.5469399188955713,0.6905600324069406
2014-10-21,0.4804284006748398,1.0797562195902086,0.018624683504308327,0.5956974496364866,0.701513040390139,0.5720435812448449,0.5556997960336301,0.7011733047843657
2014-10-22,0.48345557865762734,1.0839678897627714,0.018700232953042094,0.59957231488363,0.7059332720573852,0.5747604443743982,0.5570242724060566,0.7028544147220113
2014-10-23,0.4825327615623733,1.0867210061848458,0.0187596421350848,0.6018397424288503,0.7045857908816131,0.5814780310780834,0.5575108061461359,0.7042259226573712
2014-10-24,0.4852861636633099,1.0858303285518305,0.01867887379690734,0.6032513652739951,0.7086062598558275,0.5864111822401897,0.5587994434211271,0.7020153064915169
2014-10-27,0.4856168962640592,1.0877442946342828,0.018906170793378023,0.6042361463572271,0.7090891897408673,0.5828062602881717,0.5613099142188992,0.7053485916002393
2014-10-28,0.48342544872765925,1.0882724333636513,0.018933892848776415,0.608246965173017,0.7058892768673652,0.5816767517311207,0.5633106597469301,0.7108490907249628
2014-10-29,0.4761663061542325,1.080924509653387,0.018711854190396792,0.60566186906961,0.695289605469594,0.573847687476255,0.562111156698474,0.7087542136253838
2014-10-30,0.47415263192903007,1.0760364541956102,0.018672966813399697,0.6177019075746304,0.6923492740360385,0.5707188634317684,0.5609641374989197,0.7065030887863335
2014-10-31,0.48059453366738225,1.0866929054240555,0.01885803031732344,0.6257308045560641,0.7017556248429812,0.5751967590194709,0.5677343573870243,0.7128600570014924
2014-11-03,0.47861657538473373,1.082343553139316,0.018680614673867505,0.6228477105001364,0.6988674451960732,0.5709848214602397,0.5642920223717454,0.7125215202326378
2014-11-04,0.4811401724955585,1.0886360840178724,0.018564638461038323,0.625803231894526,0.7025523569944759,0.5705307595979985,0.5635344547237019,0.7124694376528139
2014-11-05,0.4811103681497946,1.0811215970271666,0.01847652799639004,0.6224597519097511,0.7025088372167435,0.571870975499806,0.561747626628076,0.7064596866364803
2014-11-06,0.48260911109975374,1.0841874281529968,0.018500633373577442,0.6245587583082491,0.7046972751236456,0.576338546013492,0.561094690967756,0.704700452829099
2014-11-07,0.4813306526950012,1.074309921131055,0.018451848090948377,0.6184451378282647,0.7028304928075492,0.5739681679138621,0.5567223828555496,0.6994835144167496
2014-11-10,0.4814469671681994,1.071198128130625,0.018336397703798104,0.6180690969241867,0.7030003331409267,0.5764229350770399,0.555782658131405,0.6964742986935976
2014-11-12,0.48322825269400355,1.0747739922209596,0.018503983656264853,0.6187228785069772,0.705601334712138,0.5763324910106706,0.5573615583532472,0.6950188799351883
2014-11-13,0.4815155816086312,1.0746493441628666,0.01850067414938845,0.6184952441640105,0.7031005227314138,0.5755845600005254,0.5570043043229485,0.6925131291503328
2014-11-14,0.48434400525649673,1.0739930008173215,0.01859034347894938,0.6198555929976901,0.7072305368395273,0.5804405125593852,0.5610293273439633,0.699758394699153
2014-11-17,0.4803945771462383,1.065881557904731,0.01846069691410394,0.6246558940715327,0.7014636518728227,0.5797438176524283,0.5604736821894919,0.6998683468121144
2014-11-18,0.4799421318683232,1.0692695497556872,0.018486211619687082,0.625258176182396,0.7008029992925953,0.5780587990550357,0.5633961039318512,0.7034707252499264
2014-11-19,0.47937410959562937,1.0764329840010165,0.01860863268077521,0.6251016841924435,0.6999735832319148,0.5785182503184012,0.5633382265604138,0.700704561565952
2014-11-20,0.47541782846887365,1.0693992101165064,0.018195900993618747,0.619325050754462,0.6941966916119148,0.5732545767713321,0.5573780301241863,0.6934274677739061
2014-11-21,0.4796788242364875,1.0771989311751042,0.01818074122873015,0.6225789359472722,0.700418522152802,0.5815319247977516,0.5613588289746084,0.6997178860259569
2014-11-24,0.4783388795597462,1.0739016809949848,0.018126180686160384,0.6190761529296953,0.6984619586715111,0.5771734849012335,0.5605628986275916,0.6975159502900734
2014-11-25,0.48111417549977425,1.0748692104247084,0.01817247052308065,0.615686826642399,0.7025143966417409,0.5747784608639694,0.5601345832661903,0.697405998177112
2014-11-26,0.4797624107670847,1.0722935811314658,0.0182088416118216,0.620280052226611,0.700540573724134,0.578504100547053,0.5624410968379825,0.7004123204236073
2014-11-27,0.48038329939606483,1.0726699026573776,0.01830898360043737,0.6245789214809426,0.7014471843017929,0.5800471085580853,0.5657133205714877,0.7026374039727459
2014-11-28,0.4778037957473874,1.06344502434213,0.01822973879087627,0.6234521701684727,0.6976806387671423,0.5775585620941213,0.5637528756710629,0.6993330536305923
2014-12-01,0.4775752197750185,1.0605110030338725,0.017808943486553337,0.6234291868587284,0.6955163942512954,0.5779465629964441,0.5637304604654269,0.6993851362104161
2014-12-02,0.4797614246016125,1.0612902450940263,0.018084674975305214,0.631342838038215,0.6955163942512954,0.5814604702460313,0.5704496376869425,0.7078369815251541
2014-12-03,0.48261428175293014,1.0621763748278552,0.018079329848335914,0.6321516656431694,0.6955163942512954,0.5836271389114946,0.5706727782162685,0.7075707816727214
2014-12-04,0.48271071624861267,1.0571608596793969,0.017931550345040854,0.6302421546511771,0.6955163942512954,0.5855054109227206,0.5669190016592388,0.6994140709769848
2014-12-05,0.4834856721125101,1.059665042464245,0.01782817480973218,0.6300841664276458,0.6955163942512954,0.5862216702203875,0.5708621693768166,0.7055511349662211
2014-12-08,0.4784836655353112,1.0536959002945054,0.016845871375394016,0.6289520246407427,0.6955163942512954,0.5786121345283511,0.5642499420391469,0.7036616947092803
2014-12-09,0.47213860965042986,1.0468767064089304,0.016721887673212043,0.6255303937246247,0.6955163942512954,0.5737409372107389,0.5582549999997217,0.6938643827490946
2014-12-10,0.4747920484348656,1.0474230727772815,0.016510880265065735,0.621809483515024,0.6955163942512954,0.5725986067293035,0.5528997939265893,0.6861677348418014
2014-12-11,0.4741488472378657,1.0428517545650693,0.016387751275099054,0.6190813290788973,0.6955163942512954,0.5697251369871392,0.5519201311382225,0.6885317052704699
2014-12-12,0.47027268204783457,1.0367351423972473,0.01633116658793582,0.6170473976526659,0.6955163942512954,0.5674342513018338,0.5480108921094288,0.6828604910229908
2014-12-15,0.46384594395240886,1.0280046087864099,0.015830468259193042,0.6126847804707715,0.6955163942512954,0.5629909201405313,0.5402598880601233,0.6717408602306123
2014-12-16,0.4497863186530051,1.0040592862869455,0.015568411092591397,0.6014721030925808,0.6955163942512954,0.5494329325511835,0.5292789296302831,0.6571866726465205
2014-12-17,0.45195673930756036,1.0006545963430926,0.015916985697069102,0.6005881746474587,0.6955163942512954,0.5493430526313106,0.530922106704134,0.6622300024594573
2014-12-18,0.45581715161646214,1.0160209859843516,0.016386518212510047,0.6061561158005173,0.6955163942512954,0.5564016404321959,0.5399558476485511,0.6744202196148805
2014-12-19,0.4496983559311391,1.0104902990512536,0.01599181268010529,0.5999665862038667,0.6955163942512954,0.5553736498963028,0.5352783804896172,0.6686477336844108
2014-12-22,0.4490154662405713,1.0112702811508343,0.016040828580464808,0.6035678512725339,0.6955163942512954,0.5539570518969394,0.5380852932989799,0.6718160906236912
2014-12-23,0.44713287858034256,1.008163116703427,0.01587088563717949,0.6023939979655435,0.6955163942512954,0.5520571208797561,0.5365959400781417,0.6721662012991734
2014-12-29,0.44629610168499395,1.0002358185945845,0.015604174035928203,0.5977830336538572,0.6955163942512954,0.549734594621954,0.5316095238880182,0.6662490415358597
2014-12-30,0.443899422139443,0.998260168623639,0.015695445996245987,0.6022995932272385,0.6955163942512954,0.5522375597073641,0.533505573726588,0.6701118328727906
2015-01-02,0.44200290921773616,0.9950300206120786,0.0158256056965228,0.5990844408724948,0.6955163942512954,0.5473234784062041,0.5325522617043174,0.6682166056625362
2015-01-05,0.43425516756870275,0.9785834457481998,0.015537285001155128,0.5900977756410646,0.6955163942512954,0.5420974482953503,0.5226380773367604,0.6553001258662369
2015-01-07,0.4442693557989761,0.9998109979381528,0.016434423783317116,0.5996683447788689,0.6955163942512954,0.5504381617388785,0.5366876098292124,0.6676581646677588
2015-01-08,0.4571043796397573,1.0243541417988542,0.017154764359490492,0.6127870163101586,0.6955163942512954,0.5597743515222521,0.5507140428623929,0.6832887255682087
2015-01-09,0.4601625516461554,1.0262235023763702,0.016994923234287532,0.6101972986073795,0.6955163942512954,0.559972868785751,0.549003836584855,0.6762662577219681
2015-01-12,0.4535675949242385,1.0189327944498991,0.016870828450298758,0.6101818661891866,0.6955163942512954,0.5504659750622866,0.5475706932912378,0.6741916349589873
2015-01-13,0.45205178033026433,1.0168660037001707,0.01696205109989466,0.6159325582788029,0.6955163942512954,0.5517950372385331,0.5505474154782132,0.685074000665502
2015-01-14,0.4520950673618305,1.0130867304809679,0.016969150117392254,0.6109228486596963,0.6955163942512954,0.5533850807665547,0.5436486303257638,0.6761071165058398
2015-01-15,0.4498181227838818,1.0013772803910863,0.016534894453988352,0.6007654574020583,0.6955163942512954,0.5492803045358214,0.5316614972336837,0.6554332257924531
2015-01-16,0.44529260420992506,0.9952523764846261,0.016391015436998873,0.5959664497812193,0.6955163942512954,0.5472299552773894,0.5280024700220566,0.6517064278583954
2015-01-19,0.4447218276365931,0.9963285402335386,0.01627398024172918,0.597792129369314,0.6955163942512954,0.5396647515352107,0.5277735836812897,0.652513707845664
2015-01-20,0.44675140590478546,1.0000715852857305,0.016175009067477788,0.5970969887423575,0.6955163942512954,0.5421026617324676,0.5278988097355598,0.6488389924914301
2015-01-21,0.4565819950690768,1.0143042588751734,0.016433703615871327,0.6015735955695629,0.6955163942512954,0.5444705420062926,0.5363349578392754,0.6619869504202794
2015-01-22,0.456290545988093,1.0170277755511195,0.01674305694608874,0.602651661610389,0.6955163942512954,0.5468786570632135,0.5414710260539237,0.671127443179354
2015-01-23,0.46368795045156974,1.0310264056608454,0.016839541918806385,0.6050997890157543,0.6955163942512954,0.5538265912105031,0.544140684725186,0.6711679518525504
2015-01-26,0.4715253081388579,1.027356427833511,0.016245066410078515,0.600747873810255,0.6955163942512954,0.5558627291655462,0.5422610169406071,0.6676089755645915
2015-01-27,0.46995842232399915,1.0333207566078466,0.016488351181850047,0.6043441456229454,0.6955163942512954,0.5502804499696307,0.5444391141810755,0.668352599065409
2015-01-28,0.4639750468663715,1.0330739935381827,0.01654599692707756,0.6079244257533629,0.6955163942512954,0.5475137639449282,0.5422094107780216,0.6710493193096183
2015-01-29,0.46218767451719767,1.0439488894022722,0.016702617892185787,0.6135491630007645,0.6955163942512954,0.5471143092684079,0.544922397141848,0.677296335411816
2015-01-30,0.4624445571673544,1.041968622427802,0.016954739973030614,0.6129722707739087,0.6955163942512954,0.5463445404875292,0.5488401284772721,0.6773628853749242
2015-02-02,0.4602626246529047,1.0362568525697178,0.016779182235995792,0.6121858805176733,0.6955163942512954,0.5427980570348551,0.5462341191833989,0.6742205697255557
2015-02-03,0.4661835303181491,1.0437661114085162,0.01701758163972763,0.610702979973172,0.6955163942512954,0.5474502904838969,0.5478153721967078,0.6757483254003869
2015-02-04,0.46683926081875327,1.0397437007438444,0.016971505200416376,0.6070201823652175,0.6955163942512954,0.5465937633155066,0.5448325399552999,0.6775596417875919
2015-02-05,0.467138463921963,1.0487635424680994,0.01697086069871573,0.6103077261458959,0.6955163942512954,0.5481055262066634,0.5478646768772076,0.6775307070210231
2015-02-06,0.4713044493301845,1.056344758696745,0.017158939236577485,0.6125544196702153,0.6955163942512954,0.5521842785997189,0.5522013875899989,0.6812603984317377
2015-02-09,0.46982192843660275,1.0494178061731065,0.01694899261212077,0.6081033351813122,0.6955163942512954,0.5491611223502644,0.5483991673553947,0.6770127746994422
2015-02-10,0.4680602678046377,1.0478178467716481,0.017071639223653286,0.6094843765052975,0.6955163942512954,0.5502229355285094,0.5484978998834685,0.6771082594291191
2015-02-11,0.46668001637171574,1.041410858958258,0.01691340955831009,0.6120573261134871,0.6955163942512954,0.5541591219628472,0.5457183754074183,0.6722993012253895
2015-02-12,0.469869741386004,1.0465782642040469,0.01711046221528818,0.6142076246093253,0.6955163942512954,0.5597816473900099,0.5471456602921927,0.6766019010141657
2015-02-13,0.47430711697445466,1.0511626406173968,0.017170923056538123,0.6144259840809653,0.6955163942512954,0.5576718940183277,0.5515101737054483,0.6790845039857661
2015-02-16,0.47516413778902633,1.0522032424711463,0.01712699106729483,0.6164233620892611,0.6955163942512954,0.5558886390150652,0.5549057257547433,0.6834391863543662
2015-02-17,0.47416498359289666,1.0522515783769584,0.017242111150947752,0.615422556446293,0.6955163942512954,0.5547682065119206,0.5541147081263009,0.682950188799354
2015-02-18,0.4696305663213974,1.051731768684051,0.017148213546414506,0.6126832369235987,0.6955163942512954,0.5479778213048125,0.5531824961234836,0.6790150605460012
2015-02-19,0.47260951455800126,1.0512579081511304,0.01728255515402171,0.6151520605318042,0.6955163942512954,0.546486739475399,0.5536159802776701,0.6794056798946797
2015-02-20,0.47140926692185736,1.0543620126821116,0.017243418447995994,0.615212158050751,0.6955163942512954,0.547666350713932,0.5527936798343717,0.679660305840485
2015-02-23,0.4764605800243214,1.0637325499527115,0.017198696520976678,0.6165203660320486,0.6955163942512954,0.5525556535280497,0.5566115178191526,0.6844750509975284
2015-02-24,0.4802185580067481,1.0642412192335364,0.01713111649250808,0.6146665381505312,0.6955163942512954,0.5548428391638078,0.5551333627623667,0.6839050360961236
2015-02-25,0.4803022641212728,1.066197676142978,0.016984896883998842,0.6131538611259914,0.6955163942512954,0.552676188479754,0.5550616600428233,0.6813124810115618
2015-02-26,0.4812167497300557,1.078576911992636,0.01695273794819717,0.6169011988934961,0.6955163942512954,0.5519121528216662,0.557409602431985,0.6831527321653357
2015-02-27,0.48678818326185924,1.0897207512958087,0.016882169852206946,0.6170728946761506,0.6955163942512954,0.5515230249295103,0.5628860805788315,0.6849148594493738
2015-03-02,0.4886009891099858,1.0961767736139978,0.01677348598901586,0.6190663167876005,0.6955163942512954,0.5509366351875131,0.561548901756106,0.6823541326080376
2015-03-03,0.48722867063531833,1.0964337237593982,0.016439716631241323,0.6097107682004639,0.6955163942512954,0.5488131256522758,0.5546215422478524,0.6721806686824578
2015-03-04,0.4910015948562248,1.1022196296698514,0.01642275102658428,0.6166849602064836,0.6955163942512954,0.5524288863060399,0.5581989081895882,0.6764948423778616
2015-03-05,0.4971508926088119,1.114936561176683,0.016520424254745474,0.6185029874391026,0.6955163942512954,0.5528899590626707,0.5630709462040281,0.6816307634438185
2015-03-06,0.4947664064210007,1.1148876497370257,0.016355519467362644,0.6140902238416327,0.6955163942512954,0.5508136501303494,0.5618680242076609,0.6787893693667651
2015-03-09,0.4984123775806693,1.118931361602948,0.016240249619531247,0.6125898508937834,0.6955163942512954,0.5544976724623994,0.5618525195415213,0.6782656500918705
2015-03-10,0.49025299545396717,1.1077271454143034,0.016041165840895814,0.6058051725624455,0.6955163942512954,0.5459854823993139,0.5555356634623767,0.6692495768290415
2015-03-11,0.48995032681742023,1.101303477762103,0.016240080539028943,0.6079239358750319,0.6955163942512954,0.5454325117463293,0.5569284227753227,0.6727680444438041
2015-03-12,0.4932013224043208,1.1045391591218277,0.016239206084614297,0.6109523115418766,0.6955163942512954,0.5499841374203994,0.5584514515941676,0.6741250849958795
2015-03-13,0.4898318754735208,1.0977709545680365,0.016188813847811057,0.6096850917743232,0.6955163942512954,0.5454245947442807,0.5545037074013235,0.6664834131450672
2015-03-16,0.49133698749986104,1.1008622372646617,0.016075417863956425,0.6089656686295221,0.6955163942512954,0.5455299718805144,0.554518770926666,0.6686940293109211
2015-03-17,0.4953630279650212,1.104718802997834,0.01615165426538831,0.6058840477684219,0.6955163942512954,0.5508307464742999,0.5566783535641491,0.6742929066419783
2015-03-18,0.49008530387579896,1.1022899111372915,0.01630839414252637,0.6051963073319201,0.6955163942512954,0.5468875878996312,0.5575289882470293,0.6783350935316356
2015-03-19,0.49854605043976213,1.1138707402816534,0.016598599757097314,0.6102684715668565,0.6955163942512954,0.5520583275929568,0.5673301850845179,0.6900305261787327
2015-03-20,0.5011599982918469,1.1178643902064485,0.01696000256903673,0.6125555220154209,0.6955163942512954,0.5584898819287027,0.571615548767259,0.696662374676295
2015-03-23,0.5025813221098151,1.1228515217898585,0.01685361030000394,0.6108826122522192,0.6955163942512954,0.5606355897245855,0.5723927511671985,0.6985981105597457
2015-03-24,0.5041709957712381,1.1321706408791175,0.01680091841457655,0.6155243503042752,0.6955163942512954,0.5625649653936186,0.5710209464430904,0.6979991608917723
2015-03-25,0.5037826994237,1.128594992453527,0.01669320080368553,0.61417993220567,0.6955163942512954,0.5623655555034164,0.5685124146812188,0.6931033983883362
2015-03-26,0.49655285018768625,1.1180540675765651,0.016645099405139887,0.612884694522579,0.6955163942512954,0.5547748987424194,0.5620323098356492,0.6876028992636128
2015-03-27,0.4999230424227564,1.1191570447117867,0.016729479664740168,0.6156923818634652,0.6955163942512954,0.5569030939161387,0.5618558380217586,0.6866740932567552
2015-03-30,0.5049813029226934,1.1293562781191893,0.016852623902941077,0.6190787371497751,0.6955163942512954,0.5583380643724345,0.5674239672787076,0.6934043199606514
2015-03-31,0.5035808531458613,1.1275024531653388,0.01674479338679792,0.6195736125197091,0.6955163942512954,0.5610401485873523,0.5659301681910583,0.6932596461278075
2015-04-01,0.5038625329825235,1.1240097049040225,0.016864371069251653,0.6202032565956118,0.6914426553706806,0.5629923277162996,0.5670959112885707,0.6923221596909793
2015-04-02,0.5088835059550225,1.1296497731714146,0.01696486055428389,0.6180493615497269,0.6983328578711502,0.5679077091108059,0.5693226178091648,0.6946224736331966
2015-04-07,0.5105639238237571,1.1360816142763168,0.016814821185552893,0.6214451884862856,0.7006388689698767,0.5713112116748686,0.5740181963490101,0.7004470421434903
2015-04-08,0.5134955373574936,1.1439305519196683,0.017125992354716454,0.6238036089370089,0.7046618762657133,0.5713037095312188,0.5767012683220902,0.7016160067128687
2015-04-09,0.517258423378953,1.1496415505396194,0.017441580787996406,0.6323267352075386,0.7098256257652723,0.5723474987984367,0.5823558097913986,0.7065551713661578
2015-04-10,0.5163987326382954,1.1497421160834618,0.017446786260034455,0.6302342259438127,0.7086458856385371,0.5671305135995209,0.5819475119501033,0.7070557428277974
2015-04-13,0.5165932357034678,1.14823288083616,0.01726905360083646,0.6305651976401629,0.7089127991458077,0.5685490547615119,0.5812871397943067,0.7067229930122565
2015-04-14,0.525728236373668,1.1540774814587158,0.017317242160540716,0.6313659706770534,0.7214486173635818,0.5737557213850536,0.5812715950078085,0.7045297377063438
2015-04-15,0.5252336319758285,1.1576713247572694,0.01761166780082409,0.6358616909841486,0.7207698795019358,0.5749210647574207,0.5863104779303402,0.7162309573067547
2015-04-16,0.5310554985016778,1.1662380581077145,0.017709722613958492,0.6423401107339741,0.728759135670714,0.5822672662036589,0.5914346736874367,0.7244252831990307
2015-04-17,0.526872647523209,1.157554705219852,0.017713199949722876,0.6394464503959503,0.7230190748440983,0.5818078106291549,0.5855052832066865,0.7129410743478855
2015-04-20,0.5322819759498829,1.1685652016725308,0.017629150939317002,0.6406946755768077,0.7304422114464011,0.5817160562935882,0.5922225106351704,0.7249142807540429
2015-04-21,0.531876249436674,1.168949511886175,0.01770754879394654,0.6386129170683332,0.7298854393125676,0.5789886554380239,0.5920987978271051,0.7261179670433037
2015-04-22,0.538364285252685,1.1781155340916494,0.01777364286397949,0.6396278166935842,0.7387888691552432,0.5832750339778454,0.5952079235486735,0.729266069645986
2015-04-23,0.5407005052977691,1.1764539038126214,0.017732817538415643,0.6363784263921403,0.7419948273000995,0.5817181800819963,0.5946760875267347,0.7299605040436364
2015-04-24,0.5448776751129699,1.1742128458549863,0.01770134815726084,0.6367097107796948,0.7477270919554214,0.5813112656223942,0.5949176112668951,0.7289246394004744
2015-04-27,0.5514264318271971,1.1803420144372554,0.01790319010930729,0.6403084194110422,0.7567138481348471,0.5804153771517087,0.5993304008684535,0.7376629389042433
2015-04-28,0.5488506348802075,1.1836440603004974,0.017844392291690138,0.6384691114651825,0.7531791223631573,0.5837343567893445,0.5984734547947451,0.7375414128846544
2015-04-29,0.5446978685476171,1.1683847394225355,0.017749479836518027,0.6365882624880621,0.7474803462244682,0.5839067796108905,0.592676828276678,0.7296103933681543
2015-04-30,0.5452328551299549,1.1694341310730239,0.017671074627675303,0.6341944282278653,0.7482144999248629,0.5866924975115614,0.5917008004594047,0.7276023205682816
2015-05-04,0.5446081606284183,1.1692648233123508,0.01774035872654246,0.6338365712462685,0.7473572414532296,0.5889948393421003,0.5936641435426294,0.7300502018199995
2015-05-05,0.5420791463810998,1.1647645521387602,0.017678992061925282,0.6327751157103597,0.7438867148469244,0.587131449959808,0.5913674280613997,0.7256694781614874
2015-05-06,0.545831564433062,1.1697856853269017,0.017824635673577102,0.6384216875942704,0.7490360993160404,0.591140990507392,0.596629057270601,0.7304697559352464
2015-05-07,0.5429689932892545,1.1664974286237892,0.017703580504581415,0.633219802685233,0.7451078378095822,0.5880059012032426,0.5943878867691076,0.7299113149404692
2015-05-08,0.5431075176954655,1.1718510417010282,0.01783347253949587,0.6373697696067782,0.7452979326806916,0.5910662968759678,0.5981395595545134,0.7369048480201411
2015-05-11,0.5462230885143415,1.1816234512685997,0.017716127948147226,0.6381739966937532,0.7495733816751771,0.6018834319698013,0.5996172561775437,0.7335252672849086
2015-05-12,0.5469820147469168,1.1848959822635687,0.017916004390996495,0.6347019620971928,0.7506148442470736,0.6067424227236772,0.5998878170207003,0.7357098421608509
2015-05-13,0.541033885142888,1.186464178741874,0.018062933971921886,0.6337151270522431,0.7424523192354326,0.61150488374807,0.6012561483948705,0.7350183012398573
2015-05-14,0.5371504958754482,1.1786983585253705,0.018014495518570588,0.6338866367937621,0.7371232050204455,0.605271220906621,0.5987368986721368,0.7272985055193092
2015-05-15,0.537510981937459,1.1841113590403731,0.018104387735563176,0.6368823327241083,0.7376178943922975,0.6032349457561853,0.6001758589323659,0.7276630835780759
2015-05-18,0.5393444304553466,1.1909786045061583,0.01802807351252927,0.6391571742482741,0.7401339070519204,0.608488508066906,0.6019812995034204,0.7301948756528432
2015-05-19,0.5400827221557442,1.1868712373391703,0.01807530679499017,0.6342934186246765,0.7411470531787803,0.6038752153247988,0.6002668149120475,0.7301254322130781
2015-05-20,0.5354471254334839,1.1885704056289499,0.018082986363418374,0.6380923826307865,0.7347856964652847,0.6093627247053278,0.6015203746101353,0.7294657195353103
2015-05-21,0.5368815956449279,1.189286562150048,0.018190532740570052,0.636812525543602,0.7367541974494318,0.6097937026815812,0.6020250312302129,0.7305536667582959
2015-05-22,0.534988309486538,1.182231925188273,0.018048214503753334,0.6389643635865594,0.7341560705337735,0.6115113200340885,0.598581435641233,0.7282186310961962
2015-05-25,0.5299093913277757,1.1698030882987467,0.01759331923526808,0.6296659009163289,0.7271863507625541,0.6013776911027457,0.5911293400923292,0.715605966348869
2015-05-26,0.5207466078878147,1.1613483123909318,0.017369767788355313,0.6272638319519618,0.7146124066853649,0.5980918208434596,0.5862125547490379,0.7085574572127163
2015-05-27,0.5290119400784031,1.1780969535795958,0.01762725972391941,0.6331640555672373,0.72595479248165,0.6051305218577554,0.5918994320331247,0.7120093748643707
2015-05-28,0.5273090319421253,1.1725000343016199,0.017593966576446383,0.6294640890875632,0.7236179183413354,0.6046699764954157,0.5875904304698941,0.7063410540935485
2015-05-29,0.5291520740449608,1.1697791000454454,0.017805781631000033,0.6294097435686777,0.7261470961271914,0.6042149625953158,0.5878806643607448,0.7053746328901516
2015-06-01,0.5311302474793554,1.1744779381612105,0.017495738409412886,0.6329783779031839,0.7288617125210026,0.6061857042223697,0.5882983643121604,0.7051663025708566
2015-06-02,0.524578373605888,1.1623653831600989,0.017220161175302614,0.6255777131161805,0.7198706787128165,0.603722825491339,0.5816337381714536,0.6969604027719531
2015-06-03,0.5302065237742276,1.1568266789965007,0.017119616377283865,0.6196361834029811,0.7275941009609175,0.6101263484738967,0.5777264631395256,0.6912313189913365
2015-06-05,0.5201913762685904,1.1393204685895073,0.016920826471060465,0.6110499198469405,0.7138504710382159,0.5953345707131841,0.5712892698826011,0.6844750509975285
2015-06-08,0.5199849979257793,1.133625990340488,0.016553144751464344,0.6081475572809831,0.713567261273601,0.5973949198510723,0.5661271695370959,0.6811996354219436
2015-06-09,0.513073648492856,1.132272720400137,0.01675978484614641,0.6003045251169462,0.7040829247903783,0.5889197847507612,0.5624745665240989,0.6766829183605585
2015-06-10,0.5147618874649652,1.1381887515459832,0.016964981385825903,0.6063311384420333,0.7063996686666608,0.5914391699120135,0.5678935321239131,0.6899466153556829
2015-06-11,0.5124306932291234,1.1328845333659996,0.01694310665686663,0.6079104762498636,0.7032006073610424,0.5855835160710681,0.5678699280135882,0.6897672198029565
2015-06-12,0.5127768330992722,1.1286994260748004,0.01676548006431969,0.6028296951197524,0.7036756096786958,0.5863556719707047,0.5633532822264394,0.6824930194875676
2015-06-15,0.5109309200388589,1.130115290417789,0.016745543506525958,0.6045627862675114,0.7011424921227614,0.5858995276135973,0.5633586974148512,0.6822904761215862
2015-06-16,0.5154962509592609,1.1337660631434592,0.016793607362012762,0.6079778878532445,0.7074074241778665,0.591460731766619,0.5632359769474327,0.6819258980628197
2015-06-17,0.5095799143220509,1.1208378039467672,0.016496309906889706,0.6001573937390785,0.6992885281561986,0.5854099048217974,0.5558243141422342,0.6716887776507885
2015-06-18,0.5110012814056175,1.126812951263795,0.016478792044526305,0.5966795934014129,0.7012390479233667,0.5820298373120556,0.5557310522468139,0.6754416168747581
2015-06-19,0.5104338639203188,1.121911061654154,0.016358668096331436,0.5892968946007968,0.7004603898032314,0.5815472597461604,0.5502739349764417,0.6653115550990314
2015-06-22,0.5223289015620161,1.1414541834679923,0.016415588931326906,0.5973769901394271,0.7167837634901466,0.5938113883575358,0.5633064785253931,0.6799930556560257
2015-06-23,0.5241836809040505,1.141446153629711,0.01650456458484711,0.6000529531635047,0.7193290481053602,0.5972807426379991,0.5624787369453123,0.6774381157680033
2015-06-24,0.5213538883842538,1.1363382916428149,0.016270929048416215,0.5965165313751819,0.7154457681907883,0.5931334843032474,0.5614701671748878,0.6796689862704554
2015-06-25,0.5192724982278875,1.1319925276217226,0.016330633238131137,0.5962937892605658,0.7125895091074596,0.5909948494148353,0.5598200260344905,0.6813385223014734
2015-06-26,0.5210980985208914,1.1303025877302852,0.016333769797552026,0.5969877216265693,0.7150947517711047,0.5915161303768164,0.5577094812619873,0.6752853691352867
2015-06-29,0.5119983332325821,1.1111948556137703,0.015808028943963777,0.5857685167192771,0.7026072865155432,0.5810481723733398,0.5468678020027904,0.6629620520536471
2015-06-30,0.513613628687027,1.114716487123454,0.015970631617006573,0.5899331567291347,0.7048239311460108,0.5819320456490443,0.5497865129719687,0.670661593437597
2015-07-01,0.509895040081005,1.1118300586599807,0.015965276229662036,0.5884305772041954,0.6986268384184159,0.5802680972972325,0.5488330254678403,0.663482877851885
2015-07-02,0.5163138958835582,1.1232287666018976,0.015994118927031557,0.5902848286277537,0.6986268384184159,0.5892095665023626,0.551760165046986,0.6638706037239065
2015-07-03,0.5133447089912635,1.1207749459485317,0.015798123228495657,0.5782801127814947,0.6986268384184159,0.5862499501655526,0.5467572943257613,0.6591831715397657
2015-07-06,0.5106060774051331,1.114116335497269,0.015575588126132453,0.5762686537629039,0.6986268384184159,0.5844364279410071,0.5449168723247005,0.6574239377323845
2015-07-07,0.5067250449954286,1.1094193435273254,0.015127185015728052,0.5693549008089501,0.6986268384184159,0.5836899158242922,0.5333308130445387,0.6419583050013764
2015-07-08,0.5049725874923071,1.1051157825794646,0.015026464047766266,0.5632051728208325,0.6986268384184159,0.5826148353015341,0.5301682984168321,0.641307272753579
2015-07-09,0.5110670624664436,1.109387804564376,0.015146564424880379,0.5688895882836605,0.6986268384184159,0.5852670696947514,0.5320448926199417,0.6454333704662857
2015-07-10,0.5267713488148008,1.1378389262607067,0.015500438438816147,0.5782964777882408,0.6986268384184159,0.6044203511507843,0.5442310625672353,0.6570622531502747
2015-07-13,0.5412770750530421,1.1583446341440427,0.015466203106655349,0.5846762541791174,0.6986268384184159,0.6180835524163303,0.5490403290551146,0.6565298534454093
2015-07-14,0.5416661152499656,1.1571116557685792,0.015432512491408548,0.5788924995340613,0.6986268384184159,0.6146269988770926,0.5481837212442356,0.6539199375009062
2015-07-15,0.543262722576991,1.1583520605540696,0.0155366040665284,0.5795313193319849,0.6986268384184159,0.6183179739520716,0.548780015933398,0.6532370770098832
2015-07-16,0.5491318479805797,1.1691390287012944,0.015985763223104858,0.5884915897160421,0.6986268384184159,0.6235784948349274,0.5572541674974713,0.6650771834898243
2015-07-17,0.5556208151378558,1.1757642148103593,0.01587863599027576,0.5901045013800137,0.6986268384184159,0.6284716154945877,0.557166093114597,0.6611680965263834
2015-07-20,0.5692457332338311,1.1910734200143425,0.015329035877251089,0.5834481825636426,0.6986268384184159,0.6410645486816844,0.553952573080636,0.6494784508326
2015-07-21,0.5690627133640426,1.1954539627693381,0.015246902235946156,0.584656522442662,0.6986268384184159,0.6397864804234262,0.550943276910061,0.650936763067666
2015-07-22,0.5640283656675689,1.185951441540436,0.014863847001899601,0.5737502388420844,0.6986268384184159,0.6349265113494428,0.542899142184723,0.6324648080901627
2015-07-23,0.5596792498084723,1.1815493300965418,0.014942508003135346,0.5752614410335178,0.6986268384184159,0.6312563061590526,0.5463768447168333,0.6368079165521352
2015-07-24,0.5676011724975536,1.190365975895041,0.014858436511848308,0.5753831996970236,0.6986268384184159,0.6383934418101764,0.546404019162618,0.632997207795028
2015-07-27,0.5667650748623764,1.1855143040803764,0.014895111292157622,0.5705050186061396,0.6986268384184159,0.6407322268060802,0.5440116410124393,0.6334051880036476
2015-07-28,0.5665795260727752,1.1822641601014523,0.015114672625682082,0.571994159689616,0.6986268384184159,0.6384049665688547,0.5443740340766534,0.6348982219585961
2015-07-29,0.5741673630324491,1.1971174041274013,0.015292711506317346,0.5787023189459766,0.6986268384184159,0.6496707601540957,0.5485177549751393,0.6400428234545237
2015-07-30,0.5725401710294025,1.194073381602506,0.015399201291573784,0.5776493328383138,0.6986268384184159,0.647944336734348,0.548005380646923,0.6333588923771377
2015-07-31,0.5758825207274171,1.2075880185105172,0.015760057445218027,0.5841746455905147,0.6986268384184159,0.6500040928191878,0.557211701342071,0.6445248187960264
2015-08-03,0.5761235659005172,1.2047706592301344,0.015527790576056886,0.5811938729111639,0.6986268384184159,0.6513554439537284,0.5552365678438971,0.6453263118299813
2015-08-04,0.5821592428181928,1.2186726762782443,0.015481057996461815,0.5875874217631573,0.6986268384184159,0.6596134472329304,0.5569717584093,0.6446608121988996
2015-08-05,0.5927258859404338,1.2421198180914512,0.015576600234042195,0.5929741214624441,0.6986268384184159,0.6745200525133145,0.5638930923677636,0.653526424675571
2015-08-06,0.5899032198075141,1.2347913781158695,0.015391362817720524,0.583683913085171,0.6986268384184159,0.6710166137855034,0.5489812813814655,0.635471130336658
2015-08-07,0.59189740514902,1.237008190283475,0.01531097415034363,0.5806549428079448,0.6986268384184159,0.6743228615673778,0.547380291801737,0.6356331650294432
2015-08-10,0.5934761821965067,1.2413086625779102,0.015360226226211143,0.5832982615725364,0.6986268384184159,0.6733566494339075,0.5517145942291173,0.6430028500745092
2015-08-11,0.5973798032281187,1.247048383544568,0.01516082653146857,0.580451377843166,0.6986268384184159,0.6741376221642159,0.5520806640555495,0.6422273983304663
2015-08-12,0.5903987892971815,1.2381498614287156,0.015025442171171029,0.5770030632062094,0.6986268384184159,0.6668123873067452,0.5473493501951346,0.6365880123262128
2015-08-13,0.5882846655284767,1.2341710420188623,0.015470385979006946,0.5828911210436837,0.6986268384184159,0.6687824603158236,0.5510725832845534,0.6437233257620716
2015-08-14,0.5879630432212688,1.239332184483513,0.015254223378704223,0.5780776252456641,0.6986268384184159,0.6698503747045987,0.5493216151649991,0.6360498256680336
2015-08-17,0.5871592601590075,1.2286872109217937,0.014940057738315962,0.5671826397181059,0.6986268384184159,0.6620301115844075,0.5437903086299242,0.629073653448303
2015-08-18,0.586169784279754,1.2240527975876832,0.015109632348754952,0.5690348576319088,0.6986268384184159,0.6619973919250309,0.5418562927061348,0.6277658019993946
2015-08-19,0.5882822887743769,1.2297262900787422,0.015573249193718025,0.5679152257019391,0.6986268384184159,0.6606866778839965,0.5472377489053046,0.6342905918606523
2015-08-20,0.587686518596315,1.2269636111233646,0.015643157628543094,0.5683042303291751,0.6986268384184159,0.6585436202266726,0.5469245321653611,0.6368137035054492
2015-08-21,0.5826780329245154,1.2109789842574037,0.015393119423225892,0.5627708034547964,0.6986268384184159,0.649286203322007,0.5403465238676914,0.6306997873294679
2015-08-24,0.5548311994869228,1.1366924664236737,0.014387491622874565,0.5350800936203011,0.6986268384184159,0.6240303016985914,0.5040510760102136,0.5950087527668891
2015-08-25,0.560291436301134,1.154169608902356,0.014945108531822907,0.5351512202722509,0.6986268384184159,0.6198940090507805,0.5084421321552607,0.5991117026663407
2015-08-26,0.550673644335221,1.1432979422299194,0.01477188524479544,0.5296856039587056,0.6986268384184159,0.6173110207639675,0.5051562426926215,0.6002488389924933
2015-08-27,0.5544449189507563,1.1646948853040393,0.015399269173127571,0.5432462455090248,0.6986268384184159,0.6300247756742361,0.5184310341615553,0.6127891668233985
2015-08-28,0.5473407631710446,1.1776866056956223,0.015680882407767497,0.5521238655812875,0.6986268384184159,0.6341495571558867,0.5284331618680642,0.620685464620016
2015-08-31,0.54956437136679,1.1768131057461226,0.015437938303875671,0.5504210368977007,0.6986268384184159,0.6294583017356657,0.5320484885457185,0.6260644377251504
2015-09-01,0.5399733951311041,1.151738567132673,0.015272492247240099,0.5383988495677944,0.6986268384184159,0.6161499753772993,0.5220872234485832,0.6121873236787679
2015-09-02,0.540445777410343,1.1567019075126657,0.015159258620863673,0.5371383958369769,0.6986268384184159,0.6116142933185739,0.522617383474242,0.6098233532500994
2015-09-03,0.55065374423654,1.1688572061311922,0.015395262644359593,0.5424981107404993,0.6986268384184159,0.6121396506156369,0.5295908079181977,0.6235644738936088
2015-09-04,0.5520604648047099,1.1720919377358556,0.01530690974956558,0.5390954942563112,0.6986268384184159,0.6187423305067496,0.5276206800055273,0.6210760839686944
2015-09-07,0.5459326202683215,1.1624549360859548,0.014982365272249153,0.5383062314335549,0.6986268384184159,0.6152382013982826,0.523493973108253,0.616993388405841
2015-09-08,0.5493522216353514,1.1684863789136224,0.01538329987731637,0.5446105103286407,0.6986268384184159,0.6199961529420283,0.5278089393197889,0.6178006683931097
2015-09-09,0.5562523377135461,1.1780691061788802,0.015579513288398584,0.5464321454621737,0.6986268384184159,0.6283165486080297,0.5309835563429023,0.619936054165885
2015-09-10,0.5536578492126083,1.183518865998264,0.015756201420355245,0.5479947115587686,0.6986268384184159,0.6288403487861713,0.5361074782779784,0.6322130756210145
2015-09-11,0.5507436753397644,1.177674792462798,0.015540910061718073,0.5488566050068877,0.6986268384184159,0.6268924613065888,0.5353352730257012,0.6323577494538584
2015-09-14,0.5508480057344386,1.1795383153675607,0.015491833926008303,0.5453179929138334,0.6986268384184159,0.626893068554557,0.5398025015451158,0.631660421579551
2015-09-15,0.5485317216030947,1.1799757650837315,0.01543445413921723,0.5476636833695526,0.6986268384184159,0.6275546061001783,0.5400951190696828,0.6324792754734472
2015-09-16,0.5515658040673918,1.1853651797975517,0.01597141662750268,0.5488474329270548,0.6986268384184159,0.6385478664921012,0.5445747566973614,0.6312987369974413
2015-09-17,0.5532451824987644,1.18013893416985,0.01609931873047234,0.5495129375100113,0.6986268384184159,0.6327327912489695,0.5447289032561684,0.6364086167734863
2015-09-18,0.5545500570692826,1.181678735321819,0.01581729981522135,0.548296403710891,0.6986268384184159,0.6384476908475322,0.539379346071608,0.6273607152674316
2015-09-21,0.5575327449961274,1.1903961703258545,0.015718226823883855,0.5490595926908396,0.6986268384184159,0.6376209059074968,0.5414332254940384,0.6302773397375636
2015-09-22,0.5496413902290539,1.1731125281761277,0.015284321041007201,0.54867524432243,0.6986268384184159,0.6313623210287445,0.533301450128851,0.6185905875204372
2015-09-23,0.5468041900299161,1.1622258015837854,0.01501342167957449,0.5400997971619536,0.6986268384184159,0.6222968417100613,0.5257904106237875,0.6095976620708633
2015-09-24,0.5452899364075557,1.1606268821601449,0.014958003918719607,0.536383291466792,0.6986268384184159,0.6204647827237453,0.5240576637460852,0.6026967202442114
2015-09-25,0.5521033122188482,1.1691269118258658,0.015124481102333246,0.5394607475002213,0.6986268384184159,0.629902607253751,0.5266882979084173,0.6052371927489495
2015-09-28,0.5454376496011593,1.1523790722812695,0.014778612468889769,0.5326577742023163,0.6986268384184159,0.6242360987518177,0.5169807735338829,0.5958854761939227
2015-09-29,0.5423900062953604,1.1542250989925977,0.014844815033324937,0.5241316247567829,0.6986268384184159,0.6220264505376314,0.5155068410931263,0.5911372809999875
2015-09-30,0.5501953961521271,1.169998851582241,0.01504617985083703,0.5265654629826672,0.6986268384184159,0.6276156198981546,0.5200913614733038,0.5978993359471093
2015-10-01,0.5486315251337421,1.1697382867684207,0.015263272458257341,0.52311016006937,0.6986268384184159,0.6274434105593489,0.520413447503308,0.5931424603232034
2015-10-02,0.5487880573463257,1.1749536512122638,0.015188762357979948,0.5254646488532613,0.6986268384184159,0.6316992467002458,0.5175321092714441,0.5892044385931937
2015-10-05,0.5505546658972876,1.1873266976348917,0.015380919614429103,0.536061673245016,0.6986268384184159,0.6387547604425244,0.5277226672002386,0.6042360498256701
2015-10-06,0.5545688651019103,1.192878051780911,0.015475959499581624,0.5346999340634739,0.6986268384184159,0.6419508855976148,0.531162306602214,0.6084605257447107
2015-10-07,0.5717640673900518,1.2195872835644368,0.015772366996593467,0.5360686930007819,0.6986268384184159,0.6524074753214836,0.537657813973381,0.6106364201906822
2015-10-08,0.5695042557857871,1.221004192797734,0.015840213064234866,0.5380644229782497,0.6986268384184159,0.6558313979615897,0.5391847883667,0.6152920241315974
2015-10-09,0.5789546924259966,1.2361957120516935,0.01594819328118545,0.5399172064088058,0.6986268384184159,0.659722850936969,0.5471357856288606,0.620153064915151
2015-10-12,0.5795812464405075,1.2244140785893551,0.015836701580814874,0.537252495913477,0.6986268384184159,0.6524365140394329,0.5464551282452286,0.6173406056046664
2015-10-13,0.5744971137437248,1.2169763870106942,0.015770534611306217,0.5329979546103222,0.6986268384184159,0.6456614887546562,0.5440366513731986,0.6144095137512499
2015-10-14,0.5787678597261524,1.2289785018422168,0.015716195320408924,0.5340939788303449,0.6986268384184159,0.6483100350307978,0.543519466355876,0.6131190231622826
2015-10-15,0.5879541423379611,1.2475219398716204,0.015985081056368658,0.5370939549846067,0.6986268384184159,0.6614445434681837,0.5486615326497923,0.6181681399285331
2015-10-16,0.5875018301896175,1.2429525146068108,0.01573499571119222,0.5319668238278776,0.6986268384184159,0.6574141924492776,0.5457914588925634,0.6139783857293751
2015-10-19,0.5951210410452581,1.2594225967585977,0.015705577051337506,0.5366159213709817,0.6986268384184159,0.6663039464994083,0.5479443433691465,0.6108244961733791
2015-10-20,0.5989719265204518,1.2693177774947833,0.01582462211430639,0.5394590633362335,0.6986268384184159,0.669464106808477,0.5503949211857682,0.6124940322043971
2015-10-21,0.5936987728547695,1.2553001150250536,0.015689010004365886,0.5363052076722031,0.6986268384184159,0.6643529763194511,0.545245193780656,0.6092649122553224
2015-10-22,0.582477461194648,1.2412808419566774,0.015606923295460193,0.5357222719032773,0.6986268384184159,0.6572502928346646,0.5433634390748469,0.6094443078080488
2015-10-23,0.5889872949832045,1.2580291844502054,0.015704505157769676,0.5374526929212007,0.6986268384184159,0.6660793974277576,0.5449044526664472,0.6097799511002464
2015-10-26,0.5938639402949086,1.2684701068964626,0.015400678155123929,0.538873676923581,0.6986268384184159,0.6696575958166097,0.5453108270208592,0.6107376918736728
2015-10-27,0.5921950136443408,1.2662601567364058,0.015255348148121663,0.5383352878122802,0.6986268384184159,0.6701229288723656,0.5436209570997584,0.6114089784580682
2015-10-28,0.5934674989532811,1.2655172939132728,0.015206248658918205,0.5375106590677858,0.6986268384184159,0.6670752348221322,0.5428142941638786,0.6092591253020085
2015-10-29,0.5844752864169466,1.2503204337607905,0.01476014823882222,0.5328899092440584,0.6986268384184159,0.6651198251944097,0.5331860433176027,0.5958652218573246
2015-10-30,0.5879170015136298,1.2576713752920572,0.014590201407521026,0.5388347962426037,0.6986268384184159,0.669996994318683,0.5328187397282319,0.596064871746649
2015-11-02,0.597479989305339,1.2698650928931905,0.014730141320184013,0.5404287283789794,0.6986268384184159,0.6703674121524031,0.5382746055657045,0.6010011429232813
2015-11-03,0.6023941907787702,1.2718239369682809,0.01457545515527068,0.5381452297896229,0.6986268384184159,0.6632129610125155,0.5352890540489923,0.5964554910953275
2015-11-04,0.614464512781817,1.2863671167668291,0.014631545309736602,0.5418008043984881,0.6986268384184159,0.6710326341810569,0.5377215791019865,0.5969473821269966
2015-11-05,0.6226945476820239,1.2924181793021046,0.014665670658416754,0.5399187941357692,0.6986268384184159,0.6687947621871702,0.5367245872438003,0.5906280291083771
2015-11-06,0.6194757171271114,1.2791159721412826,0.0144874086608551,0.5323567137962274,0.6986268384184159,0.6570260854917933,0.5292550274956169,0.5844186282027188
2015-11-09,0.6310619984543744,1.2960619533858455,0.013904076381410809,0.5320325766547404,0.6986268384184159,0.6653583035456467,0.5274343813459894,0.5824481705993856
2015-11-10,0.629619636889442,1.29598766118885,0.014084044836090112,0.5314172965466334,0.6986268384184159,0.6719599499563045,0.5292036060881112,0.5850378322072907
2015-11-12,0.6301329924378059,1.3005123811919255,0.014137458933296942,0.5389294496228264,0.6986268384184159,0.6833258282757206,0.5275452276675889,0.582650713965367
2015-11-13,0.6228010085566595,1.2803755440932396,0.013908182693402259,0.5372359160278035,0.6986268384184159,0.672650971188366,0.5203758002246676,0.5725814151994347
2015-11-16,0.6268941263591838,1.2837793396144306,0.013569572717143479,0.5371671305666695,0.6986268384184159,0.6786124537691308,0.5168131011064148,0.5704286685667183
2015-11-17,0.6298169143371852,1.2986222259448756,0.013917167604233102,0.5378724059603233,0.6986268384184159,0.681349806561617,0.523594063536074,0.5809001605879565
2015-11-18,0.624156954163623,1.2889737804291759,0.013764172127671514,0.5403406699822134,0.6986268384184159,0.6912241791515668,0.5221405202004218,0.5856338883986073
2015-11-19,0.6232522730850503,1.287104935582008,0.013794214375173532,0.5412120678410731,0.6986268384184159,0.6895451817757157,0.5240906968390087,0.5815106841625575
2015-11-20,0.6210061252830935,1.2853758639453092,0.013815410347165177,0.5455808815513775,0.6986268384184159,0.6931125186279687,0.5246788618125593,0.5850580865438888
2015-11-23,0.6077877830182229,1.264375716724962,0.0132554073792879,0.5400272965573679,0.6986268384184159,0.6891198596665624,0.5148206073379117,0.5736520015624793
2015-11-24,0.6076343977910227,1.2639834405075636,0.012962998106682404,0.5376320401334301,0.6986268384184159,0.6905874319050367,0.5076683321353611,0.5624889686202476
2015-11-25,0.61281074396282,1.2703479946438967,0.01291697691378519,0.539361088356,0.6986268384184159,0.6904999903849051,0.5077377253610775,0.562289318730923
2015-11-26,0.6235074157610271,1.282995246907169,0.013223204114806661,0.5429852621734598,0.6986268384184159,0.6937667809569809,0.5136186096814463,0.5682469871674329
2015-11-27,0.6239808615181738,1.2794203893122402,0.01314690846418768,0.539702741092279,0.6986268384184159,0.6831028721777658,0.5104982931781585,0.5601915481546871
2015-11-30,0.6285924765135212,1.2816489370677262,0.013161663331345233,0.5422129218190086,0.6986268384184159,0.6844926988573345,0.5098646916884653,0.5572025867681331
2015-12-01,0.6272453985014768,1.2807557124397067,0.01293447030314357,0.5384853322767753,0.6986268384184159,0.6830783974813484,0.5071942703127721,0.556687547923209
2015-12-02,0.6189035981120603,1.267382512808231,0.012598478155995867,0.5299929037021783,0.6986268384184159,0.6741098472480659,0.4978042186914717,0.5458543713198611
2015-12-03,0.6187600373719929,1.2682141952182853,0.01260343280251736,0.5288901476103371,0.6986268384184159,0.6727774441478065,0.4973271619700081,0.540489865598011
2015-12-04,0.6141122228166775,1.261041673720927,0.012453448002493197,0.5243784014651939,0.6986268384184159,0.6647974133101877,0.4933065002751995,0.5405708829444036
2015-12-07,0.6127024830092948,1.2632235776071874,0.012300779432402471,0.5243854044831053,0.6986268384184159,0.6721491700860261,0.4915966731628525,0.5396102486943204
2015-12-08,0.6107134951771795,1.2553773762160676,0.011943686536789955,0.5182292574220937,0.6986268384184159,0.6653153016531281,0.48136571464312655,0.5251312915033075
2015-12-09,0.6032458319364961,1.233782243662119,0.011787029102476705,0.5102108179514925,0.6986268384184159,0.6560475126250102,0.47197299160103584,0.5130741742741007
2015-12-10,0.5985820894898641,1.2162559355371574,0.012385469947838443,0.5080820016995643,0.6986268384184159,0.6448582541414908,0.4773505761863956,0.5204959418989905
2015-12-11,0.5851963093849866,1.191650616072136,0.012215982993200106,0.4986870265759755,0.6986268384184159,0.6346203852480169,0.46715730025132474,0.5084909072496075
2015-12-14,0.5786382075824461,1.1778233285161845,0.012012445622428635,0.4912820244960059,0.6986268384184159,0.6270899541581924,0.4632704642454119,0.5077299228888489
2015-12-15,0.5896034545894269,1.1957761341671609,0.012180845310193377,0.4964043010714597,0.6986268384184159,0.6338150564599239,0.46718266159308847,0.5127211701219618
2015-12-16,0.5888620631359365,1.1972369733740718,0.012317762435120628,0.49891128898379056,0.6986268384184159,0.6385479917351776,0.4727195270521518,0.5218905976476054
2015-12-17,0.5960748913414418,1.223098737853164,0.012525384449491254,0.5091680436684195,0.6986268384184159,0.65112966988076,0.48089224874406367,0.5325646330348249
2015-12-18,0.5912639864061909,1.2168822973989122,0.012614028033730448,0.5118559954026837,0.6986268384184159,0.6472438163877653,0.48465523040958275,0.5378596953169099
2015-12-21,0.5963643258597853,1.221244719358853,0.012540272833361267,0.5126147616471322,0.6986268384184159,0.6491602837155253,0.4875606081962044,0.539977720229744
2015-12-22,0.5945964726365474,1.2177232719067717,0.012672907932964656,0.5130520021855672,0.6986268384184159,0.6561806913106389,0.4879913076576508,0.5421738690123137
2015-12-23,0.5898733868752415,1.2104947266221258,0.012573738617436004,0.5124188009843276,0.6986268384184159,0.6595201990961848,0.48851952133621857,0.5439012745764693
2015-12-28,0.5881898814114439,1.2117208648013444,0.012389838545294468,0.5115893029288096,0.6986268384184159,0.6600276797436812,0.4870014940548557,0.5429117055598174
2015-12-29,0.597704531770012,1.2302961784152016,0.01265711844001931,0.5162586200496208,0.6986268384184159,0.663526158075649,0.4920645745486783,0.5478277223998516
2015-12-30,0.5923818135393389,1.2165400704896394,0.012628536824031703,0.512073179096935,0.6986268384184159,0.6557140296717878,0.48524580434834014,0.5379407126633026
2016-01-04,0.5820532440486622,1.1854128531596504,0.0122416149479135,0.5003341206883525,0.6986268384184159,0.6373159132043037,0.4732811346094135,0.5221047149202143
2016-01-05,0.5910557043701257,1.2066522256809973,0.01241208256583848,0.5017735492839965,0.6986268384184159,0.6376517762335049,0.47464274770661924,0.5185139103890298
2016-01-07,0.5845137728316105,1.196066814437603,0.012098608637103691,0.4931437900061113,0.6986268384184159,0.6364079706330681,0.46410478110589976,0.505044776551267
2016-01-08,0.5802911167203806,1.1829468801075724,0.011975464240220519,0.48656360003509647,0.6986268384184159,0.6228987315684666,0.4580048879702172,0.4991652319844928
2016-01-11,0.5724914228413196,1.163576285331011,0.011893458564677505,0.4775251082523125,0.6986268384184159,0.610722733302817,0.4522799283711602,0.49298476584540335
2016-01-12,0.5834632273889356,1.1807696130906182,0.012322184848592623,0.49042327537926955,0.6986268384184159,0.6212502098397392,0.4636048234494627,0.5065059822629899
2016-01-13,0.5900595726797848,1.1925109576062958,0.012734377895304981,0.4950957069091246,0.6986268384184159,0.627195453413908,0.47059971883050616,0.5128629504781489
2016-01-14,0.5786262869994415,1.1726014956162811,0.012743580400819644,0.48997145074713255,0.6986268384184159,0.6164299637652638,0.4672406464645218,0.5141592280204298
2016-01-15,0.5684729556590089,1.1562171633468987,0.012436249024829777,0.4845012515267745,0.6986268384184159,0.6138405493785127,0.45886562620664634,0.5019805847716341
2016-01-18,0.5572807389676978,1.1372294217705563,0.01205106123927739,0.47641263320518157,0.6986268384184159,0.6069797169096246,0.4467473281286452,0.4858783871761132
2016-01-19,0.557680809878386,1.1399167083307813,0.012077691580929209,0.47630910182277714,0.6986268384184159,0.6119132037493246,0.44902679050706,0.4897267111297597
2016-01-20,0.550402241255041,1.120776755003111,0.011956623594960974,0.4697361157925599,0.6986268384184159,0.606021106848781,0.44230580660360075,0.4845329205306653
2016-01-21,0.5466617106647493,1.116482834951255,0.01197938147741872,0.4673315292223574,0.6986268384184159,0.6086597447701824,0.44008441564530404,0.4872064929616198
2016-01-22,0.5496954384245699,1.1268475808305638,0.012203180103443026,0.47327324811845484,0.6986268384184159,0.6066946871094883,0.4487645917634054,0.4997670751291232
2016-01-25,0.5583187909079897,1.1414700530827981,0.01215553629491689,0.4753544256312653,0.6986268384184159,0.6157189369709438,0.452594695532651,0.5004615095267737
2016-01-26,0.5586820521087076,1.143938812147089,0.012045648311982304,0.4756494015437516,0.6986268384184159,0.6156087269696177,0.4500935469972256,0.4957567164826916
2016-01-27,0.5708987827452907,1.1610134997670658,0.012263456148767705,0.4783652500261341,0.6986268384184159,0.619140605500663,0.4542215662670449,0.5002358183475373
2016-01-28,0.5688554943539204,1.1631871991561664,0.012468692957513168,0.4843063993436716,0.6986268384184159,0.6149170398929977,0.4585387049553208,0.507917998871546
2016-01-29,0.5739550609663707,1.179846058354103,0.012544343179462623,0.4805390381819225,0.6986268384184159,0.6179755151220263,0.4635108101952214,0.5151111818405424
2016-02-01,0.5791064140926877,1.187722852898411,0.012455499699665962,0.48729968607554836,0.6986268384184159,0.6246089334644905,0.4644266526515655,0.5143270496665286
2016-02-02,0.5804292325135958,1.1845895220580334,0.012423833868796603,0.48844945523371996,0.6986268384184159,0.6271277397025578,0.4597994410053599,0.5010459918114629
2016-02-03,0.5748670349892511,1.1838240672198428,0.012367728361695774,0.48409714072724797,0.6986268384184159,0.6221164691045299,0.4603418640603296,0.5031987384441794
2016-02-04,0.5793036589108902,1.1901757027648452,0.012535384415645584,0.4907566734498926,0.6986268384184159,0.6293387388813382,0.4694027073405895,0.5175417022323191
2016-02-05,0.5858522219754735,1.2082569609746512,0.012933893571953115,0.49112858017058575,0.6986268384184159,0.6289940790462623,0.4740501081974665,0.5181840540501458
2016-02-08,0.5799942296446555,1.19756073075216,0.012867719638179669,0.4828955792076296,0.6986268384184159,0.6196859600663015,0.4690335435500518,0.512061457444194
2016-02-09,0.5743983673906644,1.1809278480290148,0.012841172771263858,0.4814515777824337,0.6986268384184159,0.6129505339659458,0.46629902284854763,0.5114075317197397
2016-02-10,0.5721638412609947,1.1826063652965932,0.012781789836318166,0.47715843139316433,0.6986268384184159,0.6134128124139683,0.464905857270513,0.5095383457993972
2016-02-11,0.5613004274846523,1.1670018124912698,0.012743739660200957,0.47611900493424925,0.6986268384184159,0.6071209286773556,0.46223464290313576,0.5089422896080805
2016-02-12,0.5616197983954463,1.1613551988556832,0.012742995896256758,0.4743914096841924,0.6986268384184159,0.606886975203635,0.46546037418896824,0.5108519842016194
2016-02-15,0.5673361464678373,1.1601324209494008,0.012806150072648353,0.47773440375612375,0.6986268384184159,0.612281031713289,0.4708489681448809,0.5173478392963085
2016-02-16,0.5664040982844853,1.1564220286971576,0.012783487177748165,0.474079440961603,0.6986268384184159,0.6054518291194526,0.468329627499491,0.5161759812502732
2016-02-17,0.5790909511363237,1.1909015997969212,0.01351950381834796,0.48398101569078383,0.6986268384184159,0.619700970141914,0.48244978009365236,0.5347000188076003
2016-02-18,0.5835779437568489,1.199162734039132,0.013609846406284853,0.48762681316388506,0.6986268384184159,0.6272069298911392,0.48260689884016766,0.5363811287452459
2016-02-19,0.5809819202667961,1.1845796945432558,0.013391474421158378,0.48024640696284554,0.6986268384184159,0.6177825968426394,0.47685583301398515,0.532706413391012
2016-02-22,0.5858935828190662,1.1912844531697357,0.013447527922013638,0.4849284409959413,0.6986268384184159,0.6259383212046554,0.4829285662519002,0.5381085343094015
2016-02-23,0.5908010696329947,1.1941073658541648,0.013398363018571066,0.4866659466823486,0.6986268384184159,0.6292893541477201,0.48252795716879476,0.5338348692871941
2016-02-24,0.5827428302904156,1.1781005533899065,0.013341726228641286,0.482206248325625,0.6986268384184159,0.6210061810628376,0.4766707344611161,0.5261411148565579
2016-02-25,0.577125864549453,1.1690437243269487,0.013337713726430627,0.4812846815543801,0.6986268384184159,0.6130106060345571,0.4782850472141242,0.5318701986371747
2016-02-26,0.5872499705641997,1.1853239445189225,0.013288169636554813,0.4837634225438299,0.6986268384184159,0.6234054685511786,0.48242224317868604,0.5337220236975759
2016-02-29,0.5905471691729469,1.1883818574310905,0.013050645792842918,0.486189905221011,0.6986268384184159,0.6340641061395955,0.4801837714147555,0.5277932900276348
2016-03-01,0.5773655854259251,1.1662394522079924,0.012906716430052144,0.4840438961224435,0.6986268384184159,0.623804441296477,0.47437952903439284,0.5280797442166656
2016-03-02,0.583882854616532,1.1674310954120692,0.012965520961084187,0.47938382613788993,0.6986268384184159,0.6193307359726471,0.47564655849092746,0.5281028920299206
2016-03-03,0.595552225107024,1.1893684715203654,0.013518637207723592,0.48750876759311756,0.6986268384184159,0.633415868387643,0.48909463653772045,0.5431489706456814
2016-03-04,0.5971067139141296,1.1799100534006415,0.013592095728685478,0.4864077455585417,0.6986268384184159,0.621270398686522,0.48920518716085526,0.5420957451425781
2016-03-07,0.6056015476676362,1.192732733363229,0.013602950899095741,0.4874919196048328,0.6986268384184159,0.6270593939346953,0.4941994295248863,0.548432459021139
2016-03-08,0.5985312634863386,1.1913615743691373,0.013648381358301534,0.49274510546100914,0.6986268384184159,0.6281824793933498,0.4932267445485871,0.5429580011863275
2016-03-09,0.5940304523785159,1.183316071818207,0.013677906027068426,0.492903950309251,0.6986268384184159,0.6263805301187421,0.4914680946323408,0.5435656312842716
2016-03-10,0.594420791431284,1.1790944846968112,0.013719393759486349,0.4917254816995666,0.6986268384184159,0.6216030690368223,0.49363953143370665,0.5460887429290684
2016-03-11,0.5965287776009448,1.1823630815767467,0.013818648210396717,0.48992985547748374,0.6986268384184159,0.6219269059330118,0.4969693304923914,0.5529057739326708
2016-03-14,0.5949278919975752,1.1829987994965636,0.0137722364215955,0.4916512066025891,0.6986268384184159,0.6210155409194255,0.4978762087329264,0.5537622430231065
2016-03-15,0.5964914772084764,1.1880398515083233,0.013710398740836795,0.4937192528350874,0.6986268384184159,0.6269923872206066,0.49606097489473683,0.5515197986140268
2016-03-16,0.5956298578530765,1.1765887824304764,0.013698756220647538,0.4899576669595177,0.6986268384184159,0.6226867098497905,0.49677495831557006,0.5514069530244086
2016-03-17,0.6030424379305814,1.1823373357861282,0.014113675621797186,0.49227343674882756,0.6986268384184159,0.61981306300075,0.5037577195910269,0.562552625106699
2016-03-18,0.6108017190415765,1.1867618269947435,0.01429114239432763,0.48970302739660715,0.6986268384184159,0.6121556729516657,0.5055362915168249,0.5676914396493127
2016-03-21,0.6135792535818774,1.1895048669132455,0.014260734269261608,0.4890355826177254,0.6986268384184159,0.6151719909472917,0.5053275134338718,0.5649889324517895
2016-03-22,0.6108435067373712,1.1854782509439679,0.014313720759774724,0.4889697462675261,0.6986268384184159,0.617741738910492,0.5054493723859776,0.5679836807916572
2016-03-23,0.6098652277009279,1.1858529444839325,0.014228148588592537,0.48596323737814856,0.6986268384184159,0.6196071239152285,0.5003107365449495,0.5600642351817846
2016-03-24,0.6078210532242824,1.1791905915404945,0.014324469142407679,0.48691854165954335,0.6986268384184159,0.6138338035152621,0.5006800865159925,0.5602320568278835
2016-03-29,0.6078604704094783,1.1814895775882344,0.01427413776309252,0.49246336773882315,0.6986268384184159,0.6212031511135953,0.5024233678954138,0.5653390431272715
2016-03-30,0.612333632758173,1.1858989621306966,0.014406237831229813,0.49403125639695394,0.6986268384184159,0.6245714345037628,0.5084890515400873,0.5786750770388179
2016-03-31,0.6157290802633513,1.196668363188588,0.014479182487923832,0.49764823789122176,0.6986268384184159,0.6267973843459824,0.5092442752061231,0.5780269382676775
2016-04-01,0.6085706224324438,1.1800283270702956,0.014497814237190952,0.49156742325822445,0.6986268384184159,0.6213437756974477,0.5040472073463425,0.5709523878416131
2016-04-04,0.6149315376837978,1.1912607838628264,0.014488176195557244,0.4886325225032846,0.6986268384184159,0.6209041719851003,0.5070709238301465,0.5746849727289846
2016-04-05,0.6067675484357987,1.1724883273894762,0.014288308131902155,0.4763945537141793,0.6986268384184159,0.6115790089575126,0.4971189785540645,0.5595520898135173
2016-04-06,0.5990895469970353,1.16642261408397,0.013995258292447873,0.47523185429647874,0.6986268384184159,0.6050024044526875,0.4907212113924558,0.5554288855774675
2016-04-07,0.6066268485595154,1.1695558515555255,0.014253552438831935,0.4780092797227128,0.6986268384184159,0.6056215783029024,0.49143145280734807,0.5512362379016527
2016-04-08,0.6083405090212851,1.1822866229205709,0.014341034077217634,0.4811533873845659,0.6986268384184159,0.6138153066116421,0.4942023709296589,0.5553796964743006
2016-04-11,0.6091569194869351,1.1792961754708988,0.01424487347471224,0.4796071867151246,0.6986268384184159,0.6113692713365554,0.4945028419869943,0.5538750886127245
2016-04-12,0.6094579404168076,1.1742535670509338,0.014481376345716668,0.4765269284872771,0.6986268384184159,0.6116805959796775,0.4948842462677534,0.5519943287857544
2016-04-13,0.6166984635929607,1.1887774654312864,0.014817693167386625,0.48171075735878155,0.6986268384184159,0.6225511973694725,0.5031797617542373,0.562596027256552
2016-04-14,0.6143309688988889,1.1899376699330804,0.01494401135049792,0.48442802441337934,0.6986268384184159,0.6238865713349646,0.5062429735250139,0.5647343065059841
2016-04-15,0.6121381256668658,1.1856259533558275,0.014876171558611068,0.48444168856344416,0.6986268384184159,0.6215172822052837,0.5050025835946763,0.5613200040508691
2016-04-18,0.6089576390889785,1.1852286036818611,0.014926850452196688,0.48521498244379707,0.6986268384184159,0.6192725430194629,0.5072855228558889,0.5631689356346136
2016-04-19,0.6135970665433471,1.1908705370199308,0.014952524278817719,0.4903545325522067,0.6986268384184159,0.6285560942652243,0.5106493484904695,0.5685218674498361
2016-04-20,0.6164721196796529,1.191908250051494,0.014696909975473902,0.4948049395936821,0.6986268384184159,0.6375962532005619,0.5103947884711031,0.5679547460250883
2016-04-21,0.6185540844117657,1.1929153506353567,0.014559571916381396,0.4954473463144728,0.6986268384184159,0.6362987919931117,0.5096532999195348,0.564337900203992
2016-04-22,0.6167383690816296,1.190309420562419,0.014462075497019935,0.4957702799809167,0.6986268384184159,0.6296100406242395,0.5092216463651764,0.5622111948611873
2016-04-25,0.6139434645770955,1.185938542907147,0.014222316626762883,0.495942037215286,0.6986268384184159,0.6284832638905621,0.5075872510037118,0.5570926346551718
2016-04-26,0.606857713322038,1.17544440288598,0.014208490256102536,0.4939587255144128,0.6986268384184159,0.6263762131428514,0.5045628080444269,0.5544913991406393
2016-04-27,0.6105530282053944,1.1647839293346112,0.014084072043856857,0.4931896268253937,0.6986268384184159,0.6281670739304527,0.5033868770824295,0.5475846703606737
2016-04-28,0.6093517728110285,1.1688716844703266,0.014151111066505503,0.491229889805759,0.6986268384184159,0.6248455519976748,0.5038296191457728,0.5491760825219562
2016-04-29,0.6133308640637781,1.166764668960191,0.014083627642355908,0.49079247647233665,0.6986268384184159,0.6277347232998355,0.5045959490356277,0.5487883566499346
2016-05-02,0.611909379714875,1.1596549055867682,0.014002974188001546,0.49342498428745446,0.6986268384184159,0.6261940810608475,0.5061606802167811,0.5496795474602527
2016-05-04,0.603444046390303,1.1542223456259335,0.013899993506214348,0.4876036800120192,0.6986268384184159,0.6189102490091215,0.49807186192595865,0.5397057334239974
2016-05-05,0.5950709867194,1.1508915581866976,0.013759424173639855,0.482174708397189,0.6986268384184159,0.6139373862231678,0.4912285334306608,0.531737098710958
2016-05-06,0.594511067150681,1.1603232233278158,0.013930575943903192,0.48290988535394896,0.6986268384184159,0.6137301059093025,0.4947006776728535,0.5360773136962736
2016-05-09,0.5958042198178691,1.1820248009542969,0.014144873494983362,0.4819599317751522,0.6986268384184159,0.6123133581850908,0.4955281625530363,0.534844692640444
2016-05-10,0.5890672964456931,1.1622263334384892,0.013974085708500703,0.4826256036376069,0.6986268384184159,0.6065206150985788,0.49015161671143254,0.5281086789832341
2016-05-11,0.5822970119574744,1.1656978926808175,0.013771466992303576,0.482360943744,0.6986268384184159,0.6097439236666643,0.4868642363721746,0.526039843173567
2016-05-12,0.5871980058040428,1.166799960562766,0.01363677617498083,0.48541539453257293,0.6986268384184159,0.6147008891892168,0.4873153326764606,0.5254814021787897
2016-05-13,0.5865071548932655,1.169911733020452,0.013406019944715918,0.48248210341227926,0.6986268384184159,0.6065477976361728,0.4861073335396474,0.5252759653361515
2016-05-16,0.5881164636305087,1.1976547092866376,0.013491749511211544,0.488963444567816,0.6986268384184159,0.6105572390149534,0.49453285739676117,0.5363869156985595
2016-05-17,0.5900233358186577,1.1898592572294189,0.013503217626585696,0.4875943087801637,0.6986268384184159,0.6107098655764239,0.493225558283668,0.5342804646923529
2016-05-18,0.5937805885540516,1.1837447736074953,0.013213302301504129,0.4895993287597779,0.6986268384184159,0.6109339422108372,0.49058371297068587,0.5329321045702482
2016-05-19,0.5860941341262277,1.1557898257164765,0.012769154541906502,0.48254487013778663,0.6986268384184159,0.6021347314281332,0.47960026040019604,0.5207968634713058
2016-05-20,0.5859824448613572,1.1482165247311196,0.012877353692193219,0.48457789708130883,0.6986268384184159,0.6086243742143114,0.4756610935018606,0.5226718363449622
2016-05-23,0.5861183662459113,1.1802142073353268,0.012841668584628709,0.4813935779833537,0.6986268384184159,0.6130746123546784,0.4821360856959463,0.5263147234559704
2016-05-24,0.5855634492862134,1.1757657641061692,0.013017466327604183,0.4801469437818686,0.6986268384184159,0.6111853752705176,0.4844564863777048,0.5298389780240468
2016-05-25,0.5856885614378999,1.170611724289037,0.01322901777253615,0.48203745255347835,0.6986268384184159,0.6117302995391628,0.4878740495268314,0.535081957726308
2016-05-27,0.5949549302526009,1.1888573247485568,0.013159130150813745,0.48611343818514396,0.6986268384184159,0.6141489174613731,0.48808937210427333,0.5321740136861465
2016-05-30,0.5904736473044175,1.1717907722708885,0.012921796233651464,0.48473354194120877,0.6986268384184159,0.6117920439353833,0.4859855715222101,0.5329176371869638
2016-05-31,0.5860833968780704,1.148579665009518,0.012588120158084914,0.4754351518008181,0.6986268384184159,0.610943600972387,0.47613940188557446,0.5232100230031412
2016-06-01,0.5724070421254935,1.1100353937932994,0.0120735912540846,0.46218336035231666,0.6986268384184159,0.594083159588877,0.4618674912240251,0.5091043243008655
2016-06-02,0.5793735054131289,1.1141411805547738,0.012162859764060013,0.46147092478437085,0.6986268384184159,0.6017509376462451,0.4626655551911541,0.5099116042881342
2016-06-03,0.5919161071123121,1.1263976286766781,0.012362759652589018,0.466739219675907,0.6986268384184159,0.6062539610679204,0.4732175059457332,0.5189247840743063
2016-06-06,0.5930504211182509,1.1294486312474132,0.012312058148560607,0.4671041414867,0.6986268384184159,0.606514832640006,0.4737585760608079,0.520035879110547
2016-06-07,0.6039198860524339,1.13199424460132,0.01255967404986365,0.47255440848068764,0.6986268384184159,0.6161887057060084,0.4821641150270895,0.5303135081957744
2016-06-08,0.6055574600621659,1.1374126639503692,0.012780669582579441,0.47433372316225925,0.6986268384184159,0.6118277820041177,0.4851120356710216,0.5335136933782804
2016-06-09,0.595614476646467,1.1500250803636687,0.012825895576865603,0.4679476205157717,0.6986268384184159,0.6045827040497505,0.47942577708628653,0.5249171742306986
2016-06-10,0.5861056208299761,1.13365712999355,0.012576986108438076,0.46468721304283866,0.6986268384184159,0.6033911713630669,0.47359399941015723,0.5156233272088094
2016-06-13,0.5737097557885267,1.0981412002343545,0.012296886960363764,0.46086104778902653,0.6986268384184159,0.5962625856098517,0.4683263961428203,0.5150417384007772
2016-06-14,0.5684898710975125,1.0828257238809387,0.012074957614145359,0.4556201462858374,0.6986268384184159,0.5877924827168473,0.46266855183816685,0.510007089017811
2016-06-15,0.5715073955511059,1.0886749845319177,0.012098772249173906,0.45702097874600556,0.6986268384184159,0.5904016627117813,0.46429124294360213,0.5129873699743944
2016-06-16,0.5539357189283579,1.0587952040807813,0.01192350757053341,0.4464995232146053,0.6986268384184159,0.5794638860614849,0.4503181224592924,0.5015783915163281
2016-06-17,0.5729796470487021,1.0770895032438064,0.012206196474731371,0.45264891407723645,0.6986268384184159,0.5949365122149548,0.45979670147791385,0.5076460120657993
2016-06-20,0.5829719171433392,1.1038618584315472,0.012206763075054146,0.46161292786510233,0.6986268384184159,0.5949723535237538,0.46934284762657585,0.5190405231405811
2016-06-21,0.5907034088446613,1.109945942271798,0.0122887431836997,0.4614088841311408,0.6986268384184159,0.5943874372444294,0.4714996226842224,0.5215809956453192
2016-06-22,0.5898132692216674,1.110931365288301,0.012421336436895431,0.46494226101328123,0.6986268384184159,0.5953034019468081,0.4768718024273181,0.5274894749786623
2016-06-23,0.6001851741788089,1.1374002220880928,0.012628884177581876,0.47401423143353966,0.6986268384184159,0.6090889650126557,0.484829819570804,0.5363666613619612
2016-06-24,0.5745496417548013,1.072626511792886,0.012016395728953428,0.4517436924627749,0.6986268384184159,0.5783152094001601,0.45957418326353366,0.5120498835375662
2016-06-27,0.569136100916699,1.0588197507321642,0.011627549475749517,0.44829586494289075,0.6986268384184159,0.5720388348107132,0.4523169319511477,0.501205133027591
2016-06-28,0.5881740810933836,1.0755934916980079,0.011959079897810122,0.4519953909417142,0.6986268384184159,0.5839661170600166,0.45840394692114605,0.5068821342283838
2016-06-29,0.5924268932247263,1.0765487213317932,0.011896075433976533,0.45272624141744566,0.6986268384184159,0.5816628673876604,0.4622772197960999,0.5081523704807528
2016-06-30,0.5767313052563888,1.0816675944600393,0.011853157580119698,0.45433341374181146,0.6986268384184159,0.5809659928412709,0.46014333522429884,0.5065580648428135
2016-07-01,0.582825464874719,1.0618744526824218,0.01185428590073298,0.45017576332126585,0.6986268384184159,0.5829947345837809,0.45830027645753363,0.5047843636521478
2016-07-04,0.5772594460365309,1.0624516029983428,0.011580235030731623,0.44478592755049917,0.6986268384184159,0.5813711177418973,0.456218880699055,0.4989800494784524
2016-07-05,0.572584687908565,1.0533639410252504,0.01159873031240709,0.4462598104290872,0.6986268384184159,0.5775781152248384,0.4542099153757323,0.49650612693682256
2016-07-06,0.5703027795662958,1.044097976665335,0.011448715169892758,0.44125169036342915,0.6986268384184159,0.5738168433933797,0.44721419314095,0.48897440719897156
2016-07-07,0.5829372113986896,1.0694898955565315,0.011513762396561674,0.4460105667747031,0.6986268384184159,0.5858424929233284,0.45343422926541505,0.4958001186325446
2016-07-08,0.5907742473904186,1.0760248464047892,0.011497450363953512,0.44109293608510997,0.6986268384184159,0.5899354528669765,0.45420322719078104,0.49346218949378795
2016-07-11,0.6018432831935984,1.0928944705867227,0.011624159671523583,0.44697721282256564,0.6986268384184159,0.598465692980663,0.46481529747984973,0.5050360961212963
2016-07-12,0.6119025425612273,1.106481120606131,0.011827204536149067,0.45191496174370427,0.6986268384184159,0.6070537186298471,0.4685439946988782,0.5076257577292014
2016-07-13,0.6100417620611436,1.1059083790922506,0.011878203121837409,0.4468255999916141,0.6986268384184159,0.6099524320445322,0.4693925220770339,0.5046657311092161
2016-07-14,0.6120232114143687,1.109455379523163,0.01197660890141389,0.4451061697626907,0.6986268384184159,0.609348444407646,0.471837410600036,0.5050100548313845
2016-07-15,0.6180711085740803,1.123838674639808,0.012197104369924619,0.4491968716211321,0.6986268384184159,0.6148283734711706,0.4763067253274003,0.5090811764876105
2016-07-18,0.6301284626429307,1.1414291722547703,0.012077351907395178,0.456246016442616,0.6986268384184159,0.6249200494370054,0.4810986854127559,0.5173883479695045
2016-07-19,0.6287357688315905,1.1356838391575126,0.012128291484367426,0.45270968328726086,0.6986268384184159,0.622725067085809,0.48125881432764617,0.5186470103152461
2016-07-20,0.6353885870063595,1.145787452666547,0.012147027502457292,0.45480632728407205,0.6986268384184159,0.6284743230913568,0.48689347047303644,0.5209444307808065
2016-07-21,0.6450628749074162,1.1756007139355267,0.012174745352527343,0.4549924341601116,0.6986268384184159,0.6323770178236997,0.49083960406786453,0.5218905976476053
2016-07-22,0.6536790616221694,1.1953611514703648,0.012182589376799401,0.4486642959987911,0.6986268384184159,0.6353479438442128,0.49169087622273283,0.5187916841480898
2016-07-25,0.6553963652183329,1.2001604435944102,0.012242348648634199,0.4541208641980253,0.6986268384184159,0.6376880899914558,0.4967852776148963,0.5250936763067681
2016-07-26,0.6510917350495594,1.1957230081214012,0.0123740887968284,0.4577578232321242,0.6986268384184159,0.6342634433980421,0.4958992317822146,0.5219716149939977
2016-07-27,0.6518461154763987,1.1987606139024536,0.012418784246287687,0.45602381691234767,0.6986268384184159,0.6363342649471432,0.49582335484168044,0.5201400442701944
2016-07-28,0.6562079053649916,1.2211461129341767,0.01241435217630043,0.4533060344290882,0.6986268384184159,0.6417089049677026,0.49702701005404837,0.5175011935591225
2016-07-29,0.6570683413701179,1.22256682151821,0.012254466958204424,0.4455678816701866,0.6986268384184159,0.643741731308769,0.4911870902427994,0.5091766612172871
2016-08-01,0.6518401195328406,1.2136951199133852,0.012140653858768865,0.4454820405152826,0.6986268384184159,0.6375850598542271,0.49014215491856866,0.5098653086616238
2016-08-02,0.6504177926964585,1.2003735908972746,0.012229904125658643,0.4485175396614106,0.6986268384184159,0.636907062263715,0.4950655546780347,0.5218761302643207
2016-08-03,0.6525301761145149,1.2113369418861721,0.01202158261916609,0.4447130709473146,0.6986268384184159,0.6361525722824661,0.4911519150952137,0.5179583628709091
2016-08-04,0.6485425417911458,1.210875470191641,0.0121086405983021,0.4416644370069217,0.6986268384184159,0.6306576191602814,0.49603995189464734,0.5266821949913935
2016-08-05,0.6515363477221633,1.2188296062389066,0.01206283085246986,0.4437165718149384,0.6986268384184159,0.6349435480310323,0.4992349427692155,0.5281896963296264
2016-08-08,0.6592951832642714,1.2289900771787674,0.01223834282540141,0.44608339528011326,0.6986268384184159,0.6386809306283439,0.5025001930512908,0.5315461292516037
2016-08-09,0.6800391995553177,1.2678419238672847,0.012328886344257892,0.452931574124712,0.6986268384184159,0.6462214590887848,0.5087927604152619,0.5344685406750496
2016-08-10,0.684877892850193,1.2751379488283936,0.012442370360185044,0.4535011116485023,0.6986268384184159,0.6512066925301587,0.5107725224400887,0.5360281245931063
2016-08-11,0.6839631226153687,1.2718980853672248,0.012628073186973333,0.45637095156443547,0.6986268384184159,0.6531979798974666,0.5141396675900688,0.5395465922078689
2016-08-12,0.6856532348837712,1.2751818790607292,0.012675259213289927,0.4590491955380626,0.6986268384184159,0.6603331049979174,0.514503990458655,0.5375211585480549
2016-08-16,0.6825568617327844,1.2706678592139724,0.012564122532478414,0.4604307530952167,0.6986268384184159,0.6616136183856998,0.5125817961911178,0.5343846298520001
2016-08-17,0.6773743325993812,1.26186667397411,0.012371317116472064,0.4595305783653941,0.6986268384184159,0.6574617519282948,0.506322477681023,0.5278858812806542
2016-08-18,0.6740483660194351,1.25486091655914,0.012308989114563103,0.46182962698700986,0.6986268384184159,0.6627070148803363,0.5052855080102651,0.5269049926939728
2016-08-19,0.668811129309327,1.2419356964692008,0.012111301427872445,0.4616207900661419,0.6986268384184159,0.6628720762337154,0.5001182625471183,0.520874987341041
2016-08-22,0.6748215454802704,1.2513839067478845,0.012106642690502791,0.4650918978632342,0.6986268384184159,0.6726275236703788,0.501912338768484,0.5209241764442079
2016-08-23,0.6852311993109435,1.2654906155481291,0.012043913823307521,0.4676556657852988,0.6986268384184159,0.6791906916423351,0.504584355579675,0.5181059301804096
2016-08-24,0.6827749228641085,1.263509496022557,0.011924167655469728,0.4651096520547145,0.6986268384184159,0.6748307890848796,0.5039455057876461,0.5168675221712663
2016-08-25,0.6859180493041551,1.2653602643781843,0.011871265470729291,0.47115226391575016,0.6986268384184159,0.6835707891253491,0.502734813517654,0.5155249490024754
2016-08-26,0.6910571950947796,1.2790474101060365,0.011922389274380728,0.4724986051613338,0.6986268384184159,0.686299009600867,0.5029752529927016,0.5138525194948004
2016-08-29,0.6900343002645833,1.2795774762726453,0.011857693879260887,0.4672018201978473,0.6986268384184159,0.6790659234218269,0.5033927618383716,0.5142720736100475
2016-08-30,0.7118842562074676,1.3218165297257523,0.011926136444984557,0.4654724680529305,0.6986268384184159,0.6739091758835926,0.5131590332553376,0.5203136528696068
2016-08-31,0.7142217081722119,1.3253043088595076,0.011894714947884948,0.46926886239098214,0.6986268384184159,0.6824124606639239,0.5127673964570618,0.5189623992708452
2016-09-01,0.6998393651643174,1.3002573321212934,0.011610958648678288,0.46112068393408295,0.6986268384184159,0.6761202893910441,0.5028229443736741,0.5097379956887211
2016-09-02,0.7147225106161639,1.3129072917565328,0.011685220580231255,0.4617661416115278,0.6986268384184159,0.6830257285535297,0.5066997005174131,0.5114364664863079
2016-09-05,0.7540503569497167,1.3536498322730588,0.011773256309456769,0.46404121820267485,0.6986268384184159,0.6915097081224018,0.5192583783068655,0.5173594132029353
2016-09-06,0.762027138168413,1.3572262084033035,0.011841967261210583,0.4630917660454161,0.6986268384184159,0.6947792226421369,0.5200169434651859,0.5181724801435178
2016-09-07,0.7546117356109965,1.3544253473989962,0.011831513601862345,0.46449145620813403,0.6986268384184159,0.6994892541952034,0.5207822296349772,0.5237250618480649
2016-09-08,0.7608056754652299,1.3552837093311292,0.011763323494148345,0.4644313132705723,0.6986268384184159,0.6968444787104278,0.5179160534007027,0.5189392514575902
2016-09-09,0.7551894423594228,1.3357207207428712,0.01143009465808537,0.4594388041713188,0.6986268384184159,0.6918099629417254,0.5086877045169551,0.507550527336122
2016-09-12,0.7334771897278622,1.3053051778815938,0.011136901605012534,0.45634521705762165,0.6986268384184159,0.6794171577557799,0.5006735815681147,0.5009678679417267
2016-09-13,0.7407203228603577,1.3123556463152233,0.011183333660936887,0.45597179142010613,0.6986268384184159,0.6849209522949042,0.5029894322139649,0.49990306853199595
2016-09-14,0.7575707469188259,1.327892768117856,0.011182537618946196,0.4559213079508612,0.6986268384184159,0.6840238431638606,0.5057367393746593,0.5025043040465285
2016-09-15,0.7593553772875646,1.3366722189593039,0.011246784708180264,0.4585133861284044,0.6986268384184159,0.6863686283957068,0.507338377830898,0.5051923438607672
2016-09-16,0.7634102987639588,1.3507216915725646,0.011115036836267501,0.4669665678756399,0.6986268384184159,0.6950044453662245,0.5081721612016923,0.5018040826955641
2016-09-19,0.7582146550717493,1.345170412653828,0.011256255757816143,0.4665744987407669,0.6986268384184159,0.6915808421404775,0.5086452137374076,0.5062947584670373
2016-09-20,0.7589150620942211,1.34124085904399,0.0112310924181786,0.4664912452791362,0.6986268384184159,0.684589874976223,0.5088897073193428,0.5079758684046829
2016-09-21,0.7619460858888767,1.347702407057857,0.011316594345805616,0.4689409647256273,0.6986268384184159,0.6836036436907862,0.5105683015439498,0.5088091896818635
2016-09-22,0.7720154065052084,1.3741198564428494,0.011244721645150117,0.4757625460714789,0.6986268384184159,0.6975813749984936,0.5139494308410458,0.5139451107478203
2016-09-23,0.7658343489746998,1.366332357619385,0.011244331446773396,0.4732130495044961,0.6986268384184159,0.692807845801526,0.5112615297079804,0.5099694738212712
2016-09-26,0.758805547474855,1.3540866646895342,0.01101289484035937,0.469077419021179,0.6986268384184159,0.6881826201684615,0.5069229690555044,0.5034794056798959
2016-09-27,0.7467019875348162,1.3449496939777328,0.010681849679599977,0.46869171281046346,0.6986268384184159,0.6802009318489624,0.5054346321126622,0.5013845285803169
2016-09-28,0.7468980756632962,1.3499432210847746,0.010752345046449858,0.46820937806739793,0.6986268384184159,0.6832663694067853,0.5067915462495003,0.501899567425241
2016-09-29,0.7480981514872449,1.353430406625923,0.010581549470912464,0.47440781278709787,0.6986268384184159,0.675371580980538,0.5084828378814444,0.500701668089294
2016-09-30,0.7420718382523004,1.3393363472559512,0.010463487798982471,0.4678335816264419,0.6986268384184159,0.6736380475362973,0.5021124989284752,0.4946427279697933
2016-10-03,0.7439216883551687,1.3407677862224698,0.010482263096449911,0.464024342400966,0.6986268384184159,0.6704533515387769,0.5058826487933422,0.4992520362841985
2016-10-04,0.7467467910984189,1.3395398948671449,0.010747507678611722,0.4660627685086875,0.6986268384184159,0.6671361530042489,0.5121957318180974,0.507527379522867
2016-10-05,0.7441802418435883,1.3382732798086017,0.010858875704683791,0.4656535573455623,0.6986268384184159,0.6686934564266573,0.5131873276312008,0.5098971369048494
2016-10-06,0.7384201678184323,1.3337293553079541,0.010514473342312045,0.4640641704377142,0.6986268384184159,0.6651876614018619,0.5092908768296317,0.5098016521751725
2016-10-07,0.7310575426773345,1.32425623060076,0.010330320415191396,0.4602375442281339,0.6986268384184159,0.6617793622347232,0.5065300349303614,0.5068560929384716
2016-10-10,0.7393169065292511,1.3347497863662292,0.010406443372049044,0.46624458521465106,0.6986268384184159,0.6703120391390123,0.508873044006679,0.5109735102212076
2016-10-11,0.7500308473016306,1.3467716502036076,0.010327727377110765,0.4644158897157672,0.6986268384184159,0.6672305460466087,0.5099800903768535,0.5083954225199301
2016-10-12,0.7493607438860451,1.3454718020054648,0.010327069007838665,0.4638658377644202,0.6986268384184159,0.6633532257572602,0.5103143779755653,0.5093763111066114
2016-10-13,0.7435057347070942,1.3396448047943925,0.010274045652354503,0.461014961888049,0.6986268384184159,0.6586119327230037,0.5064809764363246,0.49986255985879957
2016-10-14,0.7541868750177384,1.3523166619954632,0.010434386866976926,0.4648319255500417,0.6986268384184159,0.6649724917185995,0.5087037182347348,0.49757381982320986
2016-10-17,0.7648714745347176,1.3608337314522427,0.010425654111985486,0.4649206326464531,0.6986268384184159,0.670478139647731,0.5091416821796114,0.4959997685218687
2016-10-18,0.7702724945504755,1.367805748871318,0.010469107663230327,0.4662031707564167,0.6986268384184159,0.6675640273780387,0.5114266599636569,0.49802809565833955
2016-10-19,0.7739137252334689,1.3737051109655907,0.01048568849977562,0.4657106809428827,0.6986268384184159,0.6699683109079311,0.5197429603144026,0.5047756832221768
2016-10-20,0.7696536890715984,1.3691922425889707,0.01050986459612678,0.4692128561610803,0.6986268384184159,0.6655767786679405,0.5184457580928172,0.506066173811144
2016-10-21,0.7626126348047969,1.3646116860590194,0.01043883968507834,0.4695150886120108,0.6986268384184159,0.6690413309880885,0.5184987895042943,0.5070094472012859
2016-10-24,0.7723432177203607,1.385196220443627,0.01050836969554175,0.4768809301039715,0.6986268384184159,0.6855630884819277,0.5239135809266395,0.5158461249113885
2016-10-25,0.7632243943893579,1.3802527456701474,0.01041888274248749,0.47785618150614895,0.6986268384184159,0.6850850582500225,0.5199786877501122,0.516656298375314
2016-10-26,0.7706547856745892,1.3838953213661753,0.010198982490187634,0.4810835242397293,0.6986268384184159,0.6876582568280785,0.5171149678961481,0.5149607210543841
2016-10-27,0.7718158688318699,1.3977096158944142,0.010208012470142847,0.4853881538043702,0.6986268384184159,0.6884144043524474,0.5206100015110507,0.5194745446391122
2016-10-28,0.7732197822710887,1.3989638575927401,0.010156360456251012,0.48745941399062104,0.6986268384184159,0.6909466146140434,0.521391277084749,0.5259732932104582
2016-10-31,0.7873746078204611,1.4149354363328104,0.010014419885628859,0.49145891772793726,0.6986268384184159,0.7005650090925154,0.5227136794528473,0.5250676350168556
2016-11-02,0.7615092799915396,1.3652517896014515,0.009929461941361097,0.4783648329422204,0.6941730923234984,0.6817439595014294,0.5092795917816739,0.5108780254915304
2016-11-03,0.7565040893484367,1.3654084263160866,0.00991710156262738,0.4800466315772255,0.6896104838856473,0.6856328253842119,0.5087329748394434,0.5113843839064838
2016-11-04,0.7521422058931373,1.3479070971502065,0.009879603530522398,0.4733269044215413,0.6856342984259592,0.673409438106007,0.5049667213164647,0.5087368527654412
2016-11-07,0.7635855355779276,1.3509352742283922,0.009932449775101094,0.47057512113447836,0.6960657557469474,0.670479512140202,0.5074114251540701,0.5097698239319463
2016-11-08,0.747319032818302,1.3602686182653916,0.010025282758017048,0.47240609571085757,0.6812376127175368,0.6732160058104354,0.5093271303358246,0.5159705444076338
2016-11-09,0.7494325561346729,1.3527138106733265,0.010023295686367896,0.47327681836415336,0.6831642484851788,0.67290540156984,0.5114079430000471,0.5181232910403504
2016-11-10,0.7625699968752587,1.3800408316696888,0.009954517995181053,0.47914806500391394,0.6951400156934399,0.684625603755183,0.5135426718112067,0.5198854183243885
2016-11-14,0.7631945479465505,1.3642078434083753,0.00961753508486825,0.4743042753770221,0.6957093410580335,0.675711854106483,0.5025779643793004,0.5074752969430427
2016-11-15,0.7680157177725038,1.3719074226634518,0.009682904059058904,0.4761950402394836,0.7001042006541449,0.6763265310533748,0.5027214213524573,0.5075215925695528
2016-11-16,0.7601469694556374,1.3798054103876238,0.009729699240426045,0.479358627221697,0.6929312436129712,0.6827589130820936,0.5027897901449723,0.5088294440184612
2016-11-17,0.7593028303749936,1.3688431934361083,0.009630949666077037,0.4736711939273334,0.692161747230776,0.6773420213274995,0.4995272224989936,0.5041564792176048
2016-11-18,0.7597105582474208,1.3651615674909405,0.00954712152995715,0.4745504860669922,0.6925334219108698,0.672679346346588,0.49703092751099487,0.49933884058390443
2016-11-21,0.7632523787534349,1.3867475360416772,0.009676121818878327,0.48210365575895336,0.6957620581963552,0.6882598064860932,0.5031671915592366,0.5081957726306051
2016-11-22,0.7765017881755872,1.4093032021918235,0.009858531119736506,0.48775811560959587,0.7078398932952759,0.6957087763267178,0.5115878791852468,0.5137830760550348
2016-11-23,0.7863624229146424,1.4255796735647774,0.010075066746248537,0.49053099937925704,0.7168286049090837,0.7002059396626396,0.5179982014976526,0.5198506966045061
2016-11-24,0.7933655840413835,1.435478226674802,0.010056009783715944,0.4884179870825036,0.7232125140000453,0.6945173925618466,0.5199142807285678,0.5229293557674233
2016-11-25,0.791565013194781,1.4339328246377352,0.010006684640058806,0.4873782673887638,0.7215711579911632,0.6912623780960021,0.5182072142281129,0.5197552118748291
2016-11-28,0.7952858741537939,1.4340813663429153,0.009812814285737015,0.4867518426492122,0.7249630031411691,0.6891101928430372,0.5141726639527574,0.513968258561075
2016-11-29,0.7835530645427453,1.4247123857794646,0.009847455149954321,0.4892991159898435,0.7142676630536066,0.6928189113288967,0.5137145039411118,0.515050418830747
2016-11-30,0.7842230513975338,1.4304433472787488,0.009927297598124551,0.49201674398114953,0.7148784065586755,0.69628255470153,0.5189922765401139,0.5203107593929496
2016-12-01,0.7934150297680382,1.4408166156693456,0.009968944084399313,0.491281996105283,0.7214341147713362,0.6997352555696863,0.5169271490642854,0.5161788747269291
2016-12-02,0.8019728069123173,1.4466542814443835,0.010001108794427517,0.49275799986450636,0.7214341147713362,0.7060938637496095,0.5187133135676267,0.5160718160906247
2016-12-05,0.8110976573818027,1.4783937982078785,0.01004975392831777,0.5058199812597433,0.7214341147713362,0.719941588037065,0.5284287405781469,0.5340374126531745
2016-12-06,0.8059210331421732,1.4797840729539897,0.010273699035591865,0.5093922677336283,0.7214341147713362,0.7265927546829668,0.5342026899296916,0.5429782555229246
2016-12-07,0.7783273354816652,1.4566864553947971,0.010358000110038321,0.5076805832911415,0.7214341147713362,0.7203624292816753,0.5318133403111811,0.5467253077935804
2016-12-08,0.7891134315385394,1.4873823888380662,0.01069019373977155,0.5121559512446867,0.7214341147713362,0.7292027475868738,0.54104408079861,0.5558600135993413
2016-12-09,0.7823734843376278,1.4676224661431756,0.010599677986050994,0.5090881437007257,0.7214341147713362,0.7201259143021292,0.5361070673874028,0.5496911213668795
2016-12-12,0.7819422721917176,1.4707610031673146,0.010448320154309384,0.5071019111819253,0.7214341147713362,0.7219807320605818,0.5330080397185198,0.5447201284703647
2016-12-13,0.7907487204084858,1.4757931181189385,0.010648833570697092,0.5124647954367267,0.7214341147713362,0.7234836256591832,0.539018611762294,0.555399950810898
2016-12-14,0.7779727984713635,1.4774609419429738,0.010490714526244192,0.5143859439871449,0.7214341147713362,0.7275768369478278,0.5391455828484447,0.5598501179091748
2016-12-15,0.7670454855032537,1.466868891035051,0.010256480920309516,0.5133972845800946,0.7214341147713362,0.7252904344011131,0.5335376638966516,0.5529896847557193
2016-12-16,0.7695728256856597,1.4698097524129459,0.010237695743748153,0.5175437611290601,0.7214341147713362,0.7343111924024808,0.5359392913508596,0.5551250705284945
2016-12-19,0.7672947458957475,1.4700465907393527,0.010120687698546117,0.5157391721055262,0.7214341147713362,0.734038682406206,0.5356469195406124,0.5568987717191601
2016-12-20,0.7718534396331586,1.472910800010614,0.010280857687011648,0.5156705469773779,0.7214341147713362,0.7291604491459304,0.541475908547698,0.5614675713603691
2016-12-21,0.7716260385598829,1.4670354014632463,0.010257339025713448,0.5145120930250167,0.7214341147713362,0.7232910629681165,0.5388285968890122,0.5578333646793314
2016-12-22,0.7622450037231977,1.4713345305023313,0.01018511905497606,0.5149600937197706,0.7214341147713362,0.7230091638319182,0.5396344924884902,0.5624137382271678
2016-12-23,0.7680428240457957,1.472433324361161,0.01017358267499593,0.5146192402064479,0.7214341147713362,0.7234462045333239,0.5396823851356252,0.5594826463737512
2016-12-27,0.7683109067989473,1.4753975798752899,0.01008999633811779,0.5174817560383066,0.7214341147713362,0.7291386558959532,0.5402510674030818,0.5603854110906968
2016-12-28,0.7668670983552712,1.4741945283874318,0.01010531441085853,0.5183703135313898,0.7214341147713362,0.7271428270468875,0.5398932668627706,0.5592367008579167
2016-12-29,0.7668438058234668,1.477998429935588,0.010150551457257179,0.5226411388843619,0.7214341147713362,0.7319366335042627,0.5426119699449478,0.5631631486812989
2016-12-30,0.7630584573348067,1.4776904618299895,0.010079423885924062,0.5207338441855774,0.7214341147713362,0.732545890121266,0.5416208794284255,0.5636261049463993
2017-01-02,0.7515279816896892,1.4662247885785817,0.009978224685542604,0.5162008521934589,0.717208572099104,0.7254977487288282,0.5420486468986502,0.5661723644044512
2017-01-03,0.7479445339572582,1.4717580444959493,0.009861669957536186,0.5221568868709596,0.7137887667239401,0.735255455832439,0.5453776547476936,0.5756976895588904
2017-01-04,0.7532213051671435,1.4829741331671047,0.009958640023527116,0.5264216203951058,0.7188245679674634,0.7420056653297004,0.5486855584223002,0.5786750770388169
2017-01-05,0.7524696999970166,1.4795850762843146,0.00989334942553118,0.527148316659122,0.7181072857318279,0.7415609988664289,0.5468921767625017,0.5783365402699623
2017-01-09,0.7605785774480219,1.491405748310415,0.009928528902857751,0.5263838292431982,0.7258458617524923,0.7499381699973477,0.55087219914968,0.581354436423085
2017-01-10,0.7742865614299556,1.5084272623386679,0.01010993648761483,0.530946391798769,0.7389278545160026,0.7562288568390396,0.5582921777973425,0.5855355101922723
2017-01-11,0.7787240194065349,1.5227618004148067,0.010153388065319893,0.5325330175399143,0.7431626707526207,0.7620472860110185,0.5637108130245435,0.5875609438520863
2017-01-12,0.7815645427040029,1.5348575649895178,0.010209428025806877,0.5381108610987212,0.7458734782113274,0.769532634100243,0.5649035800835964,0.5853358603029478
2017-01-13,0.7808560229893622,1.5312258054627688,0.010177952219263904,0.5383646974451912,0.7451973138831556,0.7766216357004184,0.5621548032584359,0.5832930657831926
2017-01-16,0.7861265910711124,1.5363148798715898,0.010163821213819911,0.5409111382612535,0.7502271952716891,0.7785541461651676,0.5639624517169877,0.5860013599340296
2017-01-17,0.7832840586139548,1.5306688346851411,0.010103108592917666,0.5427195705955306,0.747514470403934,0.7785040604776107,0.5618128960307762,0.5831165637071232
2017-01-18,0.7856380077524623,1.525400631949872,0.010082347863839233,0.5424592902316082,0.7497609236851905,0.7763183906266795,0.5587967266449015,0.5803301456865506
2017-01-19,0.7940351469639553,1.5370395544908246,0.010122651746294814,0.5410521417033628,0.7577745976538586,0.7800234612032414,0.5615280450599167,0.5831715397636038
2017-01-20,0.7937561109022587,1.532141278254337,0.010045601009449972,0.5455147735462691,0.757508304102255,0.7795545643966127,0.5613733227802653,0.580434310846198
2017-01-23,0.7978337160684591,1.5345388797595427,0.009957878206953283,0.5500700582782466,0.761399700630511,0.7829526200361182,0.5617092291564151,0.576195367543873
2017-01-24,0.8098270997008336,1.5519116965443882,0.01010123356659514,0.5573713158840047,0.7728453922869579,0.7929357968275055,0.5676630603416174,0.582506040132522
2017-01-25,0.837638195542354,1.5972309838060301,0.010339036325735202,0.5764091907374849,0.7993864617121602,0.8168963771473624,0.5835036003570749,0.6015971991145971
2017-01-26,0.8470971135153545,1.6039308489435793,0.010415966415906575,0.5837974648690941,0.8084134270658194,0.823065212514104,0.5886387308012947,0.6019588836967067
2017-01-27,0.8417705426073507,1.6082256880577528,0.010357832650065825,0.5874877953166533,0.8033301002859904,0.8305223330210214,0.5888360459549085,0.6030150026764669
2017-01-30,0.8386490997142964,1.5926377034751444,0.010168283028642911,0.5851055778225768,0.8003512017555817,0.8271558265442348,0.5833105019212255,0.593593842681675
2017-01-31,0.8336742468009162,1.5987401909683592,0.010231643496044702,0.5874188551540768,0.795603531354293,0.8313082119843377,0.5842249120478797,0.5951389592164473
2017-02-01,0.8367733215934083,1.6052237211256466,0.01020114109720505,0.5848561631405024,0.7985610832497716,0.8229974148826484,0.5878497834996393,0.6015827317313126
2017-02-02,0.8347247713006543,1.597505942010005,0.010165500541574826,0.5779598506562673,0.796606082416621,0.8153518902120686,0.5856282616151255,0.5975434383183121
2017-02-03,0.8358091323155272,1.6022940666769916,0.010304730453522698,0.5809009690754589,0.7976409248098058,0.8239293278436907,0.5875645110096537,0.6007204756875631
2017-02-06,0.8506608696343915,1.6110178252286445,0.010258884342572456,0.5842406963820908,0.811814440068286,0.8415053181181364,0.5886583222570589,0.6046237756976904
2017-02-07,0.8596899976431018,1.6220479721040069,0.010298334272121647,0.5829689277675343,0.8204312423220989,0.8515156370108709,0.5911576307166029,0.6037354783640292
2017-02-08,0.8623325207238639,1.6238558547128057,0.010318921557655009,0.5768078325422111,0.8229530914769781,0.85078234429791,0.5912428269325807,0.6028992636101917
2017-02-09,0.8734002666596266,1.6600120569845835,0.010712943696758931,0.5880805939538608,0.8335154157714069,0.8683719073383591,0.6046543049364553,0.6170049623124675
2017-02-10,0.8846347261089198,1.6912925354820558,0.010928390263587572,0.5901174200548117,0.8442368404106027,0.8664313214942649,0.6144760473299489,0.6234834565472153
2017-02-13,0.893437073526684,1.69992718766178,0.010920925150351488,0.5931599151819532,0.8526372182760028,0.8629950225678932,0.6195686884131587,0.6306795329928685
2017-02-14,0.8942078899765549,1.6962688126156946,0.010915780647710477,0.5862435881944545,0.8533728344856872,0.8652602553447505,0.6158142374670396,0.6289723817653111
2017-02-15,0.9029546212991969,1.7007684110849506,0.010898650725600503,0.5832505883750801,0.8617201360303912,0.8739326010894569,0.6155197591201392,0.63203078659163
2017-02-16,0.9128276839514404,1.723567689103233,0.011055850346623012,0.5878437765870405,0.8711423336592007,0.889732683662536,0.6232788231239174,0.6410092446579196
2017-02-17,0.9044804457248165,1.7041564108508696,0.010866517542413735,0.5808373802751171,0.8631762818882102,0.8831479111939307,0.6164780762709574,0.6331794968244103
2017-02-20,0.9154426354916065,1.719033343674123,0.010705449202470468,0.5792483585559377,0.8736378703603281,0.8883852218471145,0.6199902268144659,0.634478667843348
2017-02-21,0.9401061397633178,1.7559606165803803,0.010868528527644297,0.5819271232644903,0.8971750866884596,0.9061647844114362,0.6307862988935192,0.6506040132521239
2017-02-22,0.942129419514181,1.7580215940231743,0.010874867299428779,0.5885458233078346,0.8991059709887501,0.9098482141367239,0.6331310898020066,0.6513273824163431
2017-02-23,0.9486187259226528,1.7637218211363146,0.010760655952340914,0.5878713081833039,0.9052989355842525,0.9231896724308915,0.63422359636031,0.6527712272681249
2017-02-24,0.9368325612787604,1.742703759759805,0.010551460484128864,0.5809762871301523,0.8940510000173484,0.9175922687745723,0.6260833096180033,0.6400486104078363
2017-02-27,0.9416316103202476,1.7512101608937614,0.010336462399269076,0.5806445303601625,0.8986308948374189,0.922662252542427,0.6289175920713407,0.6395335715629122
2017-02-28,0.9328340690621891,1.7468068487647563,0.010275074710129652,0.5770697127906202,0.8902351036527862,0.9185676741921881,0.6269300903200611,0.6340330724381888
2017-03-01,0.952202185806418,1.784189347085634,0.010354264584350474,0.5799426067544566,0.9087187525558457,0.9247680161026279,0.6400355731083938,0.652178064553465
2017-03-02,0.9468792567832512,1.7900244820566749,0.010371592148542715,0.5780529622634557,0.9036389013498973,0.9202983060936386,0.6426858710529488,0.6523372057695934
2017-03-03,0.9375522282694253,1.788065562303499,0.01030545401283024,0.5748061104440276,0.894737802568068,0.9151396847092131,0.6422211698904716,0.646107550527337
2017-03-06,0.9289557781630919,1.7998493080773943,0.010127748157104934,0.569930175401147,0.8865339194710974,0.912145480393943,0.6430189431434038,0.6416024073725793
2017-03-07,0.9201582840639912,1.770634023746289,0.010016974540097603,0.5660724954993694,0.8781381732918532,0.9081451001903018,0.6342620956836583,0.6368484252253304
2017-03-08,0.9176719772997612,1.7628375661596556,0.00996276056491476,0.5629484048325664,0.8757654066515952,0.90807538891586,0.6312437479223997,0.6403958276066615
2017-03-09,0.9004379147497128,1.7331003439136843,0.009860085473526225,0.5566592429880031,0.8593183578468434,0.8952059919225336,0.6224041875009353,0.6335730096497454
2017-03-10,0.9071936141730931,1.7550894807767607,0.009949114138886172,0.5540055165259007,0.8657655503067696,0.9020688314904871,0.6276021898397383,0.636573544942927
2017-03-13,0.9280286670627411,1.7992234232233193,0.010018046052145216,0.5611932721213579,0.8856491459900556,0.9197840507846858,0.640583347109498,0.6488766076879683
2017-03-14,0.9344353492911229,1.7952957357789692,0.009954195183098456,0.5662650207261328,0.8917632595358739,0.9289093698618683,0.640014435621908,0.6476700279220505
2017-03-15,0.9262019852377444,1.7836704856212613,0.00987575477984796,0.5654316355804246,0.8839058817400143,0.9320745331957668,0.6366951530684509,0.6452076792870481
2017-03-16,0.942648007159754,1.8180427147704963,0.010071123566204142,0.5720153362985408,0.8996008767192769,0.9461364096248991,0.6482200032542906,0.6607832641310175
2017-03-17,0.9367475592939221,1.823874486396952,0.010099469213452103,0.5729978416763795,0.8939698797481676,0.9364584359818365,0.650894770704861,0.6646229076546933
2017-03-20,0.9398722511095614,1.8218015554496447,0.01004254703780203,0.5716362256103569,0.8969518788352885,0.935256233291373,0.6500640636154741,0.6601322318832201
2017-03-21,0.9331011759630649,1.7957281267850758,0.009907334049649693,0.5645604973794526,0.8904900128027344,0.935688566648607,0.6401494677823297,0.6517758712981593
2017-03-22,0.917569701865712,1.767165849718635,0.009864177500395581,0.5612336349115705,0.8756678017455869,0.9191799515524555,0.6329284550316373,0.6434629128629514
2017-03-23,0.9217198385216775,1.7844248157696496,0.009877712688864204,0.5636521535122547,0.8796284175277818,0.9274635818702827,0.6378768851134453,0.646787517541703
2017-03-24,0.9133550265582123,1.7759379257190635,0.009911863799145052,0.5620107704862974,0.8716455945453215,0.9100645647413315,0.6359137475707363,0.6466399502322024
2017-03-27,0.8986262075062517,1.752527666686735,0.009739581818474641,0.5566697956307642,0.8575893843464515,0.8923401282711084,0.6287223686817089,0.6371088381244493
2017-03-28,0.906136768922478,1.7732951881924572,0.009794992806123295,0.5618104543350902,0.8647569671380906,0.8960413565080927,0.6367644206460605,0.6439171886980809
2017-03-29,0.9063719611379478,1.76581545248406,0.009771422247196081,0.5639354288193561,0.8649814190242954,0.9034276635998227,0.6342152615169805,0.6407459382821435
2017-03-30,0.9030907986391218,1.7557649801506423,0.009600583200557695,0.5631172363113229,0.8618500946718511,0.9000811821059043,0.6301943430164292,0.6391979282707143
2017-03-31,0.897039978314398,1.7453475513715189,0.009549376625943401,0.5600064267923498,0.8560755921771253,0.8967237011718523,0.6265825924554835,0.6296089466298238
2017-04-03,0.9035425219811088,1.7436358719414957,0.0094813558757925,0.5566943418725486,0.8622811895358933,0.8899854984885565,0.6268046264577934,0.642317096106828
2017-04-04,0.9227897352662349,1.761854949352566,0.00972191397775679,0.5588076722074453,0.8806494561785743,0.8896385594083702,0.631609694996448,0.6479362277744833
2017-04-05,0.9359525966143343,1.7761396446626028,0.009757085720000445,0.5639893165025835,0.8932112199747584,0.8930717600162713,0.6360522334192142,0.652085473300445
2017-04-06,0.9397523362918745,1.7817225224885749,0.009733306379162792,0.5640125008457298,0.8968374400688522,0.8911229686824547,0.6367348524567195,0.6523256318629658
2017-04-07,0.9417088628553016,1.7782762699527541,0.009723195414184939,0.5683169232716276,0.8987046195445579,0.886108564374327,0.6351333645673592,0.6505490371956433
2017-04-10,0.9478842439647749,1.7826516262862735,0.009779964794682778,0.5734156192343793,0.9045979946092296,0.8888636978202812,0.6356983851161339,0.6493019487565292
2017-04-11,0.9176311025008951,1.7506455797733023,0.009654268365390012,0.5708173966591755,0.8757263984485153,0.8792595053266358,0.6249132400439638,0.6428784305782622
2017-04-12,0.9156140687798838,1.7511740052796159,0.009681791018742935,0.5690360361278842,0.873801474945774,0.881620133244924,0.6238713405429521,0.6406330926925256
2017-04-13,0.9187035886980985,1.7549259248300726,0.009691705790615754,0.5701490076428621,0.8767499083015522,0.884676435696271,0.6258086846387825,0.6462956265100339
2017-04-18,0.9101068235842906,1.7493656983928083,0.009674010372074247,0.5712195345407148,0.868545724582294,0.8865445293551543,0.6244439969516866,0.6473748933030491
2017-04-19,0.9238823699645724,1.761473662857726,0.009880712778342913,0.5744291445512407,0.8816921944277326,0.8895704765954723,0.6294710307825676,0.6581762416631712
2017-04-20,0.9182617722069135,1.7588537644677673,0.00993499000312615,0.5742924088423831,0.8763282678803131,0.8818979459818287,0.629905701831382,0.6613966811822753
2017-04-21,0.9046796769536308,1.750524033971985,0.009777713095389778,0.5675327169705537,0.8633664149885294,0.8769111263729268,0.6256578216496725,0.6551033694535677
2017-04-24,0.9151046375071997,1.7720446147570732,0.009747369131822656,0.5698303781744726,0.8733153074515938,0.894279066462378,0.6319302382593296,0.6646026533180952
2017-04-25,0.9226099909583321,1.7858299734212486,0.009612076694400302,0.5770979384734116,0.8804779201059931,0.9039068815022844,0.6380097941446151,0.6808842464663425
2017-04-26,0.9324715009304986,1.7938257006315967,0.009533163539203091,0.5803863019732003,0.8898890926214551,0.9069167666060491,0.6408162951233621,0.6897961545695238
2017-04-27,0.9367589865401688,1.800459792647519,0.009670071454911248,0.5852321277413791,0.8939807851557681,0.9126224439658981,0.6443797604941371,0.6894518308473555
2017-04-28,0.9406513449371605,1.7989414898356366,0.009584293545768337,0.5843139091229325,0.8976953944265073,0.9078005424581117,0.6433002984405191,0.6877417861431411
2017-05-02,0.946657907001721,1.8096181349324032,0.009544072131275361,0.5904193340465062,0.9034276597665979,0.909371779570451,0.6465831865002398,0.6921456576149081
2017-05-04,0.9342937373686725,1.8044887026948657,0.009489971952100076,0.5905718581494233,0.8916281144884936,0.9111875409022554,0.6440622051831115,0.6889367920024313
2017-05-05,0.9302034444256718,1.7994971038741536,0.009523421087214674,0.5932576928872015,0.8877246095856943,0.9044058726070264,0.6434521958050319,0.6892753287712859
2017-05-08,0.9186118609311773,1.799322297487763,0.009198337479295798,0.596922493454085,0.8766623693910416,0.8946804746469402,0.6413284775542146,0.6869779083057255
2017-05-09,0.9211230444439606,1.8097906596723519,0.009316931571822888,0.5986722946791599,0.8790588767538584,0.9006852488135103,0.6424088288723395,0.6983492715672525
2017-05-10,0.9276857998496284,1.8129050177884236,0.009225396162123208,0.5968691183139099,0.885321936211674,0.9029606079860449,0.6428815462148135,0.6887197812531656
2017-05-11,0.9157587758895288,1.8075456643115875,0.009193282524258115,0.5995382160425783,0.8739395738349836,0.8907354752548663,0.6431843750863738,0.6842869750148298
2017-05-12,0.9169775196534449,1.805458725391719,0.009252029816311794,0.5983449548654677,0.875102662230851,0.8950295112042065,0.6400655522324787,0.685319946181335
2017-05-15,0.9190748617427144,1.8057637768217794,0.009141215859851365,0.5973721493464679,0.8771042267257169,0.8995369521645963,0.6400126690986856,0.6878228034895336
2017-05-16,0.915537831771321,1.7812071050348555,0.008922957768911053,0.5983673053139051,0.8737287193899138,0.8949933010903706,0.6312465826816418,0.6771719159155691
2017-05-17,0.887719245440569,1.735798905736153,0.00858274464819196,0.5916444595796193,0.8471805015374847,0.8698905559454381,0.6161389032505362,0.6661390894228968
2017-05-18,0.8772674857651744,1.723701718739062,0.008647837760740783,0.5868558668570549,0.8372060337660265,0.8670643749719202,0.6141493394287929,0.6640934014264847
2017-05-19,0.8870033871789935,1.7521700657772763,0.008747266086999309,0.5914497924946496,0.8464973337857589,0.8729451140451996,0.6244692353156736,0.6738039090869641
2017-05-22,0.8895185816698112,1.7489405780442198,0.008659123650205871,0.5968478482613155,0.8488976689605785,0.882425818128131,0.6235460307400078,0.6779791959028378
2017-05-23,0.8871200542215328,1.7402277489249136,0.008557238853354361,0.5943728325420036,0.8466086730905211,0.8770068974934451,0.6200367330765277,0.6677681167807187
2017-05-24,0.9006599455323203,1.7519556441305486,0.008637780798564202,0.5947487237162065,0.8595302493325041,0.8845193531475961,0.6232621927336793,0.6727304292472628
2017-05-25,0.9093716544006273,1.768826029453909,0.008675145039417192,0.5992739720395156,0.8678441277644604,0.8912482689260166,0.629117957080708,0.6824004282345459
2017-05-26,0.8947941260061234,1.7530973334617188,0.008670960393209071,0.5921365879585835,0.853932299357154,0.8785844360535809,0.6245335606419106,0.6731036877359999
2017-05-29,0.880118781989857,1.745042901277992,0.008527051807391727,0.5897309334270198,0.8399271221935504,0.8666340804238626,0.6216533800446835,0.672322449038643
2017-05-30,0.8778401381699592,1.726436856663048,0.008389425721925638,0.5870780158575201,0.8377525353249191,0.8650661991510952,0.6151820395757274,0.6632629736259609
2017-05-31,0.8617885245429524,1.704956969006588,0.008240868634021776,0.5818790282956999,0.8224339375217762,0.849643991403394,0.606312695631711,0.6600541080134842
2017-06-01,0.874730079982563,1.724403489021856,0.008385238126130982,0.5837666161813978,0.8347845016041885,0.851872741357771,0.6135734672133817,0.6592092128296761
2017-06-02,0.8788495840016313,1.7567749723922896,0.008528507687356966,0.5882307914310777,0.8387158836248947,0.8611845078335203,0.6247547092795016,0.6664284370885843
2017-06-05,0.872421860755673,1.744332087449532,0.008389945895945662,0.5808776741500882,0.832581689924326,0.8524837248356781,0.6203631352792583,0.6585581805818788
2017-06-06,0.8904574837422351,1.758692464463496,0.008389951584275433,0.5805926178547179,0.8497936949650792,0.8591759293729002,0.6246214180724533,0.6665644304914575
2017-06-07,0.8852222409436612,1.76103358150652,0.00830884210360459,0.577559560017541,0.8447975256890992,0.861506642184779,0.6222468800745509,0.6679995949132687
2017-06-08,0.8897703696699032,1.7662631483800109,0.008353943397122204,0.5790977758876404,0.8491379587653726,0.8662646151714751,0.6264852118677915,0.6771400876723435
2017-06-09,0.8905597352658479,1.7661241582035176,0.008302638296837053,0.57540023398169,0.8498912770525491,0.8628891352174735,0.6265003122608847,0.6743883913716533
2017-06-12,0.8728906933621752,1.7385702392743896,0.008092117886534746,0.5695885919849641,0.8330291127381872,0.8558115764167492,0.616831041979717,0.6640557862299454
2017-06-13,0.8784948127076722,1.7434718777050124,0.008131118104897098,0.5704891923991259,0.838377313379526,0.8548234024236748,0.6181280078137141,0.6661969589560344
2017-06-14,0.8690292868689576,1.7385057369294978,0.008140151945009416,0.5661764253412148,0.829344041916116,0.8545257677292849,0.6184370651048765,0.6643393469423193
2017-06-16,0.8728798154003682,1.736646021052753,0.00819106207705527,0.5659357118410949,0.833018731531306,0.8546358463365638,0.618616949118214,0.6668016955773218
2017-06-19,0.8848422621256323,1.7565284260223288,0.008139983327292105,0.5676763912942114,0.8444348990509085,0.8664396048957255,0.6235816688630113,0.6754155755848449
2017-06-20,0.874664386323167,1.7502891095242024,0.008094074830271072,0.5656342289990735,0.8347218079230492,0.8665053659075704,0.6204533426904544,0.6663184849756234
2017-06-21,0.8889551365877013,1.7640709377778738,0.00816950781666669,0.5679743220019493,0.8483599542611368,0.8768258084017942,0.6241662656982582,0.6710348519263332
2017-06-22,0.885985147396442,1.758899492016984,0.008110880955491274,0.5682101437597722,0.8455255931210183,0.8708618350836858,0.622588654269152,0.667860708033739
2017-06-23,0.8833733616147532,1.7513562561031106,0.008083412618253138,0.5680496466721575,0.8430330776102822,0.8718927853315138,0.6226244230735146,0.6667959086240083
2017-06-26,0.895060444182513,1.7710676560704601,0.008067159505571029,0.5735984244373765,0.8541864558006479,0.8883216985563882,0.629424213629268,0.676405144601497
2017-06-27,0.8988604894508808,1.7864073473996829,0.008047682418980136,0.5752775892444363,0.8578129675304047,0.8865418811363788,0.6323405125503876,0.6785347434209587
2017-06-28,0.8918910661965211,1.77013706522395,0.008050629254618679,0.5720847919849812,0.851161811189725,0.8729368918069791,0.6287895453225248,0.6735087744679631
2017-06-29,0.8969717281398898,1.7707184355716676,0.007980102012995626,0.5717276938576894,0.8560104587271448,0.8783319128539147,0.6275229830155721,0.6739659437797498
2017-06-30,0.8887507000363857,1.762612949772113,0.007995119810233202,0.5692274572675425,0.8481648535454931,0.8799682494296011,0.6244281792990011,0.6654417615485899
2017-07-03,0.8879175994931379,1.7663806958246806,0.00795600537144118,0.5683752609846308,0.8473697975188441,0.8752092565555317,0.6246856052035697,0.6723687446651535
2017-07-04,0.8809297471357613,1.746822278133131,0.007907371239639216,0.5665785993676895,0.8407010536618219,0.8596965791943355,0.618141190030322,0.6638416689573369
2017-07-05,0.8866195935038289,1.751273569683149,0.007961049917708948,0.5662297018432618,0.8461310665003725,0.8568269688312035,0.6197239219033518,0.6676668450977282
2017-07-06,0.8877351702460967,1.7526557241981648,0.007961323357739187,0.5653290282431775,0.8471956991180296,0.859714748763905,0.621073366190137,0.6657137483543362
2017-07-07,0.8793614849851544,1.7502868697668432,0.008026684522361395,0.5651219796671926,0.8392044080476626,0.8557938450086638,0.6211096289105288,0.6642901578391528
2017-07-10,0.8843203152632099,1.7554336940525823,0.007970144188291286,0.5680395725016696,0.8439367875061222,0.8618153847003659,0.6231731069666426,0.6656906005410812
2017-07-11,0.8844559415379073,1.7552429571267054,0.00795083978480923,0.5688474665604173,0.8440662202473971,0.8588761156698695,0.6216847680654993,0.6648428118806162
2017-07-12,0.8939147158604327,1.7763946855961608,0.00806540061883071,0.5736939277623792,0.8530930485105491,0.870670852920322,0.629095428867136,0.6775191331143946
2017-07-13,0.893401464551966,1.7839962992528282,0.008133586768670134,0.5761731792850054,0.8526032354270152,0.8698099014496397,0.6341201474860856,0.6802071729286334
2017-07-14,0.8919759578206982,1.7907604448843901,0.008083867179096448,0.5769081818186474,0.8512428261379936,0.8692307083784261,0.635907151272594,0.6800914338623583
2017-07-17,0.9004955361884751,1.8023191644667993,0.008008002131575858,0.5777359941925783,0.8593733479348024,0.8756958252416991,0.6389693435954729,0.686381852114409
2017-07-18,0.8997099212173725,1.7897882783237768,0.007897585190741161,0.5674994415976348,0.8586236089957713,0.8798257603476446,0.6336851232264401,0.6830775017722555
2017-07-19,0.8982756334590397,1.7913997116815303,0.00787315324054747,0.5683326866939395,0.8572548196756181,0.883453540649763,0.6336443049305223,0.6870010561189807
2017-07-20,0.8982615045122884,1.7853887119278404,0.007857828389778108,0.5648008601056486,0.8572413359438454,0.8854740642476969,0.6313485023189181,0.6824264695244581
2017-07-21,0.8966505694244207,1.7853121932235156,0.007853798578410369,0.5626154459407886,0.8557039661023177,0.8909446482206779,0.6302322899914853,0.6779705154728674
2017-07-24,0.8941794899708291,1.787770080180205,0.007741550974818076,0.563364772618641,0.8533457313996402,0.8926080035134158,0.6303851768417148,0.6755371016044338
2017-07-25,0.900576632688224,1.7887884561325882,0.007619806899370022,0.5612482411272087,0.8594507410674657,0.8939978881795916,0.6298505059873474,0.6774670505345708
2017-07-26,0.9064733717054718,1.7999506979313944,0.007738513950610211,0.5670280526887568,0.8650781985589256,0.8973423856638275,0.6349955251786851,0.6829357214160685
2017-07-27,0.9061947819246577,1.7962890138396768,0.007568789910296799,0.5650245481302494,0.864812330908263,0.8995867064433009,0.6345842265690229,0.6802303207418884
2017-07-28,0.8988651942202996,1.7988167100204877,0.007528680869347162,0.568917873043628,0.8578174574509918,0.9014242524031102,0.6354822794247036,0.6829820170425785
2017-07-31,0.9002283578396952,1.8075085142810956,0.007484409616800834,0.5693076894072574,0.8591183705997025,0.9025235315017445,0.6387960092666465,0.6869605474457845
2017-08-01,0.9038371877840138,1.8183276907101078,0.0074992827891787435,0.5689120979823064,0.8625623990781817,0.902900656505366,0.643508012085004,0.6904992693971451
2017-08-02,0.9034789965590456,1.8107625422753764,0.007470699834332194,0.5668285925232336,0.8622205650769775,0.8968440170383184,0.6425926078924976,0.6846139378770572
2017-08-03,0.9015260594766071,1.798708872356574,0.0074415177627548765,0.5629425379441313,0.8603568111643874,0.8937322427047336,0.6399074835534424,0.6844461162309583
2017-08-04,0.9018559113838491,1.8087151223914901,0.0074346898859942575,0.56191910322702,0.8606715999961556,0.8906745288089262,0.6415797431094339,0.6886937399632539
2017-08-07,0.9231827493424939,1.8276937768020274,0.007414171118584214,0.5586492783281412,0.8810245228045899,0.8917521272050697,0.6462851390611712,0.6910229886720399
2017-08-08,0.9198921607811249,1.8360905294182481,0.007415919906764886,0.5596492939058363,0.8778842028418402,0.9012268860960229,0.6474587758511505,0.7016738762460044
2017-08-09,0.9200642548918933,1.8227235538245987,0.007354895787426853,0.5547122761529663,0.878048438072541,0.887301305568823,0.642426037996341,0.6967810072192253
2017-08-10,0.9054065622637898,1.7967790397106533,0.007327870898918604,0.5521772727327051,0.8640601062256899,0.8813295489986394,0.6347508913587576,0.68942000260413
2017-08-11,0.8987372041689827,1.795188920569002,0.0073435567522267585,0.551348960300533,0.8576953122159716,0.878111731167274,0.6348209688456706,0.6862516456648495
2017-08-14,0.9025637110168103,1.8037263150041154,0.007274497404805131,0.5526292944250834,0.8613470771260253,0.878850692255785,0.6366030280729609,0.6876810231333468
2017-08-16,0.9057289960826174,1.809461795883956,0.0072661887043098455,0.5571065305284069,0.8643678157247798,0.885131310970074,0.6387162864323758,0.6889888745822552
2017-08-17,0.8921573365290034,1.795506968383846,0.00715437469234551,0.5566870037786983,0.8514159219741599,0.8750545772476708,0.6340808403086508,0.6808871399429994
2017-08-18,0.8863755266302279,1.7994338430143084,0.007154686480906188,0.5568008879188027,0.8458981452277428,0.878738823539046,0.6337347463592071,0.6828228758264502
2017-08-21,0.8928664366724033,1.813612441597867,0.007170268784139046,0.5571098052055545,0.8520926402251287,0.8780823103597456,0.6385088051700967,0.6878604186860733
2017-08-22,0.8941199380662533,1.8201687811200902,0.007221569152421246,0.5619552271638779,0.8532888990028605,0.8778618592442874,0.6426884729823166,0.6907423214363227
2017-08-23,0.9073518564015652,1.8212954328665645,0.007277723055605672,0.555824615741964,0.8659165662176782,0.8768895271440489,0.6436105336123221,0.6918476295192499
2017-08-24,0.9337457249164911,1.8607735346125212,0.007418809943485951,0.5599956779945306,0.8911051276697757,0.8929327999744343,0.6531319724645762,0.7107159907987454
2017-08-25,0.9419013735831023,1.8685387499964246,0.00739332961826646,0.5595241506256049,0.8988883390434507,0.9017026142663839,0.6525457978039501,0.7151921991869341
2017-08-28,0.9540943751853626,1.8946651418064773,0.007339510374699341,0.5641341429908442,0.9105245328803023,0.9125144752661049,0.657974158574148,0.7324286396319509
2017-08-29,0.9359634344510023,1.864547750232244,0.007206971730999538,0.5542563931404157,0.8932215628888625,0.8947656923855017,0.6492564507220013,0.7226689428683045
2017-08-30,0.9444606187869341,1.8748827065282778,0.007360402203897164,0.5585835642454474,0.9013307133036409,0.9034060048520666,0.655500770192897,0.7304784363652158
2017-08-31,0.9427817729761846,1.8742929638653507,0.007450530768067021,0.5658393236150356,0.8997285339623009,0.9105242864026308,0.6570694669180676,0.728073957263351
2017-09-01,0.9478267235815323,1.8800356271085692,0.007490520458367395,0.5663382218158387,0.9045431009619711,0.9083926157612244,0.6606134194112425,0.7313609467455633
2017-09-04,0.9446984702090543,1.872695785719344,0.007413034528535377,0.5622425780333327,0.9015577029606954,0.9044032948052527,0.659225746345433,0.7289882958869242
2017-09-05,0.9408953302751387,1.8660361463237645,0.007413724919105292,0.5623484978046195,0.8979282378869345,0.898378970674176,0.6588660421867114,0.7284182809855193
2017-09-06,0.9305026708946067,1.848092934352064,0.0074061679215169885,0.5601270562050341,0.8880101715258321,0.8846238825885675,0.6551112649531674,0.7269570752737964
2017-09-07,0.94440009144018,1.8420860654487172,0.007421406432842461,0.5606580786490271,0.9012729500093976,0.8868241417074685,0.6532456215793758,0.7209936198839727
2017-09-08,0.9462588929400296,1.844375054721167,0.007536555568810981,0.5615368887710476,0.903046867151545,0.89866733567536,0.6538154938342902,0.7186180755486766
2017-09-11,0.9741309225386409,1.8564774644041313,0.007459194820872465,0.5625687137695885,0.9296460877221212,0.9107158239624218,0.65621717125096,0.7272579968461116
2017-09-12,0.9778892435234531,1.8592315689851255,0.007443135935140142,0.5637940374765068,0.9332327805568269,0.9237120491643326,0.6574337364244425,0.7250705284935126
2017-09-13,0.9747166112606287,1.8549778538786112,0.007418916947552418,0.5637151118381051,0.9302050302794522,0.9366573728719846,0.6547253507578437,0.7234154598457789
2017-09-14,0.9709756331585139,1.8481690967639326,0.007351118830697225,0.5602959497766073,0.9266348883442985,0.9307350325877163,0.6526002092014143,0.7255190173753285
2017-09-15,0.9662952766054914,1.8431427953208674,0.0073638225900467,0.5615013597465078,0.9221682657805441,0.9212454666650094,0.6500365692341561,0.7228830601409136
2017-09-18,0.9691267469051983,1.8525029657523957,0.007414527420827803,0.55744170395047,0.9248704336572849,0.9270808674218647,0.6517252965121911,0.7238755226342224
2017-09-19,0.9682142522188218,1.8585058403386547,0.0074018869688166605,0.5583105942680787,0.9239996091144745,0.9297724490209458,0.6525931398473169,0.7241822311598514
2017-09-20,0.9795234077759672,1.868862611373725,0.007382113507785749,0.5611688759623539,0.9347923187758641,0.9372440848972218,0.654521833614352,0.7232621055829646
2017-09-21,0.9559781515925706,1.8523453192545367,0.00741843783505139,0.5582842575121437,0.912322284421276,0.9282004691535353,0.6517806157826388,0.7143183692365574
2017-09-22,0.950817584425576,1.848411852370866,0.0073902726231764495,0.5595325730975863,0.90739738062629,0.9232582734571786,0.6515333293981621,0.7177934347014668
2017-09-25,0.9388216499220234,1.8350541581198874,0.00734224306805463,0.5564941748191125,0.895949254587199,0.915811226845397,0.6471196995707392,0.7098132260817999
2017-09-26,0.9410483997735573,1.8303969940226539,0.0073741642586362365,0.555066552922908,0.898074317286594,0.9086593758006184,0.6462060765305221,0.7069747254814034
2017-09-27,0.9316386336779464,1.8256710548266066,0.0072971050751989746,0.555982785601993,0.8890942592320076,0.9059471745212532,0.6443019672437108,0.7042201357040564
2017-09-28,0.9297920058628961,1.8284690208485115,0.007261580151069056,0.5594866046753907,0.8873319598490186,0.9087624690926509,0.6460587971130942,0.7022583585306937
2017-09-29,0.9437549281781096,1.842488772397223,0.007334366711345887,0.5612781209056512,0.9006572488868391,0.9206382226625257,0.6516880368209218,0.709902923858163
2017-10-02,0.9418645617586572,1.845914146093783,0.007315307806822921,0.5612906251874207,0.8988532082742843,0.9163174776610505,0.6520455678137055,0.7145672082290488
2017-10-03,0.942128767837548,1.8370291224775996,0.007323768878923651,0.5641608136114904,0.8991053490716969,0.9088334398821772,0.6502819639426891,0.7145469538924508
2017-10-04,0.9298874030526348,1.8111231932056178,0.007263854951408174,0.5592846819742469,0.8874230006138362,0.8876043738917092,0.6435982394738897,0.7072206709972381
2017-10-05,0.9387925882384388,1.8277530422604906,0.007228118000452785,0.5603408806537826,0.8959215200395916,0.8873086020402704,0.6450323981064391,0.7127935070383832
2017-10-06,0.9476497867737651,1.8342130519632467,0.007173606957483842,0.5618880489352512,0.9043742441817283,0.8944535121134967,0.645472839798223,0.7174259631660435
2017-10-09,0.9602695556655269,1.8482906105448562,0.007221252691171011,0.5611560754663438,0.9164177164776386,0.9040488726990443,0.648097997258817,0.723181088236572
2017-10-10,0.9574789578170458,1.8517996815795628,0.007167113872342257,0.5616528362756045,0.9137545545635446,0.9002711870846217,0.6477420383109986,0.7281405072264593
2017-10-11,0.9798683449698262,1.8802654908254208,0.00737361307766015,0.5666333068876556,0.9351215040068855,0.9260397476651343,0.6560313039012341,0.7383515863485787
2017-10-12,0.9663949213630393,1.8762030330142756,0.007471155045967055,0.5690487139202612,0.9222633601429888,0.918203082604538,0.6568533184051264,0.7342746777390388
2017-10-13,0.9639590235629895,1.8627032609953573,0.007377782430920658,0.5704875226333808,0.9199387004822466,0.9089915055804132,0.6534415845315709,0.7315171944850348
2017-10-16,0.9652892885998815,1.870110912671201,0.007285147105232916,0.5712839578832661,0.9212082174009348,0.9032382203401201,0.6557230584843786,0.7333574456388087
2017-10-17,0.9517168627481767,1.840846567922439,0.007116034047381169,0.5665483137760584,0.9082555923461282,0.8901196140372812,0.6459523088851102,0.7275241966985445
2017-10-18,0.9426935353398382,1.826083245633517,0.00707263041126476,0.5596703955338556,0.8996443258014457,0.8884468525587517,0.6402809313125769,0.7240462377569782
2017-10-19,0.9217130284777233,1.8135036291548219,0.0070553531143465594,0.5536388607381978,0.879621918472498,0.8786663530473958,0.6356287643338494,0.7139624716077615
2017-10-20,0.9225815440202321,1.8162872529325387,0.007079634451897009,0.5572348699278422,0.8804507722307947,0.8812964652290064,0.6364378305882323,0.7133895632296999
2017-10-23,0.9183794558200142,1.8122218617522703,0.0069937675972097085,0.556819702201786,0.876440577332746,0.881725944273886,0.6323012677332864,0.7156783032652896
2017-10-24,0.9156363976708272,1.8021587617813806,0.006983714877754367,0.5460760515715415,0.8738227841616388,0.8840484431927201,0.6241790467662611,0.7084532920530675
2017-10-25,0.9142830665071567,1.8127502052875137,0.007055428888981222,0.5463416003132806,0.872531254457993,0.8826309521175726,0.6296460608418208,0.7088699526916579
2017-10-26,0.9218704913682265,1.821442521035074,0.007107783476963114,0.5483825714415163,0.8797721906348231,0.8789693080863337,0.6316421365031218,0.7106870560321767
2017-10-27,0.9507969939002252,1.8381808603715004,0.00732819545858373,0.5578615513518083,0.907377730391508,0.8934778022886217,0.6418185851572866,0.7200416660638603
2017-10-30,0.9514014152549254,1.8494114916466957,0.007247319840236808,0.5604711985284165,0.9079545501338363,0.8958872416947479,0.6453025701465788,0.7282967549659306
2017-10-31,0.9494032830738482,1.8617343093660272,0.007199458763324928,0.5623020820068013,0.9060476650099669,0.8939768906948156,0.6467523736045232,0.7305739210948928
2017-11-02,0.946618425234746,1.8504618129610142,0.007175449331943192,0.5559586323794607,0.9033899809809692,0.8771148298078969,0.641215346858945,0.7237742509512317
2017-11-03,0.9401647879687637,1.8388800130134113,0.007179125916712726,0.5557657603599446,0.8972310566545935,0.8732694067994008,0.6419273048699027,0.7217835390113003
2017-11-06,0.9470923399829001,1.8511197985195695,0.007105206350490639,0.5592631451870689,0.9038422538545037,0.8838329547484377,0.6436423950250969,0.7278077574109185
2017-11-07,0.9533619257591008,1.8789360628678908,0.007177098621701261,0.5672577605638692,0.9098255316189482,0.8907946787031922,0.6504449558307248,0.733892738820331
2017-11-08,0.9438530103181223,1.8544012775105099,0.007035337972713267,0.5658791419149355,0.9007508519905171,0.874709636366039,0.6441832845658485,0.7272290620795432
2017-11-09,0.9316925052378991,1.8288811043807074,0.00692229680285774,0.5621594141137863,0.8891456706837857,0.8632759576539512,0.6369028019266423,0.717064278583934
2017-11-10,0.9267268462760956,1.8086588081154549,0.006642151819852267,0.556756001309679,0.8844067743814564,0.8502045004626246,0.6278065259632815,0.711106610147424
2017-11-13,0.9168725474334102,1.7962180998584012,0.006529261944123786,0.5526195993632085,0.8750024836907626,0.8522383795628713,0.6215289945631159,0.7102327801970472
2017-11-14,0.9048208212759302,1.7894839590940008,0.006553522655208334,0.5485023905863708,0.8635011137892695,0.8452907086588174,0.6212432639286344,0.7130539199375023
2017-11-15,0.8899447436285248,1.7643866696691362,0.006549922991503686,0.5478472660421188,0.8493043697319917,0.8411957335394963,0.6140212533661007,0.6999204293919373
2017-11-16,0.8821640555560338,1.7593485004633056,0.006611409294217934,0.5487613307175823,0.8418789959356985,0.8430283517788907,0.613564605849978,0.6976490502162889
2017-11-17,0.8994202147206712,1.7768774657550457,0.006626931125444025,0.5508009942842232,0.8583471322871333,0.8526541237251922,0.617692983363289,0.7071165058375906
2017-11-20,0.9081673975638286,1.807208985390924,0.006642029941223522,0.5550349341545353,0.866694864733137,0.8613591327325013,0.6269694394990752,0.7141360802071745
2017-11-21,0.9116078786751766,1.8175106510838146,0.006675176390983401,0.5608286695739961,0.8699782322261955,0.8645765346111998,0.6310004314978549,0.7202094877099594
2017-11-22,0.9082657295434833,1.8141916392786017,0.006616813479021862,0.5600740852254718,0.8667887062672356,0.8708764220944277,0.6298445814710909,0.7203310137295482
2017-11-23,0.9068711387478915,1.8115923597400712,0.006621905926748828,0.5564371396444167,0.8654578011013093,0.8727492660297079,0.6280446435897024,0.7245063005454219
2017-11-24,0.9040161255663747,1.805196708911107,0.006629561723653017,0.5550675795834588,0.8627331654561587,0.8693419465104772,0.6268997544499533,0.7173652001562493
2017-11-27,0.9090033633709705,1.8047714116568194,0.006542417738180735,0.5575510466311115,0.8674926551780329,0.8727840299530077,0.6272900086214201,0.7225445233720593
2017-11-28,0.904046832716987,1.797765893364518,0.006533278561276559,0.555757464864348,0.862762470328606,0.8701586216395419,0.6255723052560841,0.719234386076592
2017-11-29,0.8797227721233076,1.7695171289206302,0.006384103674715201,0.55069634550536,0.8395491965835331,0.8589625769914481,0.6169528859726393,0.704920357055021
2017-11-30,0.8655717157016699,1.7562115737499353,0.0063690171728027906,0.552488873234379,0.8260443648046316,0.8529441709948715,0.6134435327075224,0.6969488288653247
2017-12-01,0.8518959234556421,1.7437911524390421,0.0063010489674690615,0.5474848728838968,0.8129930937035277,0.8466005159642263,0.6101668908757646,0.6915177731803664
2017-12-04,0.86024149648724,1.7701504090505384,0.006304060890187861,0.5512167470686371,0.8209575563225824,0.8567863203414968,0.6139523866670116,0.6956351904631025
2017-12-05,0.871289300041941,1.770200736847012,0.006370037413242135,0.5544626812117889,0.8315008489282465,0.865670767597059,0.617077658617057,0.6966681616296074
2017-12-06,0.8765229633480799,1.754886028430966,0.006442947723739262,0.5477504748387123,0.836495510841172,0.8714633263259641,0.6133315411172673,0.692892174592383
2017-12-07,0.8755289302963202,1.7432401281363739,0.006481509604600107,0.5413873836286291,0.835546871478378,0.8780742494236041,0.6132972299655987,0.6925073421970184
2017-12-08,0.8752542385688569,1.7498291649575093,0.006452627449575816,0.5463519020294052,0.8352847238718731,0.8796067850477264,0.6159465148499624,0.6969893375385209
2017-12-11,0.855978530854241,1.7506698572922377,0.006268458779093335,0.5464799904287571,0.8168892640313536,0.8722593259784748,0.6154506995221756,0.69065262365996
2017-12-12,0.8623027196959281,1.769270187633577,0.00631030415940469,0.5501897771338813,0.8229246513480488,0.8790794996156563,0.6208913953141642,0.6983926737171062
2017-12-13,0.8644795220898731,1.7756321886876907,0.006304136258671142,0.5531161033032563,0.8250020474992781,0.8707815595228012,0.6207561182176292,0.6971716265679041
2017-12-14,0.8608219575182103,1.7881737605284356,0.006252456380392483,0.5519689551154752,0.8215115099175575,0.8722933940754773,0.6181427834206394,0.70444872035995
2017-12-15,0.8523602330174462,1.7746694975411934,0.006223265808469092,0.5497242730830851,0.813436200022849,0.8662185654064869,0.6148873192250975,0.6993388405839049
2017-12-18,0.8672587529062696,1.8105964915142831,0.0062423384742266285,0.5557048191587747,0.827654361470183,0.8861284034940261,0.6246535025882478,0.7135544913991421
2017-12-19,0.8667929965977046,1.8142405473659329,0.006158890560316603,0.5543676154605462,0.827209874471494,0.8816085845962272,0.6224167690867015,0.710634973452353
2017-12-20,0.86700962368504,1.8158023527004994,0.006115721410475122,0.5570649656344959,0.8274166090279857,0.8800402985868868,0.6206334222810688,0.71160139465575
2017-12-21,0.866052949096304,1.8158380207244773,0.006097723193997744,0.5561137995573763,0.8265036221100427,0.8793266928928011,0.6222454745831085,0.7128340157115797
2017-12-22,0.8621061091589846,1.8049194057830775,0.006089974353892188,0.5522555050066732,0.8227370192626221,0.8750450160850062,0.6203686380143835,0.7076431185891422
2017-12-27,0.8710581057162888,1.8249014427597905,0.006102357471601477,0.5616594973025535,0.8312802123635163,0.8818784642228049,0.6275298435593403,0.7177644999348982
2017-12-28,0.8758531907830098,1.8324015280838444,0.006244823953669787,0.5672814713511906,0.8358563242283926,0.8857639706687108,0.6310564608845359,0.7176545478219368
2017-12-29,0.8645534786548589,1.820678870294867,0.006306048378188615,0.5648860451349924,0.8250726267507007,0.8802780785717589,0.6300091233039051,0.712145368267243
2018-01-03,0.8616328660036214,1.8297035289339323,0.006355003980227923,0.5652606683084083,0.8222853873128038,0.879726357885736,0.6327099034700797,0.7127356375052458
2018-01-04,0.8878592014211091,1.8731854938864692,0.0064644906349960824,0.573309593365402,0.84731406626349,0.9069969100652351,0.6461257840930962,0.7329668262901303
2018-01-05,0.8897162980060399,1.8731271695655634,0.006460014398742753,0.5712847915040103,0.8490863563476646,0.9055262836546067,0.6480190485360839,0.7319193877403408
2018-01-08,0.9060866894959906,1.8869214950998552,0.0064872249113241765,0.574821356831672,0.864709174647541,0.9198139860895499,0.650579699926715,0.7374343542483485
2018-01-09,0.8887777869905903,1.8704683142779988,0.0064538745430185035,0.5749521585407655,0.8481907035420612,0.9078872512825903,0.6463553527084649,0.7315808509714862
2018-01-10,0.8771342932442066,1.8560206392625365,0.006432080672742207,0.5754554224786148,0.8370789236382534,0.8991038696432362,0.6411059403324441,0.7266301124115694
2018-01-11,0.8935406083810661,1.87627408405709,0.006518509121787427,0.5799206502220796,0.8527360250894319,0.9078135731956594,0.6451681296076885,0.7333690195454361
2018-01-12,0.9002751750359873,1.8860892630449986,0.006575467775983821,0.581186505130548,0.8591630498336372,0.9160139057248815,0.6455272607456012,0.7347376340041389
2018-01-15,0.9007133988515769,1.8866360544552445,0.006498667582821833,0.5794627713750083,0.8595812616430394,0.9180855573560571,0.6458961999314162,0.7357098421608498
2018-01-16,0.9185698651718045,1.908869418855771,0.006559825321987616,0.5857723423930838,0.8766222914174361,0.9292633643393555,0.6518978620316704,0.7497287365634191
2018-01-17,0.9295296438642495,1.9143871143174158,0.006593472589959106,0.5858560666822914,0.887081578919756,0.9406896592045905,0.6545562103577083,0.7524109894243441
2018-01-18,0.9333179946796152,1.933033405677123,0.006588233041329702,0.5914669473520585,0.8906969302374675,0.9448356640084942,0.6582829825415899,0.7497634582833016
2018-01-19,0.9377403749537976,1.9404147617093892,0.006620165643364331,0.5938746106261521,0.8949173573127102,0.9450209590908072,0.6613505435167871,0.7528305435395914
2018-01-22,0.9425611930861537,1.9427117222738497,0.006649193435282932,0.5970986223020529,0.8995180271124998,0.9485537980655663,0.6647828318665704,0.7583426165709423
2018-01-23,0.9485822930438953,1.9473767229572079,0.00659514998178503,0.598330657022001,0.905264166455773,0.956111536931559,0.6659813639074136,0.7610914193949754
2018-01-24,0.94684882642399,1.933833457663908,0.006559747728275943,0.6001876364223342,0.9036098606287983,0.9567379905013852,0.6629838178066251,0.7585509468902374
2018-01-25,0.9300564152677717,1.9086453025768648,0.006544375419319968,0.5978323534468507,0.8875842946872958,0.9480625941471842,0.65694455170077,0.7492079107651813
2018-01-26,0.936488122276753,1.9163913496286313,0.006554839868638581,0.5978866131860865,0.8937222902276615,0.9524030484229175,0.6589937574035486,0.7524428176675698
2018-01-29,0.9383870321623222,1.9245741045159697,0.006678279495578087,0.594537336539994,0.8955344841588999,0.9477257910943183,0.6624897567104822,0.7503942361945009
2018-01-30,0.9281074623762705,1.9010023684211836,0.006597427470800009,0.5880458341965045,0.8857243430228757,0.9335751514583409,0.6559280413574171,0.7425066188278538
2018-01-31,0.9236795511751745,1.9045385194329458,0.0065586861290873825,0.5912311297200691,0.8814986375970051,0.9315193502513779,0.6543353872080638,0.7389389621099245
2018-02-01,0.9166216821313483,1.89464018460571,0.006539904115635685,0.5826480479723628,0.8747630744479071,0.9261191372040927,0.6495606133375279,0.7332677478624454
2018-02-02,0.9118440260697631,1.8821331923636375,0.006495107919570338,0.579858657645705,0.8702035956721388,0.9179958041315192,0.6454718732805288,0.7254640413188479
2018-02-05,0.9075881794423296,1.871122054929601,0.006356735015740399,0.5762798744141384,0.8661420972887098,0.9167091244316533,0.6398450222378985,0.7250994632600815
2018-02-06,0.8746370527491079,1.8097806641730267,0.006116837177175204,0.5616787266618988,0.8346957225688123,0.8851566888445425,0.6196186968691084,0.6979152500687213
2018-02-07,0.8945109229048938,1.8321957368343131,0.006229202028082123,0.56739686023572,0.853662029058781,0.8954860449750052,0.6251854499378857,0.7064915148797051
2018-02-08,0.892979514676991,1.8266545875536466,0.006202652529627585,0.5650800376455793,0.8522005543895803,0.8826017529175353,0.6225992135370186,0.6963093705241546
2018-02-09,0.8744911714378955,1.8053246708110877,0.006155764464615042,0.5590742190387175,0.8345565030993318,0.8676670760107047,0.6172085139778853,0.6894547243240128
2018-02-12,0.8808655140206183,1.8163712325132984,0.006146900300073993,0.563618385793619,0.8406397538274636,0.8744960802404135,0.620457180730614,0.6986038975130581
2018-02-13,0.8795154601285162,1.8232677024330117,0.006161672706639619,0.5673837250454101,0.8393513517349236,0.8687201876738189,0.623645781549159,0.703598038222828
2018-02-14,0.8828413279686969,1.8338772545252464,0.006206624460326019,0.5695609008580409,0.8425253399067055,0.8750778187901853,0.6301363266822937,0.7088410179250892
2018-02-15,0.8786336502892246,1.8216854695415334,0.006171646038149462,0.5672241270858075,0.8385098107795497,0.8731273688760893,0.6275633758438809,0.7012543221307576
2018-02-16,0.8830250411346912,1.8258319910988858,0.006200525407120645,0.5650522972208022,0.8427006635948033,0.8712659290494269,0.6272311531604458,0.6964482574036848
2018-02-19,0.8837220382949778,1.8252852299276032,0.006134006233839877,0.565249812994692,0.843365831559624,0.873446233445189,0.6264899323312291,0.6968909593321869
2018-02-20,0.8829203491484953,1.8236713104678308,0.006158679317049332,0.5647685367911663,0.8426007524913458,0.8745058740258569,0.6253984041965254,0.6982624672675467
2018-02-21,0.8750768073158041,1.8057382291533308,0.0061553800725634355,0.5632780565461832,0.8351153952257705,0.8679249213090424,0.6211607647142323,0.69601712938181
2018-02-22,0.8803144203416594,1.812835775596835,0.006136377152972643,0.5678784380726594,0.8401138264898143,0.8795600077506612,0.6217220511367701,0.6975275241967
2018-02-23,0.8786712744118924,1.8096175127831176,0.006106055346520717,0.5714407057207579,0.8385457167523843,0.8748157580785375,0.6200215341166111,0.6962023118878503
2018-02-26,0.8759773615095221,1.80470830801568,0.005999297679188779,0.5709956076946542,0.8359748245525698,0.868646229683781,0.6193858166396123,0.6969314680053833
2018-02-27,0.8764393798816017,1.7981271789251472,0.005997581275493979,0.5753311057616483,0.8364157443120414,0.8644007612520495,0.6190204569239236,0.700658265939441
2018-02-28,0.8518782695870651,1.7639534113620916,0.005806978572663528,0.5677372840550325,0.8129762460196321,0.8459400371376904,0.6070732750210219,0.6841104729387609
2018-03-01,0.8387218817207424,1.7454879057949368,0.005888581101290239,0.5617329510036498,0.7996299567055313,0.8307677218597975,0.604221678197596,0.6756152254741699
2018-03-02,0.8389992660946083,1.7270989542113784,0.005872317699183386,0.5550039964681069,0.7996299567055313,0.8279134050189271,0.5989477161755375,0.6696170483644637
2018-03-05,0.8486682383119647,1.7497099876414517,0.005840069995607224,0.5568633094565429,0.7996299567055313,0.8388084875116748,0.6013178308836399,0.6742089958189276
2018-03-06,0.8523742191284089,1.7598452269626854,0.005906708377158412,0.5580765301363169,0.7996299567055313,0.8428878540625081,0.6041304439514381,0.676931757353049
2018-03-07,0.8713958202207192,1.7955287905197752,0.00596723296993391,0.5592414375593011,0.7996299567055313,0.8567957727822707,0.609498501549908,0.6827360715267443
2018-03-08,0.860551688932201,1.7613421169057968,0.005990491588627487,0.5522562087003147,0.7996299567055313,0.8343964555321131,0.6098909836039081,0.671891321016769
2018-03-09,0.8685135214221872,1.7650764721010308,0.005991234895520106,0.5553562930771619,0.7996299567055313,0.8377734214085037,0.6157095279759328,0.6812806527683349
2018-03-12,0.8865822293300089,1.7984871669167952,0.006022801498294308,0.5596733128566198,0.7996299567055313,0.8532585980388722,0.6218520567317012,0.6882770793246636
2018-03-13,0.8833369553015576,1.7895715315086802,0.005997337581212166,0.5584664583237001,0.7996299567055313,0.852108863415123,0.6148914964993641,0.6808408443164896
2018-03-14,0.8716565080379604,1.7755313398662131,0.005985827275270953,0.5602642923845295,0.7996299567055313,0.8420912920850027,0.6103763387050536,0.6759074666165141
2018-03-15,0.8673019714132655,1.765341255900996,0.00595908339901344,0.5603347792495399,0.7996299567055313,0.8391874351697417,0.611107078034758,0.6718276645303175
2018-03-16,0.8549072392848627,1.7154375097500036,0.0059167985908046145,0.5558446084353723,0.7996299567055313,0.8302406087300378,0.6031440002396856,0.6611825639096668
2018-03-19,0.8420840582508798,1.688139293091572,0.0058130790672559374,0.5537754438492763,0.7996299567055313,0.8141754294735767,0.5958852904530401,0.6506069067287812
2018-03-20,0.8554395463101867,1.7054698410311862,0.005844106760663807,0.5585964665276031,0.7996299567055313,0.8289126799522196,0.5973259811473457,0.6574239377323835
2018-03-21,0.8654956486780988,1.7237706667663588,0.005951351597396317,0.5652328869070584,0.7996299567055313,0.8394442283359577,0.6063062289743915,0.6715093820980611
2018-03-22,0.8483443944940803,1.6899706559134349,0.005797212771378097,0.5567872060240776,0.7996299567055313,0.8204241405287854,0.5955103041812504,0.6580055265404158
2018-03-23,0.838266556580107,1.6791157591948018,0.005780215075867735,0.5519622063561923,0.7996299567055313,0.817545953485517,0.5905866320170834,0.6531213379436073
2018-03-26,0.8287063304437413,1.6648029006040637,0.005574902646666348,0.5443387517882079,0.7996299567055313,0.8142680751785223,0.5821517364277923,0.648326847123162
2018-03-27,0.8351011879786507,1.6623485036535617,0.005627971524384682,0.5519262292580679,0.7996299567055313,0.8127802904981932,0.5856482150272326,0.6499674483876113
2018-03-28,0.8206801431393692,1.6368760525201367,0.005529441562651931,0.5442601274700775,0.7996299567055313,0.8068656447534073,0.5751636678733334,0.6376354508760012
2018-03-29,0.8187785756363506,1.6387283646316988,0.005568718352680034,0.5434024207573525,0.7996299567055313,0.8055126502951844,0.5768505177077101,0.6395682932827952
2018-04-03,0.8265009705519097,1.6495016009077013,0.005608574040262869,0.5415191742683815,0.7996299567055313,0.8095202887136072,0.5804772333163252,0.6478928256246306
2018-04-04,0.8220143018966095,1.6469220472541621,0.005569754092487023,0.5369846276172011,0.7996299567055313,0.8018957294734578,0.5777783780864297,0.6368513187019876
2018-04-05,0.8383566497768403,1.6605399273503494,0.005612590458145325,0.5406120825795517,0.7996299567055313,0.8070763123601313,0.5848543614880142,0.6491746357836271
2018-04-06,0.8443694148442421,1.6682642576964197,0.00566795271002697,0.5401511939366832,0.7996299567055313,0.7985559836600943,0.5898143918520711,0.6535785072553941
2018-04-09,0.8415845891179369,1.6702687848358075,0.005559221630482212,0.5431124472755727,0.7996299567055313,0.8063882456928763,0.5915197875444108,0.6545507154121047
2018-04-10,0.8403302936481368,1.679839407312791,0.005584409980783938,0.543681755014664,0.7996299567055313,0.8064816119922326,0.5929126833078755,0.6582109633830543
2018-04-11,0.8426207792042205,1.6770230703692464,0.005563727126560191,0.5442354744857897,0.7996299567055313,0.8144063723978816,0.5925102941697667,0.6573776421058737
2018-04-12,0.8542807181274561,1.6958283612494263,0.00566605884260711,0.5473899139592239,0.7996299567055313,0.8261463732345555,0.6004666077067157,0.6673630300487566
2018-04-13,0.8537234150286549,1.6902021382107815,0.005689165255157088,0.5470749694328882,0.7996299567055313,0.8180109769146356,0.6017868594861208,0.6684856989916249
2018-04-16,0.8549006368465124,1.6917340188176444,0.0056113528586162024,0.5457141594363315,0.7996299567055313,0.8159902911094428,0.5992468582663548,0.6655575006148652
2018-04-17,0.8576986363553949,1.698364587567396,0.0055588404706457374,0.547671287412471,0.7996299567055313,0.8230467829007243,0.5972031887036402,0.6677999450239449
2018-04-18,0.862436247223862,1.7017193844535383,0.005593739255385086,0.5480982728611731,0.7996299567055313,0.8244269151016876,0.5988486437144138,0.6699845198998872
2018-04-19,0.8578992852168702,1.6990092369783132,0.0055974859245817585,0.5501910054274729,0.7996299567055313,0.827294189542283,0.5977627156088446,0.6726551988541847
2018-04-20,0.8559351959877728,1.6973181560488426,0.005553761682723738,0.5475640523303378,0.7996299567055313,0.8212360395743236,0.5950859401085684,0.6649788052834897
2018-04-23,0.8493366713289712,1.6839670971633691,0.005474742410001808,0.5454346156628193,0.7996299567055313,0.8148415303287055,0.589258954885197,0.6630662172132941
2018-04-24,0.845450012062158,1.671552915884927,0.005361931308261114,0.5410283568453818,0.7996299567055313,0.8125423500943328,0.5828936791093198,0.6565472143053499
2018-04-25,0.8366162085699584,1.666900169479317,0.005315094902114785,0.5426800481184748,0.7996299567055313,0.8160262108318935,0.5790173844317099,0.6530576814571561
2018-04-26,0.8363365928085567,1.6635795458707003,0.005429867483939066,0.542003383016797,0.7996299567055313,0.8222272811963601,0.5797426986673441,0.6606241229148897
2018-04-27,0.8415186810270561,1.6694464139045797,0.005351212420026623,0.5432265857833488,0.7996299567055313,0.8211840434140698,0.5786397035696582,0.6586739196481545
2018-04-30,0.8494190449425009,1.6928955281544111,0.005325306887667063,0.5498027204217348,0.7996299567055313,0.817672930140652,0.5832174556772919,0.6631472345596865
2018-05-02,0.8476485318526668,1.6981610196293535,0.0053952099630742096,0.5447273101965044,0.7996299567055313,0.8140155444314966,0.586600852815765,0.663161701942971
2018-05-04,0.8447443834150045,1.6828552958055691,0.005241110366764363,0.5381857033404454,0.7996299567055313,0.8037849506731822,0.5755876152494642,0.6462146091636419
2018-05-07,0.8620747381491612,1.705697729915545,0.005258923635177626,0.5363747475763565,0.7996299567055313,0.8091882737441963,0.5767142001793162,0.6407198969922324
2018-05-08,0.8831366921117103,1.7458121786445207,0.005221554879178475,0.5409702896605054,0.7996299567055313,0.8220966159467692,0.5778821397142063,0.6470971195439894
2018-05-09,0.8902648458986986,1.7624069329180763,0.0053392632809338425,0.5418149888218147,0.7996299567055313,0.8201392851537996,0.5863308818836015,0.6600367471535437
2018-05-10,0.8877535489070872,1.7650432568279417,0.005354540319008451,0.5445566896995838,0.7996299567055313,0.8209500798358326,0.5918701967711193,0.6662837632557413
2018-05-11,0.9130740527399219,1.809323785110839,0.005377177676214259,0.5540406625510415,0.7996299567055313,0.8329458611475149,0.6024184824507314,0.6739948785463188
2018-05-14,0.9455034546734287,1.8574028231814212,0.005338834420316295,0.5564624708128347,0.7996299567055313,0.8442688023105285,0.6055421634965363,0.6716019733510815
2018-05-15,0.9288632323214309,1.8350004990524604,0.005267281164209859,0.5522575569179123,0.7996299567055313,0.8136920891708292,0.5941057035384114,0.6586854935547821
2018-05-16,0.9350526581675994,1.8399212165369767,0.005317464063067211,0.5506839067960805,0.7996299567055313,0.8149671236420034,0.5948322509466395,0.6585292458153107
2018-05-17,0.9151738286795486,1.8007026741274959,0.0053383625135862535,0.5431072374057929,0.7996299567055313,0.7960461418942911,0.5899587107754269,0.6527046773050172
2018-05-18,0.9027300677283404,1.7772515403694176,0.005224682083383547,0.5373063476764202,0.7996299567055313,0.789705357621305,0.5814973203575463,0.6453378857366082
2018-05-21,0.9201863473299841,1.8081150512036819,0.005139307341518037,0.5424010933210245,0.7996299567055313,0.8011955948428623,0.5868572031993076,0.6563533513693391
2018-05-22,0.9190707716177496,1.8060895251982148,0.005071776289730604,0.541168171040593,0.7996299567055313,0.7969262423926546,0.5840071273264191,0.6506589893086051
2018-05-23,0.9047924697509376,1.7787913436400495,0.004865264503674846,0.5345797008335186,0.7996299567055313,0.7828733827634974,0.5712531820843295,0.6392615847571663
2018-05-24,0.9224009067225674,1.799151431411376,0.004853220229299881,0.530873182578152,0.7996299567055313,0.7900192750408521,0.5742296760826732,0.6404016145599759
2018-05-25,0.9309772942591351,1.8257412353252207,0.004921912701607424,0.5318458731658279,0.7996299567055313,0.7949510676819016,0.5747020012990938,0.640395827606662
2018-05-28,0.9235214147261857,1.8038471820422912,0.004954586136296034,0.5299817266682461,0.7996299567055313,0.7866802834823438,0.5769130467789595,0.6417355072987962
2018-05-29,0.9181468154729076,1.7945316624089478,0.004994608596976058,0.5285794372904978,0.7996299567055313,0.7890539748367946,0.5751251659000974,0.6342356158041709
2018-05-30,0.9139145643247705,1.7782776646102247,0.00504579167372358,0.5229548609973,0.7996299567055313,0.7755055267761638,0.5741490917020939,0.6241431692249837
2018-06-01,0.909753705316252,1.7685957290596364,0.005059429184708617,0.5268271362473084,0.7996299567055313,0.7896977403094384,0.5761731740833645,0.6337466182491587
2018-06-04,0.9476329937951468,1.8337973340489857,0.005075083092466173,0.5249085898606631,0.7996299567055313,0.7849274404584675,0.5823574801413106,0.6394872759364028
2018-06-05,0.9506991935409045,1.8402903651392057,0.005142634539336647,0.5298274520577035,0.7996299567055313,0.788959847069447,0.5877007480797909,0.6527538664081841
2018-06-06,0.9380138698436169,1.8192767820413631,0.005123007437209915,0.5287731069253581,0.7996299567055313,0.7905675389531888,0.5877382790251345,0.6529621967274792
2018-06-07,0.9332076042635734,1.808588223159771,0.005100114774363798,0.5281852954631713,0.7996299567055313,0.7878685328206954,0.589812050330778,0.6570362118603622
2018-06-08,0.9159829567870679,1.776970446625067,0.005028579607723293,0.5237111562603534,0.7996299567055313,0.7832153752049348,0.5853530243351873,0.6510496086572836
2018-06-11,0.9005399308675278,1.7482743608294564,0.004930138203362796,0.5235896394192486,0.7996299567055313,0.7775604350238919,0.5811949237387954,0.6465531459324966
2018-06-12,0.9115465381581495,1.7675138531478307,0.004962904781061583,0.52412845332178,0.7996299567055313,0.7848405847369786,0.5812369541198045,0.6517237887183358
2018-06-13,0.9101229954641842,1.7646501645049957,0.004905319329043879,0.5187041396463307,0.7996299567055313,0.7792075047764655,0.5788012322039439,0.6478320626148362
2018-06-14,0.9366690714954139,1.8175054723268282,0.004930618758468819,0.5166665447153934,0.7996299567055313,0.7788007809454798,0.5816799103158098,0.6476729213987079
2018-06-15,0.9329425104109003,1.7954700637941223,0.004865825486407161,0.5035579770755775,0.7996299567055313,0.7663670825237651,0.5697462021199597,0.6374358009866768
2018-06-18,0.9160231897998752,1.7687421406784583,0.004719172250685635,0.4949913129356797,0.7996299567055313,0.7482884380097116,0.5586001684597206,0.6223810419409453
2018-06-19,0.9017454101754795,1.733197544686685,0.004722667700397844,0.4918680138318652,0.7996299567055313,0.7378767108349159,0.5513287640525627,0.6136340620072059
2018-06-20,0.9165940387740533,1.7502779348725843,0.00480787159346828,0.49561321652866425,0.7996299567055313,0.757101163898492,0.5571943373146213,0.6233069544711459
2018-06-21,0.9036663508838786,1.728833068886018,0.004767915518004525,0.49584965789814084,0.7996299567055313,0.7454894016937921,0.5543378889512007,0.6223607876043471
2018-06-22,0.9044409963578083,1.7337537591318664,0.004831669126187005,0.4983274608525238,0.7996299567055313,0.7568236935413462,0.5588540510557904,0.625824279162629
2018-06-25,0.8965995009383627,1.7209382890005873,0.00477712146920848,0.49680519678858986,0.7996299567055313,0.7525982917033531,0.5579893127817225,0.6238046324561287
2018-06-26,0.8850976289624054,1.7044409114993533,0.004714613274079549,0.4994394868084052,0.7996299567055313,0.7472487902471795,0.5533123920238973,0.6230812632919095
2018-06-27,0.8907315434424359,1.7161182127221797,0.004724240818769882,0.5023504103463988,0.7996299567055313,0.7433665558926632,0.5531767514699835,0.6201443844851793
2018-06-28,0.8869165675114219,1.7048331716136744,0.004683246382724601,0.49342506869709474,0.7996299567055313,0.7272198717677517,0.5442066666586666,0.6072684133620763
2018-06-29,0.8967417125296926,1.7246487573014824,0.00469852323788041,0.501024560770899,0.7996299567055313,0.7289241199486383,0.5504826912591859,0.6178932596461288
2018-07-02,0.8869524782770053,1.7003082889745553,0.004605024350868894,0.4999414277513414,0.7996299567055313,0.7275882363189626,0.5471993160822777,0.6132174013686156
2018-07-03,0.8884178595183679,1.699363734775192,0.004610166330609599,0.502132691928502,0.7996299567055313,0.7411426770139711,0.5518022489351416,0.6250604013252133
2018-07-04,0.9071159220251324,1.7446629697638203,0.00463093665711782,0.5056305048780357,0.7996299567055313,0.7495264763456759,0.5584178460805501,0.6315041738400786
2018-07-05,0.9076030491097701,1.7658922689466345,0.00459830891569221,0.5025895133613403,0.7996299567055313,0.739225625791904,0.5567222563309974,0.6240042823454532
2018-07-06,0.8903024722165656,1.716309522012074,0.004545297070247008,0.49940407430441086,0.7996299567055313,0.7377778492802233,0.5540397971120168,0.6226935374198879
2018-07-09,0.8944200660132159,1.7012154945034905,0.004590083555634982,0.4977470303271361,0.7996299567055313,0.7488035940386494,0.5537968149728708,0.6225893722602402
2018-07-10,0.904179653856337,1.7262897566913011,0.00479215065511574,0.4990096665842446,0.7996299567055313,0.7561123569085725,0.5606735491574442,0.6301037311381501
2018-07-11,0.9042395687470676,1.7317132782556395,0.004723489898182415,0.4975689368341363,0.7996299567055313,0.7470040475213021,0.5545323481446742,0.6233358892377147
2018-07-12,0.9183038015727883,1.7618791814108665,0.004751293624643684,0.49732068293203785,0.7996299567055313,0.7472517881994302,0.5540533658400864,0.6253381750842735
2018-07-13,0.9235587938157219,1.7773244433432673,0.0047587607992739716,0.4977960953647462,0.7996299567055313,0.744856852649449,0.5550978078396004,0.6241634235615814
2018-07-16,0.9314859262371833,1.8035759346466693,0.004684898679256612,0.49394047802097646,0.7996299567055313,0.7423346428098774,0.5517061694824468,0.6174621316242541
2018-07-17,0.9404619411052851,1.8248884190661432,0.004847337116228499,0.49311744006428515,0.7996299567055313,0.7448751796646922,0.5551192411693979,0.6230262872354287
2018-07-18,0.9297676551846616,1.8124821981345804,0.0047925841619830085,0.48893840358994256,0.7996299567055313,0.7339636821463982,0.5519617509435271,0.621842855282766
2018-07-19,0.9251832581057353,1.8060925868807671,0.004860198519660344,0.4940449720697884,0.7996299567055313,0.7307194042690643,0.5523809491694484,0.6211773556516843
2018-07-20,0.9366054236600873,1.8178557722416482,0.00491421713507674,0.4944605664898974,0.7996299567055313,0.743606421955668,0.5577317945091042,0.6316228063830105
2018-07-23,0.9500979266736671,1.8514391382047835,0.005088422047366995,0.4994181159697474,0.7996299567055313,0.7467751514838672,0.5652882579966403,0.637875609438522
2018-07-24,0.9608529969319612,1.8704678527430103,0.005098658131256533,0.5065797084926134,0.7996299567055313,0.7669518680879593,0.5736528699196369,0.6493742856729513
2018-07-25,0.9706087575176057,1.8809033643455946,0.005163150942337719,0.5088331110374058,0.7996299567055313,0.7726140961475849,0.5778020768504718,0.6541282678202003
2018-07-26,0.9777260811453121,1.8894407240131177,0.005210344368788775,0.5145837852703388,0.7996299567055313,0.7890734203129154,0.5851386696563776,0.6668508846804889
2018-07-27,0.9911683219123727,1.9239691258592173,0.0052272395459363186,0.5103851677276111,0.7996299567055313,0.7870401466960908,0.5861122504585293,0.6628289521274298
2018-07-30,0.9888770443050278,1.9115097479469816,0.005257743108181826,0.5184959600849012,0.7996299567055313,0.7967212232565065,0.5933282231001442,0.673534815757875
2018-07-31,0.9660617335327396,1.8615473151870596,0.0052646918931484364,0.5204855246014148,0.7996299567055313,0.7889942297068172,0.5906020528161979,0.6661159416096423
2018-08-01,0.9659813581253638,1.871841912515308,0.005369177117295665,0.52742889692207,0.7996299567055313,0.7875496291222301,0.593606705665699,0.6699787329465731
2018-08-02,0.9648967615275353,1.8679036767417896,0.0053311103915191895,0.5190147396543723,0.7996299567055313,0.7810552370868159,0.5859368685667914,0.6608527075707827
2018-08-03,0.9634394120508285,1.8704859810992165,0.005348666439461608,0.5193716428489807,0.7996299567055313,0.7843454850372829,0.5870214718486363,0.6617149636145322
2018-08-06,0.9628495941833508,1.8735261013937685,0.005277518395815261,0.5167113772745685,0.7996299567055313,0.7828101221282681,0.5885585232448792,0.6642901578391528
2018-08-07,0.9785898574969205,1.8863292311695632,0.005343655332821151,0.5171874148578746,0.7996299567055313,0.7821620984398607,0.5907039964015147,0.666688849987704
2018-08-08,0.9872631379038751,1.8939547767764773,0.005359669921982642,0.5211782921283667,0.7996299567055313,0.7809589884513591,0.5893343234661959,0.6675597864614239
2018-08-09,0.9827809386890602,1.9016707831752313,0.005430388935668698,0.5264310973546558,0.7996299567055313,0.7764072103560106,0.5904724234362151,0.6726551988541843
2018-08-10,0.9573670041503836,1.8407155298522375,0.00526055413425171,0.5140361024043619,0.7996299567055313,0.7510373382323756,0.5732381033043136,0.650207606950132
2018-08-13,0.9615782927394065,1.8517741481129075,0.005243525899880248,0.511206113242623,0.7996299567055313,0.7542840925293439,0.5707804459434472,0.6541803504000242
2018-08-14,0.9642252857878725,1.852652232325573,0.005287103987694053,0.5106719895051008,0.7996299567055313,0.7609644802154718,0.5729446405947584,0.6576091202384234
2018-08-16,0.9495839822026053,1.8404309014766749,0.005257137404494441,0.5142645057416426,0.7996299567055313,0.7536952024143048,0.568531135650949,0.6545333545521631
2018-08-17,0.9530368046886318,1.8448176053339185,0.005225431424332775,0.5060487553046561,0.7996299567055313,0.7480273463227962,0.5636517129228151,0.6416978921022564
2018-08-20,0.9551782619916385,1.848664477804452,0.00515733631332265,0.5069963220384335,0.7996299567055313,0.7502715280601451,0.5626256258049556,0.6470045282909689
2018-08-21,0.9628707122645113,1.864989531601948,0.00530041809464572,0.5152623766723191,0.7996299567055313,0.769883201977728,0.5704000761491969,0.6600078123869745
2018-08-22,0.9484412921670176,1.8409560989649743,0.005248928277351836,0.518984487093862,0.7996299567055313,0.768141914175112,0.568525759137713,0.664235181782672
2018-08-23,0.9553810883826188,1.8583924424366043,0.005223864980569772,0.5270745016306413,0.7996299567055313,0.77636072459094,0.5709917547005112,0.6721141187193483
2018-08-24,0.9488069559815479,1.8508375675422744,0.005238284610479771,0.5215302437494878,0.7996299567055313,0.7734224702720374,0.5699416318482387,0.6691743464359612
2018-08-27,0.9551910662348625,1.869101030618344,0.005299744838592328,0.5336662971178802,0.7996299567055313,0.7866496593679593,0.5796116548790674,0.6857452872498961
2018-08-28,0.9620302998949383,1.8709018533105262,0.005267481200435176,0.5339081490395294,0.7996299567055313,0.7955236080222216,0.5829863666024144,0.6916624470132099
2018-08-29,0.9609867263533148,1.861674980736612,0.005226925705769599,0.5304276846251571,0.7996299567055313,0.7958651109684337,0.5810302258637391,0.6888442007494116
2018-08-30,0.9560644134586691,1.8563526990608301,0.00519371556563753,0.5298533373122091,0.7996299567055313,0.7874083598511255,0.5774038304179646,0.6811012572156085
2018-08-31,0.9243835286035867,1.8065594721278964,0.005072032431835918,0.5274672087152424,0.7996299567055313,0.7730421043963482,0.5696362447091717,0.6764832684712327
2018-09-03,0.8972669959354131,1.7587646174645104,0.0048498190351264755,0.5319076274456025,0.7956889233474826,0.7798497605356619,0.5675388396138211,0.681607615630562
2018-09-04,0.9023201353768014,1.763424181896816,0.004966557682917191,0.525817795389372,0.8001700054555472,0.7676928320722494,0.5635593912984905,0.6716453755009342
2018-09-05,0.8829109664987645,1.7297566384342515,0.0048900543556218,0.518138251413666,0.7829581156194183,0.7562647420176312,0.5522812178740145,0.6642004600627897
2018-09-06,0.8767647912817335,1.7229831128024566,0.004766358592496597,0.517734037260861,0.7775077384593333,0.7569913486609543,0.5437634479802165,0.6634770908985703
2018-09-07,0.8653050670534309,1.7151566031147965,0.0046960726545238135,0.506390848477248,0.7673453501463975,0.7475338477447552,0.5333963166989318,0.6531444857568622
2018-09-10,0.8743935155717529,1.7232272247074827,0.0047210565860170564,0.5106168190275978,0.7754049108448311,0.7591189502055447,0.5359889081079116,0.6570593596736168
2018-09-11,0.8612789046885295,1.7072617331986586,0.004637906321625384,0.502487936985742,0.7637749827843273,0.7522680518890648,0.5306444803526863,0.6505548241489572
2018-09-12,0.85091395198119,1.7025075140047998,0.00456841545708735,0.4939409143074468,0.7545834287679527,0.7451476165240735,0.5275062573298765,0.6395046367963436
2018-09-13,0.8581725549743787,1.7178761457469787,0.004634580862701787,0.49916145342462565,0.7610202976451323,0.7541753100480412,0.5330327159484399,0.6462464374068673
2018-09-14,0.8862950480798683,1.7490767835279701,0.004681341479349073,0.502681033024464,0.7859590910726404,0.7596161439897764,0.5396211678649592,0.6458442441515614
2018-09-17,0.8917020704139699,1.7456729142941991,0.004647958211776933,0.4939557165683051,0.7907539935922097,0.7415940023862563,0.5350340676694563,0.6397447953588644
2018-09-18,0.9076108747641942,1.7734202878109044,0.004679119575802328,0.4977905586478974,0.8048617892232962,0.7462796141096192,0.5396569888413514,0.645546216055903
2018-09-19,0.9048933600863122,1.7661372900092842,0.0047531317906253975,0.5012073366159036,0.8024519197663563,0.7544250513607572,0.54182136383351,0.6536653115551
2018-09-20,0.9157778697873186,1.7819545027857029,0.004741940241287848,0.5083606751586206,0.8121042126116205,0.7636605202982227,0.547255866718262,0.6535293181522268
2018-09-21,0.9254192903155308,1.789232159995271,0.004717316156007388,0.5107783950496899,0.8206541442979362,0.7645367040093851,0.5494935898915632,0.653193674860029
2018-09-24,0.9248404136300711,1.7852727281478844,0.0047195086209637525,0.5161474447206599,0.8201408012588063,0.7704689636652353,0.5555642801877109,0.6598862863673857
2018-09-25,0.9311763517649334,1.7788149081827203,0.004695738201762752,0.5243511421521976,0.82575945859911,0.7712419456892761,0.5605141926429876,0.6626611304813308
2018-09-26,0.9374951930603347,1.798334067474389,0.004735883947858951,0.5293638544050032,0.8313629546041089,0.7826738976298887,0.5635516986231315,0.6667872281940374
2018-09-27,0.9350556009153337,1.8058272056547136,0.004755450697263581,0.5345778529981215,0.8291995445421584,0.7889980282352611,0.5657153994107648,0.6698601004036409
2018-09-28,0.9255947521130959,1.7915986817688614,0.0046542495306147146,0.5284490025153148,0.8208097423634235,0.7878579742055236,0.5582925786737406,0.6611912443396372
2018-10-01,0.9206939988755456,1.77426791023469,0.0046200685858572696,0.526779272317339,0.8148221755911641,0.7821672556142302,0.5581638677056946,0.6608729619073808
2018-10-02,0.9199868333007467,1.7771263043340602,0.004681339164165054,0.530807761673191,0.8148221755911641,0.7777939632731922,0.5594260517991017,0.6597242516746005
2018-10-03,0.9285143302986001,1.7903641253208629,0.004737382594537216,0.5307425710423832,0.8148221755911641,0.7821718306806589,0.5638526185989057,0.6649788052834892
2018-10-04,0.9122011613932742,1.7618418310105135,0.004607559019956935,0.5293459244203186,0.8148221755911641,0.7795455573566308,0.5563581647789114,0.6584540154222315
2018-10-05,0.9116002205604897,1.752414602947441,0.004659954072551237,0.5278284154038573,0.8148221755911641,0.7728158068344594,0.5550822485409743,0.6551409846501072
2018-10-08,0.876910690900676,1.699513152008909,0.004409186484826091,0.5228183738922285,0.8148221755911641,0.7653700877804627,0.5458002113912711,0.6435468236860008
2018-10-09,0.8775690519001805,1.703440869826552,0.004389067322749449,0.5271221764965288,0.8148221755911641,0.7697282417604927,0.5479015121743731,0.6514141867160496
2018-10-10,0.8548230792515846,1.6639778634699076,0.004346450592489989,0.5182022188227225,0.8148221755911641,0.7600054871118321,0.5384741275920661,0.6357951997222271
2018-10-11,0.827962821217563,1.6243882421925868,0.004240931175669688,0.5129040529973556,0.8148221755911641,0.7448311951849771,0.5273565942858689,0.6249562361655655
2018-10-12,0.8519605147554418,1.6724075865878525,0.004250729591435843,0.5105464496833113,0.8148221755911641,0.7504079740826515,0.5336624686104995,0.6326933927460547
2018-10-15,0.8449033760645326,1.6636840955581285,0.004197765758583546,0.508346038676094,0.8148221755911641,0.7434788528173452,0.5324794116025423,0.6278989019256095
2018-10-16,0.8644651466606222,1.6926480140278533,0.004307392628590666,0.5192690991415593,0.8148221755911641,0.7596025466092851,0.5408916283717772,0.6414259052965098
2018-10-17,0.8612056213073083,1.6753503833366807,0.00434953545710468,0.515353154754517,0.8148221755911641,0.7506202735905297,0.5378332696814095,0.6364288711100831
2018-10-18,0.8476701951571227,1.6517230117760349,0.004249633955475552,0.5130535147149305,0.8148221755911641,0.7472770914079756,0.5341638238880532,0.6331216272912725
2018-10-19,0.8495678388274679,1.6551845622698447,0.004269660535796286,0.5129394380667996,0.8148221755911641,0.7456950298102959,0.5366426921636946,0.6356939280392362
2018-10-22,0.8382826177186321,1.6326502735440036,0.004244745507573302,0.5132542449044317,0.8148221755911641,0.7383264865081793,0.5368631705017799,0.6345625786663973
2018-10-23,0.8176176218976658,1.5994347717990067,0.004107514987448186,0.5057333404562008,0.8148221755911641,0.7278329297189404,0.5250558900068056,0.6214638098407148
2018-10-24,0.8131361966059656,1.5944614362802507,0.0040881255952357285,0.5024683177975942,0.8148221755911641,0.7237205113344046,0.5235778504502436,0.6204771343007197
2018-10-25,0.8315724080922324,1.6225218506006542,0.004068712039631881,0.5031631048267358,0.8148221755911641,0.7331461581873244,0.5246674508053464,0.6199823497923937
2018-10-26,0.8122951939662977,1.5843728350922113,0.0039846903648359,0.49229247496349315,0.8148221755911641,0.7118033632725075,0.5159540919553371,0.6026446376643864
2018-10-29,0.8072584928557204,1.5873717653235049,0.003988582329722476,0.4952370132324066,0.8148221755911641,0.7199857949989676,0.5137345108591569,0.6087064712605437
2018-10-30,0.8175110521309102,1.595390447899555,0.0040315816695508655,0.49475546711179097,0.8148221755911641,0.7204684765192867,0.5150313836870064,0.6142069703852671
2018-10-31,0.8287250560046935,1.6132161796751738,0.004148154168072702,0.49369850860631,0.8148221755911641,0.7260874472543686,0.5211727882506517,0.6226414548400638
2018-11-02,0.8370724398976894,1.6269111315180547,0.004215561068379908,0.5000156865336571,0.8148221755911641,0.7391962936187226,0.5288333197493839,0.6358935779285608
2018-11-05,0.8419123395019523,1.6377929045600514,0.004281614173694041,0.5104981870369604,0.8148221755911641,0.7550984325601567,0.5356450498301825,0.6463274547532595
2018-11-06,0.8469342300721067,1.68259466541506,0.004261858395186863,0.5125987114197887,0.8148221755911641,0.7573962520494014,0.5361241643991588,0.6453436726899213
2018-11-07,0.8619350788940363,1.6931877572467606,0.004346817227956081,0.5206718693669357,0.8148221755911641,0.765891803541308,0.5447419832543874,0.6587433630879189
2018-11-08,0.8630919581122442,1.6575964395496015,0.004429401286747892,0.5242778051177495,0.8148221755911641,0.7614707220478742,0.5455999252606257,0.6547474718247717
2018-11-09,0.847008654397858,1.6295685190407547,0.004340459540202689,0.5145189319420518,0.8148221755911641,0.7441138471815233,0.535311803166797,0.6458963267313846
2018-11-13,0.8521892712965595,1.6133192402490362,0.004185317671385971,0.5092163179435119,0.8148221755911641,0.7404014237937999,0.5315942565302498,0.6417644420653641
2018-11-14,0.8556008794542981,1.6004660259492456,0.004250643487184078,0.5129387105910149,0.8148221755911641,0.7344579226930997,0.5344362885629844,0.645795055048394
2018-11-15,0.8375785755379681,1.582834673817798,0.004170538491187738,0.5056869499308712,0.8148221755911641,0.7271659624835749,0.5312543026981532,0.6374068662201072
2018-11-16,0.8064179841973561,1.5486016421843967,0.004010068225906711,0.4970079164372441,0.8148221755911641,0.7158849175926445,0.5213703739366445,0.6265707961401027
2018-11-19,0.8041439122806072,1.573947439916052,0.003964858343675021,0.4957279800922506,0.8148221755911641,0.7276394688083162,0.5229278748869104,0.6335932639863434
2018-11-20,0.7915773911782513,1.5442485420690917,0.0038059059492867317,0.4911418043261783,0.8148221755911641,0.7149315982699992,0.5115294934391558,0.6251558860548899
2018-11-21,0.8119179448035896,1.6118138425325619,0.004013929266653662,0.5050321605767933,0.8148221755911641,0.7385630725167771,0.5259548361772975,0.642241865713749
2018-11-22,0.8257236814822739,1.62350774380043,0.004297921775329107,0.5112382144919375,0.8148221755911641,0.740759718008278,0.5379663234517337,0.6470826521607044
2018-11-23,0.8281034490732149,1.614080004908576,0.004245051994014585,0.5142049649205871,0.8148221755911641,0.7398047012711892,0.5363493415690347,0.6439114017447671
2018-11-26,0.8236763283921439,1.5958967007898919,0.0041347924021787235,0.5086573765317389,0.8148221755911641,0.7331933040380266,0.5320616526936673,0.6404913123363385
2018-11-27,0.8279829900125619,1.6040169797521475,0.004094648525793328,0.5043304050779938,0.8148221755911641,0.7347737901595449,0.5314984568269225,0.6431764586739203
2018-11-28,0.8372884006335274,1.6296608575717477,0.00411349045523225,0.5127384006368398,0.8148221755911641,0.7469142919486201,0.539169731825081,0.6552306824264702
2018-11-29,0.8539433965687969,1.652999025104264,0.004138494041484281,0.5166374330143766,0.8148221755911641,0.7624295517109072,0.545466143921386,0.6664747327150944
2018-11-30,0.8530737129021815,1.6479116684694861,0.004136936668268058,0.5160447206085075,0.8148221755911641,0.7524949061502981,0.5456992134323247,0.6629186499037925
2018-12-03,0.8799062334618545,1.6973905020133344,0.004221270067593156,0.5212666823599319,0.8106898631292374,0.762145447991459,0.5569188186031976,0.6739977720229747
2018-12-04,0.8809308868571917,1.7023906048303947,0.004264494369169367,0.5214023221559712,0.8116339138578619,0.7650271962633367,0.5615372244804308,0.6784942347477617
2018-12-05,0.874597552952272,1.6964800017009398,0.004270677546313659,0.5251431018903276,0.8057987812024986,0.7617823036850857,0.5619322257031034,0.6812806527683344
2018-12-06,0.8660542660189706,1.67787712224972,0.0041842882064444375,0.5130504084050764,0.7979275378230958,0.7513651366824546,0.5486358177816786,0.6638619232939345
2018-12-07,0.8622021713115388,1.674187411837349,0.00420800195070415,0.5089432985465677,0.7943784617825245,0.7488328278408841,0.5480305513773533,0.6601582731731318
2018-12-10,0.8485308694453201,1.6572281679303664,0.004079738367455664,0.506566453662001,0.7817825902939021,0.7462766955885254,0.5395626145402126,0.6487464012384085
2018-12-11,0.8493477356953469,1.6508609459223584,0.004089473109158279,0.49800745229219845,0.7825351991097571,0.7376990068702862,0.5341978571702629,0.6427482241287024
2018-12-12,0.8478137556482311,1.6476036745651526,0.004157094247628987,0.5064417109313089,0.7811218870690563,0.7398808621286433,0.5386617016726309,0.6583093415893874
2018-12-13,0.8649412294698966,1.672653514485182,0.004330745458038171,0.5130069733043885,0.7969020564555225,0.7535616686489973,0.5513678067945824,0.6685840771979579
2018-12-14,0.8611088404590437,1.6596535750217776,0.004340769480612122,0.508004236930105,0.7933711359954607,0.7498249732707303,0.5517278654967814,0.666486306621722
2018-12-17,0.8531852427473773,1.6516932148204209,0.0041990708099418,0.5068554796311064,0.7860708350087414,0.7488414003588612,0.5454679291155253,0.6602537579028088
2018-12-18,0.8573579710666386,1.6501955969647701,0.004235129596803156,0.5131019923093533,0.7899153225477243,0.7486131002428008,0.5527969266435304,0.6698919286468663
2018-12-19,0.8709709217265745,1.6614461772025833,0.004302826416194276,0.5201350090529305,0.8024574329313156,0.7499327997329447,0.5586770908191488,0.6778866046498178
2018-12-20,0.8511167086120207,1.6383194260081795,0.004173092054005742,0.5127619970012336,0.7841650186941181,0.7435036376937173,0.5467649825025909,0.6674324734885209
2018-12-21,0.8456839017543679,1.6260185654045762,0.004049041894842669,0.5022085088762659,0.7791595746134347,0.7328450368794301,0.5355860636335704,0.6538591744911105
2018-12-27,0.842228758747901,1.6246341461621157,0.004038299926553066,0.4999448688059366,0.775976224723999,0.7341575099471428,0.5322228307214765,0.6514315475759906
2018-12-28,0.8513895346096357,1.642633711707862,0.004122462979861041,0.5050914514163656,0.7844163832853137,0.7410573295481049,0.5396105573008443,0.6587375761346053
2019-01-02,0.8647929638253371,1.6626755785617222,0.004125354220754779,0.5105829320522227,0.7967654538829713,0.7491897457965561,0.545548424733864,0.6659683743001411
2019-01-03,0.8569041660736779,1.6357823976289636,0.0040703491637223786,0.5034448315913106,0.7894972153748916,0.7425234388729539,0.5383842527346202,0.6502278612867298
2019-01-04,0.8678104652398336,1.655699339571088,0.004115611393583906,0.5074966537696362,0.7995455885333261,0.7428872473649515,0.5453594663175448,0.661144948713127
2019-01-07,0.8875909147180402,1.7037052737645773,0.004149935035948914,0.5106898087591495,0.817770041628779,0.7601737485924036,0.5554758349803223,0.6745996151676054
2019-01-08,0.8897746424579425,1.7120202815187242,0.004170402243090101,0.5116761150254028,0.8197819900333355,0.7588751479206287,0.5551549281026493,0.6727882987804004
2019-01-09,0.908054394578378,1.733679742657533,0.004202652648065578,0.514236741266938,0.8366237956496548,0.7631376519393679,0.5608248478749809,0.6776059374141007
2019-01-10,0.910583210044483,1.7268833684871947,0.00421595484632774,0.5121351367383488,0.8389536860244848,0.762751753703126,0.5602888486700639,0.6757164971571599
2019-01-11,0.9151375087399722,1.743441721880289,0.004239213440569165,0.5145101048542431,0.8431497283363683,0.7690781133817826,0.5620857777406095,0.6756557341473655
2019-01-14,0.90352161089242,1.7335202878887241,0.004179116662677915,0.5125476218148876,0.8324475759046188,0.7683607114815053,0.5609686341158923,0.6735029875146489
2019-01-15,0.9077109925464446,1.7335167519953616,0.004218695824248212,0.5151988129944831,0.8363074067712956,0.7677662952182244,0.5638049598050667,0.6783929630647711
2019-01-16,0.9294280061062362,1.7695324577929425,0.004217174868989627,0.5173456322614761,0.8563160873338779,0.7762683676515515,0.569041791870834,0.684067070788907
2019-01-17,0.9249594309746614,1.7538243455706908,0.0042453199229307865,0.5134492177550676,0.8521990252833609,0.7711440891735204,0.5697327846850296,0.6825624629273309
2019-01-18,0.9343608497071202,1.764721882099223,0.00427710215369325,0.5163199026066723,0.8608608969414938,0.7779146868391462,0.574721279688609,0.6880311338088286
2019-01-21,0.9331494318467058,1.7492590805279584,0.0042282501683409066,0.5160312418049678,0.8597447732659201,0.7732769278674281,0.5702819811075611,0.6823685999913203
2019-01-22,0.9231286533941472,1.7391975774880999,0.004204650728990942,0.5143384222569908,0.8505122627969449,0.7748552529563936,0.5678544757963477,0.6826376933204098
2019-01-23,0.9646223255519741,1.7862112993032104,0.004261660323011366,0.5223398016136181,0.8887419037781353,0.78764348197431,0.5757630172694218,0.6964858726002235
2019-01-24,0.9544495989734076,1.7712379482833416,0.004273253955815094,0.5234991374507958,0.8793693979314805,0.7855377895338808,0.5769978654037115,0.6962804357575852
2019-01-25,0.9564623776831068,1.7600297052489464,0.004323495426797613,0.5212812762168272,0.881223844728903,0.785276832482628,0.5801390899855491,0.6940698195917311
2019-01-28,0.9436703814816286,1.7356782301944258,0.004282321076635031,0.5201782316178204,0.8694381097774349,0.7797734159007244,0.577963090922357,0.6859333632325928
2019-01-29,0.9456272989574686,1.739119345498057,0.004378616983727229,0.5209509631561755,0.8712410895726821,0.7820336396693748,0.5820675748135851,0.6867088149766359
2019-01-30,0.9399866879421592,1.7228330153555513,0.004301522773284967,0.5138671370066898,0.8660441879051312,0.7805591738703309,0.5760164927079267,0.6822210326818196
2019-01-31,0.9449238746481616,1.7332856309455484,0.004306673310773905,0.515320814902817,0.8705929989746758,0.7921758501435273,0.5828378628148569,0.6886792725799692
2019-02-01,0.9419492216748144,1.733030175019283,0.004350760931167787,0.5154840072405835,0.8678523421636289,0.7920496303471165,0.5853541647013968,0.6925333834869294
2019-02-04,0.9422699550679137,1.7376346852771152,0.004360110289201842,0.5148190097166683,0.8681478455941815,0.7881450494152079,0.5871396717262185,0.6916740209198369
2019-02-05,0.947127140416346,1.7476243156568336,0.004387451286601689,0.5198236187809504,0.8726229484807946,0.799941183354517,0.5907142964499452,0.697131117894707
2019-02-06,0.9388225102422936,1.73084298509125,0.004409428257716999,0.5239942697908043,0.8649715883209129,0.8070409453970304,0.5930179091108261,0.6986038975130573
2019-02-07,0.9237319794260047,1.7036677089015237,0.004356593638144239,0.5164091898431604,0.8510681291831443,0.7919410984776001,0.5873636705579782,0.6861388000752309
2019-02-08,0.9188346874195544,1.693404996737613,0.004361932057458814,0.5245141227523223,0.8465560745625139,0.7935844768374144,0.5932852607046651,0.6811562332720886
2019-02-11,0.9154937992619776,1.6891683722126438,0.004310495102949239,0.5195967152761249,0.8434779918530186,0.7876104798639672,0.5881935610613089,0.6812054223752556
2019-02-12,0.9221563137352572,1.7012484617421189,0.004307493883549101,0.5230429100189463,0.8496164106311074,0.7954286142320667,0.5880769424493343,0.686040421868897
2019-02-13,0.9153105946835126,1.690127834475168,0.0042752382965301865,0.5216572826752177,0.8433091987600818,0.789557269730125,0.5816267569993917,0.6789224692929795
2019-02-14,0.9147998249397757,1.6868860351168289,0.004250760249182055,0.520273884046039,0.8428386078744923,0.7791617380918634,0.5753344263686915,0.671263436582226
2019-02-15,0.9213034427606417,1.7019071153028493,0.004297657101050703,0.5219145060440662,0.8488306293428471,0.7872431878626541,0.5799961894889419,0.6765527119109972
2019-02-18,0.9202006748308308,1.6962318298060517,0.004253878146683782,0.5205298192943063,0.8478146088305656,0.7802390369716474,0.5777793083822362,0.6729271856599303
2019-02-19,0.9172826278184097,1.6946495240484243,0.004385101450282627,0.5237144985748278,0.8451261051660364,0.7833073236228503,0.5797507901345073,0.6719839122697883
2019-02-20,0.9274526066678815,1.714002930700702,0.0044129333071013,0.5276133094430813,0.8544960794291667,0.7942751271568756,0.584916291963327,0.6856671633801599
2019-02-21,0.9301108894560647,1.718903263146552,0.004412183466978029,0.5226699303024879,0.8569452527930516,0.7914710946944532,0.5841309869176661,0.6770301355593819
2019-02-22,0.9323134523557514,1.7247933299361702,0.004418746206497721,0.527161911399905,0.8589745547206619,0.7971686803357602,0.5868749293125735,0.6816365503971301
2019-02-25,0.9455480527974357,1.751475137789233,0.0044518061977894445,0.5312005537211649,0.871168077180921,0.7994797595647662,0.5928715230681867,0.6862429652348785
2019-02-26,0.9501057571494226,1.7634809493028656,0.004396319900759116,0.5287579531103469,0.8753672572489595,0.80139513351326,0.5897646443974026,0.6845763226805172
2019-02-27,0.9488530493492086,1.7639060129073154,0.004343450407151977,0.5222577674535274,0.8742130916384934,0.7868269220494105,0.58553835486296,0.6752824756586281
2019-02-28,0.9469416227166534,1.7574216408643186,0.004390689954121669,0.5188795725853118,0.8724520242244904,0.7801922345516914,0.5855390103109245,0.6748253063468415
2019-03-01,0.9563147624278706,1.7724120357684159,0.004408792367106401,0.5207422507679034,0.8810878413838733,0.7899615414132589,0.5880260893713914,0.6750799322926466
2019-03-04,0.9522356532003561,1.750899289106679,0.004362112247848663,0.5197401552738687,0.877329608545435,0.7842002951950608,0.5848452417806355,0.6736158331042668
2019-03-05,0.9543172342156635,1.7542877976364684,0.004379433958311563,0.519381854295926,0.87924744542875,0.7853657964808038,0.5846861293127803,0.6716685233141885
2019-03-06,0.9589006411479816,1.753010643445453,0.004363588600804651,0.5199307024259071,0.8834703062260961,0.7857232882799187,0.5871599650234451,0.6733583136818045
2019-03-07,0.9542356455615137,1.7450088247201516,0.004357605771507405,0.5175997118787986,0.8791722748113021,0.7745989361661115,0.585949659384792,0.6679532992867582
2019-03-08,0.9506291753361031,1.749014350759983,0.004339397819266956,0.5159270064047515,0.8758495016086225,0.7782632239437026,0.5816227643053467,0.665201602986068
2019-03-11,0.9464889897737894,1.742082012923436,0.004277424937393216,0.5167016320829964,0.8720349969043695,0.7755646247490677,0.5806729562860599,0.6655632875681776
2019-03-12,0.9531407472243539,1.7419647534432354,0.004287510090880337,0.5186155470218251,0.8781635048431655,0.7710860409487,0.5832037703918089,0.6684220425051721
2019-03-13,0.95548348711954,1.7428179603460447,0.004338240274106267,0.5213357767364675,0.8803219569744837,0.7711897538134128,0.5867855702919278,0.6697790830572474
2019-03-14,0.9574529914351296,1.7473309509549264,0.004395654600226268,0.5213825299954413,0.882136533486524,0.7721641783849927,0.5892537718868021,0.6710782540761853
2019-03-15,0.9645387830759331,1.7777902154022545,0.004435404458566528,0.5318655791916844,0.8886649330329676,0.7839310731632498,0.5976548355081818,0.6788819606197827
2019-03-18,0.9702251495151041,1.7721938268655513,0.004472747166908635,0.5259890261860273,0.8939039908495457,0.7787557671764024,0.6030318800292565,0.6787633280768508
2019-03-19,0.9785329679010427,1.7736166400185753,0.004495827976360455,0.5257715497746199,0.9015582884258921,0.7776214215557318,0.6061844810567697,0.6806672357170759
2019-03-20,0.9736594130863216,1.7657931112965641,0.004460001575197462,0.526358911083259,0.8970681037500151,0.7664605108946871,0.6041458569100441,0.6804965205943201
2019-03-21,0.9733525462383597,1.764139849210117,0.004497169812597159,0.528356214373238,0.8967853760757328,0.7742045546022733,0.6059398209810585,0.6825769303106146
2019-03-22,0.9577674346531735,1.7373004889927695,0.004447435042426022,0.5205288060719481,0.8824262415482512,0.7622621785522213,0.5981576439750486,0.6710261714963613
2019-03-25,0.9510140952743463,1.7233902520438982,0.004327953046260424,0.5180629043313203,0.8762041424557756,0.7512096345829642,0.5923637274265116,0.669200387725872
2019-03-26,0.960071710408518,1.7414539997925764,0.0043777480650849685,0.5196493920457417,0.8845492552577492,0.7576926958931967,0.5950852104422926,0.6727072814340069
2019-03-27,0.9657510779836762,1.7442448943421178,0.00437821225861306,0.5161351322849573,0.8897818647643907,0.7527909284369098,0.5947786978998979,0.6698890351702087
2019-03-28,1.0017689808064678,1.759097190273064,0.004321867747585237,0.512732358100311,0.9229664787598285,0.7498379385501115,0.5971330259885331,0.6694839484382459
2019-03-29,1.0101149092924786,1.7538134381559793,0.004286860304910162,0.5135020779835302,0.9306558885681792,0.7479067108103843,0.5968926789630168,0.6689978443598906
2019-04-01,1.0197412047928698,1.7775650496982285,0.004312617414371137,0.5157639653782001,0.9395249474347702,0.7574428330946297,0.6001348656109133,0.6772876549818434
2019-04-02,1.0378829229694595,1.8090993326453446,0.004352349061407663,0.5193361449977183,0.9562395773194172,0.7595336230140014,0.6090876701486861,0.6860838240187497
2019-04-03,1.0597218130763488,1.838508995556965,0.004373382692022214,0.5263295684344615,0.9763605472118484,0.7684999612892022,0.6149158031355686,0.6966421203396942
2019-04-04,1.0311216774848755,1.8112111581350259,0.0043231215599461095,0.5256694209534505,0.9500101940419339,0.7599468734506073,0.6079498414948167,0.6911329407850002
2019-04-05,1.0114267580214515,1.7882095385931998,0.004275934231769017,0.5209955787755822,0.9318645428839385,0.7474431879801141,0.6006178328504458,0.6802795098450543
2019-04-08,1.0208361524080316,1.807491711449043,0.004187744880707846,0.520961688405864,0.9405337628045362,0.755062130196982,0.6023784712773566,0.6827216041434585
2019-04-09,1.0230032717521946,1.812995509377909,0.004134677659286771,0.5211180629241716,0.9425304092853687,0.7579005347477349,0.6019013442030783,0.6851289767219803
2019-04-10,1.0262497653208067,1.8207427612547624,0.004155144310289722,0.523490938611395,0.9455215228003091,0.7644141083430676,0.6054421298140434,0.6920617467918576
2019-04-11,1.0204140154791355,1.8138515315642174,0.004100077561223558,0.5206737237915063,0.9401448325798208,0.7502725882694172,0.6001232403536613,0.6871920255783334
2019-04-12,1.0183268338572953,1.8057728811586453,0.004077862237268593,0.5201156690447561,0.9382218356524343,0.7482920671163852,0.5976904915730112,0.684802013859753
2019-04-15,1.017623344223362,1.8156534205258612,0.004074412706932154,0.5187883722587082,0.9375736848684554,0.7507548069624297,0.5966818174773508,0.6823367717480938
2019-04-16,1.0179606912959314,1.8080338902573667,0.004160582936352536,0.5212553266146339,0.9378844950908269,0.7575077561864177,0.5999374210149857,0.6863847455910648
2019-04-17,1.0142719415301042,1.7947905757623435,0.004128273559001449,0.5214587803263294,0.9344859147318595,0.7571196706076845,0.5984293879739958,0.6881584467817304
2019-04-18,1.008225583452058,1.7951160268396482,0.004120298714425987,0.5211319896097645,0.9289151834240056,0.7465032691453403,0.5974200875068014,0.6844113945110747
2019-04-23,1.0091824234185678,1.7999962541026722,0.004056580865600288,0.5204574911177142,0.9297967551551599,0.745271452067885,0.5959987612688191,0.6859362567092488
2019-04-24,1.0147775011995166,1.803414376024718,0.004105045753523087,0.5205668027280806,0.9349517053850147,0.7489579777753366,0.5942028013297876,0.6864281477409179
2019-04-25,1.0153011138753216,1.7799412391024247,0.004062607868250392,0.5176902729096264,0.9354341289346365,0.7464303819090118,0.5906293571882093,0.6825016999175358
2019-04-26,1.0183604025268567,1.806225643342935,0.004125226968463863,0.5206543726132463,0.9382527636980568,0.7430676155398734,0.596450979360709,0.686404999927663
2019-04-29,1.01086967020351,1.8153593234994034,0.004068240503113494,0.5216335134565749,0.9313512774589382,0.7386172157348928,0.5945804288458311,0.6851984201617453
2019-04-30,1.0056406765951347,1.8078418715050624,0.003864048540804994,0.5122263059290749,0.9265336139949581,0.7269374181626675,0.5866740586527085,0.6753982147249026
2019-05-02,0.9967456102450237,1.8014583293465796,0.0036671230723707786,0.5054663901644442,0.9183382633454625,0.7217255376076765,0.5786353824800428,0.6710203845430476
2019-05-06,0.9934521045277718,1.7932828835322754,0.0036695028575450786,0.4966577146029977,0.9153038358148954,0.7069072077700425,0.5756156425476113,0.6626437696213885
2019-05-07,0.9784822495194402,1.7623226595836048,0.0035011816401270394,0.4850961340544404,0.9015115597219963,0.6928798846395648,0.559537268924192,0.6463448156131999
2019-05-08,0.9841053550644242,1.7581745950940149,0.003554694427602047,0.47909985003389916,0.9066923329581277,0.6830314634421989,0.5586088090396587,0.6428784305782611
2019-05-09,0.9659973053145969,1.7340064755412752,0.003534503380399827,0.47588682794139286,0.8900087230290689,0.6663028005938231,0.5533471326945167,0.6306043025997886
2019-05-10,0.9768643541156733,1.745079178881027,0.0035410140045746435,0.47859237430215185,0.9000209333875551,0.669278098316514,0.5565704962675814,0.6342240418975418
2019-05-13,0.9606569292985747,1.7183331192767661,0.003478229612090681,0.47334253143474275,0.8850884388705461,0.6618563677904961,0.5492908913875767,0.6287437971094165
2019-05-14,0.9636144542094195,1.718752886562191,0.003448743894326232,0.4701263809239801,0.8878133149698333,0.6575074833142528,0.5489451507664123,0.6261309876882566
2019-05-15,0.9695496052134044,1.7254167943658716,0.0034710166499656897,0.4684703278914754,0.8932815871244031,0.6602177091669116,0.5521612826992273,0.6276471694564602
2019-05-16,0.959345849483691,1.7008700745826195,0.003478195725077568,0.47180717283510804,0.8838804929835191,0.6744600786336653,0.5469726358333299,0.6332171120209485
2019-05-17,0.9543898363547882,1.6993973796701267,0.0035370470994232754,0.47254145427487104,0.8793143364405321,0.6718292297479844,0.5444366733368636,0.6320365735449428
2019-05-20,0.9497848979532616,1.6975327001691196,0.0035036618594340746,0.4733472436213533,0.8750716379114348,0.6744942284832105,0.5395810367529785,0.6294787401802636
2019-05-21,0.9604340416200042,1.7193281423880291,0.0036120082886474817,0.47750905749833833,0.8848830842830208,0.6854454227962822,0.5475940389642326,0.633940481185168
2019-05-22,0.9630079400408563,1.733887762562406,0.0036919989008904032,0.48356334656217465,0.8872545112364356,0.6898539500349318,0.5520607908377004,0.6407198969922311
2019-05-23,0.9478642557545165,1.7014081013762687,0.0036105543765091027,0.4768797921307794,0.8733020798585331,0.6722365139402342,0.5407574339370798,0.6287785188292995
2019-05-24,0.9713479462190729,1.727423028444267,0.003610355633353873,0.47757569938355393,0.8949384646055517,0.6830831538738872,0.5429013034111986,0.6331505620578406
2019-05-27,0.9805716915311745,1.7364506294380662,0.0035823623144273305,0.47899075363226057,0.9034366392294398,0.6823513198471981,0.5438850524589771,0.6335730096497447
2019-05-28,0.9870440535411688,1.7467750883735307,0.003642907773859769,0.4792284057916275,0.9093998635736535,0.697868707289226,0.549212855566733,0.6345018156566024
2019-05-29,0.9659440282520906,1.7184789569645504,0.0035521450016022193,0.4765240931084857,0.8899596369186757,0.6945296044596289,0.5425295557491918,0.632933551308575
2019-05-30,0.9858178431926402,1.7508725774689606,0.0036543375779835704,0.48320769418029197,0.9082701110366074,0.7013066633275338,0.5510242866032865,0.6428032001851827
2019-05-31,0.9856567590938597,1.74992238106747,0.0036915117306892085,0.48514775158150986,0.9081216983523617,0.7045001844890976,0.5537175237661225,0.6479391212511394
2019-06-03,0.9682661447206177,1.7295840732373218,0.003580595002379141,0.48410035170574406,0.8938634655103602,0.7007324206565962,0.5499703560198778,0.6474761649860391
2019-06-04,0.9627836519578543,1.7280026447933767,0.003576508766312375,0.48439186308255383,0.8938634655103602,0.6982858964858027,0.5480890068396678,0.6463303482299158
2019-06-05,0.961898450521269,1.7267833326728836,0.0035536588824581173,0.483160794838356,0.8938634655103602,0.6913411267410094,0.5453344247521941,0.6432979846935086
2019-06-06,0.9579188023548956,1.7602392067520392,0.003579794344471841,0.503709945368369,0.8938634655103602,0.6906392414843316,0.5514525991289542,0.6541977112599646
2019-06-07,0.9695263044875472,1.8001972559607549,0.0036521790460709047,0.5138870760448085,0.8938634655103602,0.688344242456515,0.5600111341123218,0.6598862863673849
2019-06-10,0.9779743700226052,1.8010671184929934,0.0036120160702874343,0.5108721514099652,0.8938634655103602,0.6946371382503772,0.5580350904117503,0.6604389404088485
2019-06-11,0.972665940445753,1.8044833758880052,0.0035768246638977863,0.516640346770321,0.8938634655103602,0.6999974343506832,0.5576888591438552,0.6642265013527004
2019-06-12,0.9628093074396534,1.7917811375804942,0.0035867101661221333,0.5127799669100089,0.8938634655103602,0.6983805202373224,0.554680647771394,0.6605228512318978
2019-06-13,0.9559650659390907,1.8040875263522127,0.003600967866556722,0.5161155482038059,0.8938634655103602,0.6978027127416444,0.5588922292438981,0.6655575006148639
2019-06-14,0.9504968647548467,1.7915023388314524,0.003571155913636507,0.5148998075384943,0.8938634655103602,0.6923872273054854,0.556082048357657,0.6615818636883148
2019-06-17,0.9441719224335052,1.7833240119209401,0.0036443077102921973,0.5141590547753918,0.8938634655103602,0.6965953318564098,0.5572946727915802,0.658728895704634
2019-06-18,0.9547522862709766,1.8437540988781937,0.0036492293189196424,0.5310260053972572,0.8938634655103602,0.7137150059140884,0.5656148588731228,0.6727796183504291
2019-06-19,0.9545441975189416,1.834049722188364,0.003644056364907025,0.530582358259402,0.8938634655103602,0.7113499499404762,0.5635149938654496,0.6712026735724311
2019-06-21,0.9533656117536102,1.8296056606939552,0.003629612657755618,0.5279130407558468,0.8938634655103602,0.7110431273234071,0.5613517920132169,0.6679070036602481
2019-06-24,0.972154047034769,1.850225464803411,0.003684855371221466,0.5310945956784326,0.8938634655103602,0.7205138997631635,0.567676001950068,0.6744925565313002
2019-06-25,0.9587722451180648,1.8299882646058,0.0036669964370882762,0.5238473869274266,0.8938634655103602,0.7106828473992862,0.5631017482078499,0.6664573718551526
2019-06-26,0.9627858968174273,1.8230206817053065,0.003703790643323113,0.5229770561090704,0.8938634655103602,0.7081436791213337,0.5677966234371387,0.6704677305015843
2019-06-27,0.9763782342358889,1.83949862723107,0.0037374356148989246,0.5253535970514753,0.8938634655103602,0.7109311085426498,0.5732007416251721,0.6756644145773355
2019-06-28,0.9777111527083254,1.8403828440041878,0.0037169752674100776,0.5229998995854245,0.8938634655103602,0.7124949495782162,0.5717010920021817,0.6735058809913053
2019-07-01,0.9738520093712084,1.8451344408659174,0.0036672531292538187,0.5212451178093988,0.8894500146494028,0.708996799023648,0.5721073362744019,0.6741048306592786
2019-07-02,0.9718496833083363,1.8490869622803348,0.0036797931904770883,0.5270101256834488,0.887621226569883,0.7122262331543354,0.5728447633733764,0.6773889266648342
2019-07-03,0.990758658690171,1.857782354524675,0.0037002813541984337,0.5256907237308295,0.9048913952079674,0.7185105725210238,0.575286332536566,0.6786823107304583
2019-07-04,0.9965325684620343,1.861798192586246,0.003727483185571004,0.5271297129202634,0.9101648906484954,0.7171501732773878,0.5781879881139199,0.6818448807164249
2019-07-05,0.9962689427232448,1.8509056405715507,0.0037237307145316515,0.5227124499358571,0.9099241128763371,0.7123444318587586,0.577382842685056,0.677655126517267
2019-07-08,0.9923726364436641,1.8525165407510311,0.0036935817461472144,0.5238648790044947,0.9063654924246637,0.7170246977202619,0.5765809174120077,0.6768044443801451
2019-07-09,0.9820323585738178,1.8373208977110969,0.0036541860566454303,0.5177123685938242,0.8969213877616234,0.7036944688116763,0.573337109646457,0.669154092099362
2019-07-10,0.987590655001584,1.840974866283141,0.003671606811928747,0.5192340141386522,0.9019979566771557,0.7033661639978398,0.5755997148705774,0.6691946007725582
2019-07-11,0.9939141563015413,1.8392769637672344,0.003647273204970409,0.518296303681191,0.9077734115406868,0.7023236594695716,0.5759383062428293,0.6704040740151328
2019-07-12,0.995115488353779,1.8299507141606033,0.003617408361859283,0.5148617386203646,0.9088706263137523,0.6994139756468241,0.5766976322942062,0.6699440112266895
2019-07-15,0.9983793592252485,1.8394395555678633,0.00360570915174008,0.5152350785096568,0.9118516233918572,0.7016836335202485,0.5765089037151119,0.6725047380680257
2019-07-16,0.9875696204731809,1.8289890320831326,0.003601589240765098,0.5171299035091421,0.9019787451733374,0.7003655668296381,0.5723770336767767,0.6717263928473257
2019-07-17,0.9821105843698504,1.8157983206056656,0.003586938658583036,0.5143952612453119,0.896992833869202,0.6950180021880575,0.5658894412929221,0.6674295800118633
2019-07-18,0.9825564619249347,1.8052567274124003,0.0036013221228409827,0.5104533043327836,0.8974000680219124,0.6887226895105085,0.5650041343433471,0.6716945646041
2019-07-19,0.9983638727121973,1.8254579850673884,0.0036289584410904847,0.5111570008057589,0.9118374790669211,0.6951961471518898,0.5691166317808013,0.678239608801956
2019-07-22,0.9987819300792327,1.818274270763016,0.003599802833616303,0.5111253515455266,0.9122193041570331,0.6910037760124937,0.5690101386513297,0.6777998003501107
2019-07-23,0.997282732539437,1.8164483262442257,0.0035854625481153836,0.5064646689676287,0.9108500393602242,0.6886081633020382,0.567094272465305,0.6758756383732873
2019-07-24,1.0044151200081413,1.8191020231937487,0.003571843514997471,0.5033237390561264,0.9173642756892331,0.6885440411326667,0.5665365974501168,0.6757454319237278
2019-07-25,0.9950782822824025,1.8054506171605706,0.00352163765031356,0.4972402278658557,0.9088366448253818,0.6814246915559528,0.5621319997913559,0.6684828055149664
2019-07-26,0.9897730610799584,1.7983041043989147,0.0034846753012639947,0.49280689262430377,0.903991217562487,0.6753497046057128,0.5602606597467723,0.667174954066058
2019-07-29,0.9842045998678208,1.793614393046991,0.0034187796912828884,0.4872750489429534,0.8989053648260857,0.673895192823122,0.5543419277200387,0.6614285094255001
2019-07-30,0.9854003599325735,1.791046755003487,0.003441440077243948,0.48207796843704426,0.8999974905257576,0.6709453473076374,0.5532095683911897,0.6550599673037137
2019-07-31,0.9895289896721554,1.7943474000817026,0.003454742390175354,0.4807494962591405,0.9037682993827668,0.6690711853898337,0.5533008390068939,0.6589516934072134
2019-08-01,0.9819322237521116,1.769916499375376,0.0034127123566948777,0.47116428273832806,0.8958102838338213,0.6619324033713659,0.5456273748521225,0.6483644623197002
2019-08-02,0.9815184607603202,1.7652179525117246,0.0034051121797760964,0.4712671318829269,0.8958102838338213,0.6634097356768665,0.5401279875829096,0.6413419944734596
2019-08-05,0.9696235998758382,1.7337922347069274,0.003316606481440206,0.4668088638523749,0.8958102838338213,0.6600687387250583,0.5284059660477194,0.6261888572213943
2019-08-06,0.9675347023932963,1.7398389034132842,0.0033459177916578048,0.4684099867455197,0.8958102838338213,0.6619140897094967,0.5306254819391765,0.6239001171858045
2019-08-07,0.9563496093796123,1.7194100304809394,0.0033264595017567923,0.46796976695283843,0.8958102838338213,0.6576602488735295,0.525711780184916,0.6186918592034257
2019-08-08,0.9512212659100135,1.724264895039479,0.003364030059560014,0.47142868877693744,0.8958102838338213,0.65843976135399,0.5295685399713814,0.624666888499877
2019-08-09,0.9463486990679277,1.710894994644499,0.003307192983487048,0.46514419411661706,0.8958102838338213,0.6525288157956662,0.5207250183362233,0.6156189869938223
2019-08-12,0.9429442278817042,1.7050661713642405,0.0032123570500735494,0.4644145157919318,0.8958102838338213,0.6545561594190138,0.5165975531497401,0.6104454507313261
2019-08-13,0.9380859687077615,1.7176106154795125,0.0033132002023611054,0.465748235721991,0.8958102838338213,0.6494834123364496,0.5284026487821165,0.6192589806281736
2019-08-14,0.9177228759590724,1.6790608325261764,0.003198104792789729,0.45874751533936897,0.8958102838338213,0.6393065152230638,0.5130104977092201,0.6013772948886733
2019-08-16,0.9002742692196424,1.663821630218373,0.003099076232555191,0.45886995081967286,0.8958102838338213,0.6315042713981486,0.5055744540619003,0.5972483036993097
2019-08-19,0.9184152223509483,1.69041818174291,0.003146620867268817,0.45903891419948994,0.8958102838338213,0.6438328661126705,0.5117289261328074,0.6082753432386683
2019-08-20,0.9377636739007464,1.713371259267047,0.003160686884475847,0.4597104177292452,0.8958102838338213,0.6471832389250864,0.5138973778972986,0.6105554028442874
2019-08-21,0.9355140509927511,1.7119733455214496,0.003127888447075188,0.4569622237156636,0.8958102838338213,0.6444878774371414,0.5124489415911095,0.6093314622184284
2019-08-22,0.9405490436037429,1.7234802375693437,0.0031255289144764024,0.4575265953048261,0.8958102838338213,0.6442322059911116,0.5135155714979679,0.6099593466529707
2019-08-23,0.9366095763608533,1.71684915627822,0.003134751513261598,0.4555741762639845,0.8958102838338213,0.6423138149337898,0.5133044753851946,0.6086948973539152
2019-08-26,0.9372342159254842,1.7173977180837763,0.003102879537365087,0.45567814462051964,0.8958102838338213,0.643287680983625,0.510091663778539,0.6071700351557411
2019-08-27,0.9357247559601752,1.721213725831447,0.0031046556100172823,0.4549337408298807,0.8958102838338213,0.6443412048937319,0.509369758878524,0.6063135660653054
2019-08-28,0.9238804375324648,1.6980258091757798,0.0030471789248417785,0.44209789719557385,0.8958102838338213,0.6235840895143547,0.500754952874,0.5935793752983894
2019-08-29,0.9405790928555811,1.722534782435982,0.00310320666099619,0.4447869445584404,0.8958102838338213,0.6282197513408603,0.5070359031668668,0.5987558050375426
2019-08-30,0.9660105172427237,1.7621273345532737,0.0031800318479801195,0.4553755133782373,0.8958102838338213,0.6384765771523007,0.5209780832689554,0.6178296031596763
2019-09-02,0.9724408509964472,1.7633182209409308,0.0031279641006551656,0.45684363343032836,0.8958102838338213,0.6377184563955731,0.5226332404511947,0.6205002821139739
2019-09-03,0.964722103836056,1.7503736582379426,0.0030915312772658954,0.4511605115037624,0.8958102838338213,0.6296672858359892,0.5185595967801808,0.6097018272305086
2019-09-04,0.9657017881656389,1.7340373557801867,0.003084798863280715,0.451140695336528,0.8958102838338213,0.63165789321336,0.5174390407836743,0.608420017071512
2019-09-05,0.9529135690240432,1.7274044153617965,0.003115258306455933,0.45359752168353146,0.8958102838338213,0.6335153822334162,0.5204213438246423,0.6096237033607729
2019-09-06,0.9556197869296952,1.740520448134355,0.0031282199229972275,0.45360284279388163,0.8958102838338213,0.6384979609470286,0.5200955115164674,0.6141693551887268
2019-09-09,0.9539422544639619,1.735065476644562,0.003178415438135311,0.4625251537529313,0.8958102838338213,0.645272605674678,0.5281459858720482,0.629160457748007
2019-09-10,0.9503792635193068,1.7385978654393208,0.0031864978700426572,0.4642415773595791,0.8958102838338213,0.6374050820886829,0.5293593688485876,0.6330348229915654
2019-09-11,0.9484929977469323,1.7411735231381493,0.0031748983051071724,0.46324106426728334,0.8958102838338213,0.6302399575563541,0.5314082282359619,0.6334428032001851
2019-09-12,0.9419296340442563,1.7316502497232067,0.00320959980874742,0.4668819880121507,0.8958102838338213,0.631667954734381,0.531286606865668,0.6334022945269888
2019-09-13,0.9363715483282353,1.722489532866132,0.0032220377211789266,0.4705546611314238,0.8958102838338213,0.6361329131344561,0.5326985472982257,0.6368397447953588
2019-09-16,0.9352447283115476,1.718012438722183,0.0032697083777536605,0.4759830982812857,0.8958102838338213,0.635930693451155,0.5360518671473413,0.6417268268688242
2019-09-17,0.9257219999806802,1.7029514803201156,0.0032376801512543985,0.4716476010773659,0.8958102838338213,0.6287434178133566,0.5305738573765989,0.6344555200300921
2019-09-18,0.9408180000433147,1.7221574979010685,0.003271537603298721,0.4740833753562335,0.8958102838338213,0.6339355644631983,0.5332334920773347,0.6380173897947078
2019-09-19,0.932174235062814,1.7029982234003866,0.0032327627749437976,0.47374363005473275,0.8958102838338213,0.6287282985567817,0.5300040643525944,0.6341372375978357
2019-09-20,0.9110813122141375,1.6728230954088903,0.003185169158143714,0.4697791845178409,0.8958102838338213,0.6203836384092826,0.521899793190189,0.6283907929572777
2019-09-23,0.9038724906766517,1.670158764808762,0.003095034993487726,0.4631158264309189,0.8958102838338213,0.6108536013025875,0.5150393770512952,0.6213220294845271
2019-09-24,0.91545361037965,1.6954199351202262,0.0031163221694771805,0.465678730155134,0.8958102838338213,0.6188244046893947,0.5190726603269133,0.6294006163105278
2019-09-25,0.9033122934107662,1.6754789830260697,0.0031054026135009694,0.4672988606730319,0.8958102838338213,0.6137388017509509,0.5141246482255539,0.624898366632427
2019-09-26,0.9093749745383611,1.6872065558698688,0.0031314184920621588,0.46973219766454255,0.8958102838338213,0.6210490724194876,0.5173986205153052,0.6285991232765727
2019-09-27,0.9174008700660926,1.6933777878720928,0.003159606809018379,0.4727022643246871,0.8958102838338213,0.6264772661057257,0.5207979308948533,0.6326036949696907
2019-09-30,0.9112130670377072,1.681148861603528,0.00307215279650074,0.4712377491076405,0.8958102838338213,0.6234461297023635,0.5167645001939054,0.6288363883624367
2019-10-01,0.9004901976195281,1.6599900853948324,0.0030308406737346366,0.46560608889762695,0.8958102838338213,0.6125217097759025,0.5103645380836112,0.6228208503927893
2019-10-02,0.8838949278648737,1.6237911597677086,0.0029160297585979524,0.45704210952104607,0.8958102838338213,0.6012631941192428,0.49838489691643234,0.6071324199592019
2019-10-03,0.8977444231545505,1.6313178533571275,0.002912772670891806,0.4546508045361113,0.8958102838338213,0.6088261665818034,0.495748720706673,0.6074275545782033
2019-10-04,0.8944413036328818,1.6336705524501485,0.002950201292013379,0.45601467025991216,0.8958102838338213,0.6098702093566831,0.4988623376044977,0.6137526945501365
2019-10-07,0.8943601020542798,1.6290561544437776,0.002943085126782606,0.45507316897954964,0.8958102838338213,0.6084335286085275,0.49827977801675155,0.6139581313927748
2019-10-08,0.898112578874533,1.6327178174425125,0.0029560931283941386,0.45927846091226326,0.8958102838338213,0.6084401722039131,0.5006854310151226,0.6168400341430244
2019-10-09,0.900821952349407,1.6479405886289926,0.0029825139522949005,0.45881872459253975,0.8958102838338213,0.6179903977922102,0.500660054989501,0.6175749772138711
2019-10-10,0.8898335300927609,1.6381166709490895,0.0029526569292002425,0.45866113787911955,0.8958102838338213,0.6132587478821476,0.498935125151188,0.6142822007783451
2019-10-11,0.8951623409277858,1.6493493347489372,0.0030644720811239417,0.46261245062712913,0.8958102838338213,0.6157843893848505,0.5080593272367184,0.6249649165955352
2019-10-14,0.904097023541402,1.6624878170203403,0.0030223278524513252,0.45910146735952245,0.8958102838338213,0.6235209581691771,0.5059461949578011,0.6216721401600092
2019-10-15,0.8983109574395314,1.665274672188837,0.0030388011132405383,0.4612438291533281,0.8958102838338213,0.6193586447227011,0.5092900373266858,0.6234863500238711
2019-10-16,0.8963498306802765,1.6498613944742349,0.0030448801988888245,0.46383092640300566,0.8958102838338213,0.6189401179084791,0.5120121569913875,0.6238509280826375
2019-10-17,0.9021987805428928,1.6488248480725625,0.003065036554692143,0.46804608236403167,0.8958102838338213,0.6172584990778051,0.5150441429882674,0.6289694882886531
2019-10-18,0.9056288572666048,1.63564005534156,0.0030761916219917205,0.4650665499496377,0.8958102838338213,0.6117484767346129,0.5099699577595016,0.6263653592974637
2019-10-21,0.9013222195070054,1.6328656277332898,0.0030603156723842118,0.4658871110833099,0.8958102838338213,0.6134073936230025,0.5152457556018019,0.6317182911126863
2019-10-22,0.9041501172503941,1.636094511197491,0.0030662437589305765,0.4661246077937469,0.8958102838338213,0.6134865857112977,0.5176054326649667,0.6400804386510611
2019-10-23,0.8972144130931069,1.6245721910989794,0.003083049889777815,0.4676253600352757,0.8958102838338213,0.6136772434416107,0.516078639424987,0.6390358935779284
2019-10-24,0.90252314560667,1.6362738718476106,0.003086196961601098,0.47383397325586823,0.8958102838338213,0.6196992916056694,0.515811269622342,0.6389838109981048
2019-10-25,0.9084460236080654,1.6408739243153412,0.0030874845495687765,0.46753494762490094,0.8958102838338213,0.625634331155195,0.5095871021704365,0.6294092967404985
2019-10-28,0.9128679018745146,1.6588659920064872,0.003097970361569504,0.4704824491767156,0.8958102838338213,0.6301144570168828,0.5148674622447243,0.6399791669680706
2019-10-29,0.9183812733106979,1.6596493424029088,0.003102806190951339,0.47188735566584905,0.8958102838338213,0.6224960644355421,0.5166852860575533,0.6446463448156132
2019-10-30,0.9306144372085583,1.6691142051643397,0.003120688585397341,0.4706374798335055,0.8958102838338213,0.6268288030469953,0.5184142112549305,0.6444872035994851
2019-10-31,0.9232205178688482,1.6611669605156505,0.0030529596434516076,0.4681195153143644,0.8958102838338213,0.6185364991901986,0.5120067855965368,0.6348577132853981
2019-11-04,0.9484214209650089,1.7011207551845922,0.003144671479103293,0.47307395359183935,0.8958102838338213,0.6306340608429423,0.525816727690026,0.65510047597691
2019-11-05,0.9440616489248068,1.7037254978438046,0.0032026175463951544,0.47148290927416786,0.8958102838338213,0.6307372724236555,0.5293976602545669,0.6575281028920298
2019-11-06,0.9424316391409895,1.6911051505562642,0.0032079443466430245,0.4668096541853876,0.8958102838338213,0.6341673245872392,0.5288542127750385,0.6525773643321132
2019-11-07,0.9527473527763204,1.697744669612013,0.003194158012179522,0.4666018914793279,0.8958102838338213,0.6371715612882176,0.5324818882271536,0.6574470855456374
2019-11-08,0.9343820015040599,1.6743838048966104,0.0031457440420728203,0.4672014137816275,0.8958102838338213,0.6387011516228431,0.529941568551424,0.6526120860519957
2019-11-12,0.9355056250751328,1.6747092459950492,0.00310491050794288,0.4619407452775066,0.8958102838338213,0.6355016549883141,0.5300505361048403,0.6506879240751724
2019-11-13,0.9352272016804166,1.6644906327040891,0.003061510462902683,0.4610063944769311,0.8958102838338213,0.6412574175026686,0.5249901472724873,0.6468424935981828
2019-11-14,0.9193839985653933,1.6491919398975234,0.0030542486523354602,0.45862510838391024,0.8958102838338213,0.6318506111241857,0.5253398640317362,0.644131305970689
2019-11-15,0.9192086025377685,1.659632863642063,0.0030517244863812283,0.4585751614096672,0.8958102838338213,0.6288747738500274,0.5255206840087219,0.646365069949798
2019-11-18,0.9279342075262246,1.6627364195529062,0.0030446657167264215,0.4580823868123538,0.8958102838338213,0.6317499642507154,0.5260803491554837,0.6452221466703316
2019-11-19,0.9277813713479139,1.6497078621572545,0.003048579242160783,0.4580245352825465,0.8958102838338213,0.6270969303440019,0.5231037242895387,0.6386626350891913
2019-11-20,0.9161930373637469,1.6320044245117211,0.0030108367437404505,0.4552057924406579,0.8958102838338213,0.620817295023448,0.5169233816598257,0.6349966001649281
2019-11-21,0.9078043371071298,1.6261868345023234,0.00298286473831912,0.4536141740833265,0.8958102838338213,0.6166651796071908,0.5139498144338013,0.6306419177963282
2019-11-22,0.9089825536921846,1.6315382724091587,0.0029974125609647344,0.4565372545864474,0.8958102838338213,0.6222123775385606,0.516763873241897,0.6331621359644679
2019-11-25,0.9092071747602827,1.6326092232659344,0.0029671370355909632,0.4583738905063569,0.8958102838338213,0.6206797587358974,0.5208316064975704,0.6358530692553636
2019-11-26,0.9114195370290024,1.630070412000225,0.0029973041217665588,0.4576605986972931,0.8958102838338213,0.6207897647951992,0.5221489242757685,0.6338392095021771
2019-11-27,0.9030955613036068,1.6222734451122653,0.002964796433806362,0.45747843014252904,0.8958102838338213,0.6194459468865905,0.5206926773881343,0.6311627435945658
2019-11-28,0.9052969495747264,1.6274880304979285,0.0029639782181891485,0.45562156616633837,0.8958102838338213,0.6182025297689355,0.5183473082374275,0.6276211281665484
2019-11-29,0.9067258673797776,1.6319710689562579,0.0029670350769555416,0.4571404380343544,0.8958102838338213,0.6232194649023632,0.5182010105297872,0.624684249359818
2019-12-02,0.8965113996223005,1.6183174725487421,0.0029158547495297714,0.4495379509488944,0.8958102838338213,0.617735195026867,0.5132561149742657,0.6140825508890204
2019-12-03,0.8937046017781365,1.5946271032942967,0.002879663100977846,0.44418246496609426,0.8958102838338213,0.6098546408203753,0.5080840847330116,0.6047134734740525
2019-12-04,0.8948528563660122,1.5948879907023406,0.002864940043508804,0.4468061467600799,0.8958102838338213,0.6132236815587429,0.5060156709959602,0.6023900117185801
2019-12-05,0.9091197479437011,1.6111059002487662,0.0028948574443225256,0.45267574393228727,0.8958102838338213,0.6248851074522412,0.5094892783499307,0.6053500383385653
2019-12-06,0.9123901797807391,1.6183034155229636,0.002895832300691275,0.45346908414413245,0.8958102838338213,0.6225026438758718,0.5118414369673107,0.599849539213842
2019-12-09,0.9080490067357772,1.6084668584333106,0.00285953227749091,0.4530885155497127,0.8958102838338213,0.6235868905678775,0.5104143525165129,0.5979514185269307
2019-12-10,0.91470872441847,1.6115894338616363,0.0028331714769725784,0.44857226428274766,0.8958102838338213,0.6232192526731324,0.5096755258597306,0.5943519335657755
2019-12-11,0.9185873439081684,1.6179933974847909,0.0028241177523757733,0.44978964751872286,0.8958102838338213,0.6232395729176421,0.5077880509437906,0.5923930498690697
2019-12-12,0.9406591686650213,1.6480437561508903,0.0029011756756543426,0.4541645903739028,0.8958102838338213,0.6260378160335895,0.516696844946971,0.6082637693320404
2019-12-13,0.936986011962116,1.6440800524614214,0.0029140422688173923,0.45511325201893466,0.8958102838338213,0.6226227233040464,0.5162305033650938,0.6095137512478114
2019-12-16,0.9277946001357229,1.638607194674894,0.002877848700711118,0.4554506228525003,0.8958102838338213,0.6219551574077581,0.5152650559192025,0.6113713632615264
2019-12-17,0.9477242890778146,1.658946871420898,0.0029159208795353623,0.45799026085643746,0.8958102838338213,0.6243705879675641,0.5199805853116849,0.6169615601626129
2019-12-18,0.9480927898841758,1.6502310370418378,0.0028880782323997736,0.4568430332328815,0.8958102838338213,0.6202882999212723,0.5182426326397612,0.6168458210963378
2019-12-19,0.9544448785042278,1.6591634275189011,0.0028773420604064877,0.4590720430869117,0.8958102838338213,0.6270141629488712,0.5206915557096449,0.6173869012311737
2019-12-20,0.9565424015987577,1.6613142152073959,0.0028577877536945023,0.457749580097348,0.8958102838338213,0.6298250442904234,0.5196403172894116,0.6157434064900675
2019-12-23,0.9486113323951498,1.6563243980105762,0.0028545482632535003,0.45889381780254074,0.8958102838338213,0.6398722918991415,0.5202852965370605,0.6199389476425392
2019-12-27,0.9450782665017338,1.6550826012360762,0.0028916040715065436,0.4606284275979828,0.8958102838338213,0.6409265690630594,0.5237816225045379,0.6226009461668661
2019-12-30,0.9452517533124598,1.6518129905316716,0.002877450395852157,0.4554959341227786,0.8958102838338213,0.6407607270047749,0.5232958014619334,0.6221235225184815
2020-01-02,0.9571562178728877,1.67440092015858,0.0029363743426325637,0.46221727590227146,0.8958102838338213,0.6492560838302955,0.5356323093462109,0.6365937992795235
2020-01-03,0.9494560716065701,1.6621089659387596,0.0029230618460092503,0.4618646533978388,0.8958102838338213,0.6438642418404836,0.5312783366291118,0.6290331447751037
2020-01-07,0.9468254535758104,1.6606227586232907,0.0028928720838148655,0.4610141136272054,0.8958102838338213,0.6430716162129838,0.5295459474370495,0.6206536363767879
2020-01-08,0.945386835733253,1.656365834303895,0.002875905314198621,0.45655544208490095,0.8958102838338213,0.6407155836700971,0.5216143567929993,0.6122567671185306
2020-01-09,0.9768847839260988,1.692442535648723,0.0029500219980124484,0.45917613110677125,0.8958102838338213,0.6484240745833477,0.5282608005714733,0.6242994169644531
2020-01-10,0.9753685685961131,1.7008478801607736,0.0029342367418229657,0.463739200842737,0.8958102838338213,0.6521300663087903,0.5275773236500667,0.6272796979210364
2020-01-13,0.9931212691279968,1.7162988050072043,0.002961574945195697,0.4659749340900312,0.8958102838338213,0.6490126871196963,0.5310334398950249,0.6349503045384176
2020-01-14,0.9892399576148729,1.7189968778838138,0.00298763988331922,0.46927761770028487,0.8958102838338213,0.6553031079622792,0.5330972330857532,0.6316343802896365
2020-01-15,0.9793843144152162,1.7062243192401143,0.002989890228977087,0.46613711674438874,0.8958102838338213,0.653122577894206,0.5294600773386787,0.6264608440271402
2020-01-16,0.9899101179865373,1.7199978598099177,0.002955579282837496,0.46886243097841906,0.8958102838338213,0.6547588574534815,0.5305200861060679,0.6289665948119958
2020-01-17,0.9837942264376737,1.7148951601875206,0.002956256256446526,0.47050489088000014,0.8958102838338213,0.6464435476634189,0.5304720490937792,0.6296060531531656
2020-01-20,0.998700571371389,1.7310662290109533,0.002897069919629656,0.47158066018884787,0.8958102838338213,0.652992686977214,0.5301508722450495,0.6302165767277668
2020-01-21,0.9931000969523958,1.7192380308554909,0.0028725850241081465,0.46776923735074477,0.8958102838338213,0.650249061643904,0.5256545784910479,0.6244238364606989
2020-01-22,1.0123636456955765,1.7355361569640029,0.0028382018283386414,0.4659439186654711,0.8958102838338213,0.6475911443595155,0.5244554558942667,0.621102125258604
2020-01-23,1.0088525669116002,1.731702424894778,0.002806751207782918,0.4677664438694015,0.8958102838338213,0.6458784178683487,0.5238149033972612,0.6216374184401261
2020-01-24,1.0111254786656378,1.7360085810547943,0.002858835824077847,0.4710799184373068,0.8958102838338213,0.6466796156010873,0.5278580253093865,0.6233358892377131
2020-01-27,0.9750729792755324,1.6816184193791557,0.0027617684817861678,0.4626331691876635,0.8958102838338213,0.6323932443681597,0.5126289579019724,0.6029397722833866
2020-01-28,0.9805298749307754,1.6868041779203589,0.002810930074383078,0.46427947691346444,0.8958102838338213,0.6326842357062139,0.5148275172991285,0.6070629765194364
2020-01-29,0.9680361087068876,1.6856389535830285,0.002810399717037712,0.4697991055943182,0.8958102838338213,0.6375366763150079,0.5133119384914463,0.6071034851926326
2020-01-30,0.9585669298928661,1.675070464374881,0.0028105484587256538,0.4705175360944064,0.8958102838338213,0.6404712734496837,0.510579037275175,0.6018373576771163
2020-01-31,0.9656158232877103,1.6751589304691867,0.002762579809217365,0.4666997923071102,0.8958102838338213,0.6395121304024025,0.5076922820460722,0.5977633425442335
2020-02-03,0.9794262036307428,1.6872102486206955,0.002764110788485426,0.46403864996416205,0.8958102838338213,0.6440729210866314,0.508943640626772,0.5997829892507336
2020-02-04,1.0051160530310757,1.7226892672287795,0.0028270911383366853,0.46842305908211995,0.8958102838338213,0.6573239481305885,0.5161845020955451,0.6095484729676937
2020-02-05,1.0224631064968062,1.7414205561292502,0.002863134321658273,0.46985049734030865,0.8958102838338213,0.6639875240716042,0.5224810872843015,0.6142590529650894
2020-02-06,1.0186092760299683,1.730269057038688,0.002815692942458555,0.464535984085033,0.8958102838338213,0.659935920244159,0.5191592669205309,0.6110328264926715
2020-02-07,1.0085220773234809,1.7207562734848079,0.0028236886581415573,0.46685765121334466,0.8958102838338213,0.6527421419841786,0.5193040972781091,0.6105814441341986
2020-02-10,1.0175539321194849,1.734856697918865,0.002750985232594244,0.4671358019730518,0.8958102838338213,0.6523123691848026,0.5176710995275629,0.6055728360411443
2020-02-11,1.0454570934323346,1.7618394995102695,0.0027925260505452516,0.4654681734845273,0.8958102838338213,0.6565969703921867,0.5254328549209917,0.6097712706702729
2020-02-12,1.046750317593823,1.7618862526486647,0.002797135247576898,0.46696386342881563,0.8958102838338213,0.6613933816611026,0.5245716940054296,0.6152428350284274
2020-02-13,1.048317958999902,1.7660739246588404,0.002777330662502656,0.4663403437655676,0.8958102838338213,0.6639695687678073,0.5209855368371918,0.6134373055945361
2020-02-14,1.0418499420282252,1.7575122089287472,0.0027612639373375825,0.46293489132313465,0.8958102838338213,0.6624245467919236,0.5191237797860228,0.6120542237525488
2020-02-17,1.0534716108838933,1.7696887262376315,0.002726149142084,0.4639416764527328,0.8958102838338213,0.6665421500236557,0.5208709121568574,0.6137469075968219
2020-02-18,1.0582569068344971,1.7769812578541675,0.0026855473392303837,0.4643125042260359,0.8958102838338213,0.6702017296732353,0.5188576901452492,0.6115333979543109
2020-02-19,1.0705896370816483,1.7966548110166436,0.00267937729700324,0.46746568233069974,0.8958102838338213,0.6735556805788461,0.5183345437918763,0.6120223955093231
2020-02-20,1.0637193933958815,1.7961902183812164,0.002661402846041228,0.4698115542325492,0.8958102838338213,0.6744575315672248,0.5144453000284356,0.6075953762243014
2020-02-21,1.079496842268148,1.8134976372615517,0.002662391640202984,0.4660469963535121,0.8958102838338213,0.6734754079604244,0.5149827068798628,0.6043112802187459
2020-02-24,1.0282583885762109,1.7406118536240915,0.002531892471783094,0.4506334224712531,0.8958102838338213,0.6473599879438219,0.4936671368343734,0.5789557442745322
2020-02-25,0.9986339487642218,1.6923968252898245,0.002442343384339444,0.4389723217294744,0.8958102838338213,0.6359048554647947,0.478702152664985,0.5629866466052277
2020-02-26,1.006846956445304,1.6851063152693921,0.002433508519234658,0.4334747306541184,0.8958102838338213,0.6304047039014857,0.4759057177750871,0.5594566050838377
2020-02-27,0.9630841662470715,1.6192738203796508,0.0023158661468454388,0.42138809708961206,0.8958102838338213,0.6090876361955238,0.45711665437859683,0.5354696835983267
2020-02-28,0.9159735264061875,1.5509859015961966,0.002212283547011707,0.41007415051842844,0.8958102838338213,0.5909637209394626,0.4370413464147584,0.5118299793116411
2020-03-02,0.9727228324387116,1.6107097017260896,0.002262036522315244,0.4099727552470343,0.8958102838338213,0.6072062804672691,0.44795178779198414,0.5230537752636671
2020-03-03,1.029462221121142,1.7162851582217498,0.0024124866197651152,0.42582949231129075,0.8958102838338213,0.6311253141986825,0.468580203328313,0.5467716034200885
2020-03-04,1.01859709945686,1.6987399503296816,0.0023428376460948776,0.42294816546098785,0.8958102838338213,0.6228161295785681,0.4619213283373127,0.5384615384615375
2020-03-05,1.0158615811742904,1.6795541564628629,0.0022715218095686264,0.4171812760757759,0.8958102838338213,0.62047943311572,0.4547524423091445,0.5274373923988359
2020-03-06,0.9931454657852132,1.6481532089716668,0.0021626944973155834,0.40761734759468,0.8958102838338213,0.6028575347512289,0.4414903921096545,0.5106436538823215
2020-03-09,0.917747362042907,1.5278618997424918,0.0018952112698381893,0.3799602401349205,0.8958102838338213,0.5608932690850276,0.4073841567159633,0.47047641093155407
2020-03-10,0.9043810307505612,1.5288693767269332,0.0018383264050013262,0.3789775357426416,0.8958102838338213,0.5450693624213014,0.40026732290733336,0.46280580431417295
2020-03-11,0.8501448449499137,1.458521893513686,0.001691905947621516,0.36430999177201867,0.8958102838338213,0.5141394627658152,0.3754457273814329,0.4356534193660386
2020-03-12,0.7205867858502022,1.2539755901281677,0.0014579699355571761,0.317869495634282,0.8958102838338213,0.4506759079090987,0.3235827941155564,0.37780992751840914
2020-03-13,0.7564112299180676,1.3395140552847153,0.0015195415063123175,0.33246650208325285,0.8958102838338213,0.4610364785094361,0.3359940187404215,0.3952402308994366
2020-03-16,0.7893544940268311,1.3708477738707203,0.0014679713048015557,0.31241679018986585,0.8958102838338213,0.46832169527335205,0.3337978484881028,0.38817146742668596
2020-03-17,0.837403258525528,1.423180596245135,0.0016362202626150324,0.325570738290168,0.8958102838338213,0.4867655563896144,0.3583509811001998,0.4135588316141253
2020-03-18,0.8471080390306894,1.4125150441603063,0.0016187656125906196,0.3219801430666846,0.8958102838338213,0.4901573024258959,0.35653817418132394,0.40545999045152636
2020-03-19,0.8654413173809935,1.4542809490882969,0.001717874960735467,0.33324220974557434,0.8958102838338213,0.5079024419612809,0.37187503063072924,0.4251761403914867
2020-03-20,0.8538350222351923,1.4343326338808131,0.0016747987880963969,0.33200645708233506,0.8958102838338213,0.4950204414496673,0.3693871165367835,0.4306708525628963
2020-03-23,0.8306622284651334,1.4176779163238753,0.0015433930510031055,0.31885986402618033,0.8958102838338213,0.47873182927548796,0.3531799574334724,0.40666367674078724
2020-03-24,0.8665938300059826,1.4947503909900042,0.0015728665055372735,0.32479357267513365,0.8958102838338213,0.5002173940525555,0.3622032205454885,0.419849249866176
2020-03-25,0.8627767610126419,1.5153598209450967,0.001569453584112455,0.32601899232530507,0.8958102838338213,0.49939425151309197,0.36039841095418707,0.41719014481850597
2020-03-26,0.8727451423373839,1.5353546912013423,0.0016068837034376945,0.33308901437896987,0.8958102838338213,0.5073349356642177,0.3670430481452857,0.4317096106827151
2020-03-27,0.8683257859169266,1.5179394245176019,0.001604137656323389,0.32986715754151713,0.8958102838338213,0.5004486024500794,0.3647074118976062,0.42704821978848617
2020-03-30,0.8732176104732842,1.5023003076542054,0.0015591094303470474,0.32653974694476107,0.8958102838338213,0.4963229814386142,0.3613339671389153,0.4275545782034397
2020-03-31,0.8852117256277993,1.5304625516066626,0.0015366433701050769,0.3272422881983445,0.8958102838338213,0.5021079761975819,0.3666987657084418,0.43773672255899004
2020-04-01,0.881031755222962,1.5390385750346498,0.001503351458643197,0.3245404023146043,0.8958102838338213,0.49457229525453167,0.3638185113362448,0.42893476656877005
2020-04-02,0.8899671215008534,1.5565985068588901,0.001484591051910984,0.32489791056172723,0.8958102838338213,0.49444567440420345,0.36488309902347127,0.4315765107564988
2020-04-03,0.9220088884094585,1.6182315541482746,0.0015417127853386947,0.3241947459661627,0.8958102838338213,0.5055555826648515,0.3719949253173743,0.43589647140521626
2020-04-06,1.007886783547812,1.7701670010547077,0.001635530533775227,0.33103648887164405,0.8958102838338213,0.5274974226625269,0.39737598224107895,0.4574731268355485
2020-04-07,0.9371471700861737,1.648248753651434,0.00171873737796121,0.33223463725180885,0.8958102838338213,0.5280851708744821,0.4002028423317022,0.4639689819302375
2020-04-08,0.9690742724384867,1.708320489244429,0.0016710646305304702,0.3304763589806327,0.8958102838338213,0.5367353626355591,0.3974754722370017,0.4569320467007125
2020-04-09,0.9897086923929913,1.7419245486447155,0.0017037247620389953,0.3324628476720366,0.8958102838338213,0.5436794427812166,0.40514763844900387,0.46750481040494124
2020-04-14,1.0423130810855836,1.836753362167219,0.0018051268197350184,0.3420385885704432,0.8958102838338213,0.5681911463591595,0.4283952555448866,0.48101155943924334
2020-04-15,1.0299125518662875,1.822002625048239,0.0017590271710857337,0.3329909914764563,0.8958102838338213,0.5548624818819299,0.4158162675422471,0.4647531141042511
2020-04-16,1.047183116485143,1.8532710866203672,0.0018236310510376828,0.3397945663895988,0.8958102838338213,0.5656185683213057,0.41856339753923033,0.46234863500238627
2020-04-17,1.0791004014067826,1.9117203636514513,0.001863567524357137,0.34284566623664303,0.8958102838338213,0.5667756664774122,0.423529630466565,0.4703606718652788
2020-04-20,1.115769618952521,1.9738971403169658,0.0018489241935810412,0.33883065031435483,0.8958102838338213,0.5659030223260276,0.42672947804744554,0.4745475325877799
2020-04-21,1.095554818720864,1.9419193072321348,0.0017659206261237742,0.334810088470697,0.8958102838338213,0.5581247980269531,0.41140384484685916,0.4552711910996649
2020-04-22,1.1597243751147799,2.0621481244582145,0.0018020406549590939,0.34178313649858666,0.8958102838338213,0.5728544051783802,0.42163192737293426,0.4644377251486514
2020-04-23,1.184475330490594,2.109720340715742,0.001801108583237528,0.34913292118143974,0.8958102838338213,0.5884243029584205,0.4303770693618274,0.47050823917477946
2020-04-24,1.1744196334402366,2.0888899392601172,0.001773972686741488,0.3432606093481738,0.8958102838338213,0.5765315909476394,0.42386399713738737,0.46350891914179393
2020-04-27,1.2316522437865125,2.192547017482114,0.0017613582316916927,0.3451880430549617,0.8958102838338213,0.5916740978393318,0.42715285933596114,0.46063280334485807
2020-04-28,1.2442101676944286,2.208408651876816,0.001762560989534647,0.34663087234547824,0.8958102838338213,0.5932508910482586,0.4267292754711168,0.461292516022626
2020-04-29,1.2558107747084124,2.2237249220245427,0.0018199808504210406,0.35220283147278353,0.8958102838338213,0.6001673329418491,0.439507459728245,0.4778084807800803
2020-04-30,1.2368329060562786,2.1981858406023247,0.001813429418056906,0.35143160765196474,0.8958102838338213,0.603687603159057,0.4398814696753294,0.4770417094660079
2020-05-04,1.2377903974077429,2.2140549037126362,0.0017428955202132483,0.3470981308016592,0.8958102838338213,0.5960975978240659,0.43099389913991654,0.4631443410830274
2020-05-05,1.2336209137405354,2.213425781735853,0.0017305634844234279,0.3467480401563487,0.8958102838338213,0.5967080629067608,0.42962603671132327,0.46262062180813257
2020-05-06,1.2411112352534859,2.2359980441991962,0.0017048957285378552,0.34486292264566837,0.8958102838338213,0.599663723533443,0.423228309692908,0.45369135284501
2020-05-07,1.2656374258178449,2.267645363640105,0.0017506422346528373,0.34860887384046046,0.8958102838338213,0.602267908975431,0.4264790920207694,0.45929601712938084
2020-05-08,1.2597661514046328,2.262476459641939,0.001752989465733294,0.35248384692001034,0.8958102838338213,0.6082298567808155,0.42915890079768243,0.46483702492730045
2020-05-11,1.2550540128070111,2.262327357233863,0.0017316783519727437,0.35072427817385626,0.8958102838338213,0.6049203088847193,0.42779620193302054,0.45928444322275336
2020-05-12,1.2558464668652984,2.2730941021436295,0.0017772149459531466,0.352541704503352,0.8958102838338213,0.6136147697867439,0.434043866840523,0.4694694810549606
2020-05-13,1.2518313962468572,2.2638852084163448,0.001796624100095174,0.3509428932557631,0.8958102838338213,0.6096612759211559,0.4337622687862888,0.46709972367297825
2020-05-14,1.2375411811953356,2.2201261413175306,0.0017604420385492457,0.34556701836716724,0.8958102838338213,0.5967747623858628,0.4238096172367538,0.45692625974739853
2020-05-15,1.2667825241711845,2.2569991711102553,0.0017725712603581937,0.3431779608178738,0.8958102838338213,0.5952400444629392,0.4250897281144618,0.45501367167720275
2020-05-18,1.2785291866520145,2.2924767618415034,0.0017832255393620598,0.35042925618117354,0.8958102838338213,0.6081393572561303,0.432908308835713,0.47426397187540587
2020-05-19,1.2594215895676732,2.2737113763606556,0.0017939937801518782,0.35115456849836973,0.8958102838338213,0.6096586412238145,0.434067276950215,0.4745822543076624
2020-05-20,1.2547907476190439,2.269793341648857,0.0017909273853057622,0.3507663370895281,0.8958102838338213,0.6099043763445489,0.4372676420928534,0.47818752622213123
2020-05-21,1.258371653300057,2.2786299281410907,0.0017904534591105846,0.3501430526734287,0.8958102838338213,0.610870824695225,0.4371683918529646,0.4739051807699531
2020-05-22,1.2845497367616368,2.32308117211868,0.001830008140969106,0.3488614218448964,0.8958102838338213,0.6155394341281472,0.4362043208480991,0.4717640080438641
2020-05-25,1.326919781802334,2.385993590199765,0.0018315525627422904,0.3511735023990664,0.8958102838338213,0.629980876698627,0.44464917060613146,0.47590167966319835
2020-05-26,1.32462450538711,2.3962027415426173,0.001845327729697051,0.35629030568324455,0.8958102838338213,0.6311070362135371,0.45652485412133365,0.4947005975029286
2020-05-27,1.2665141160382296,2.3081191495184603,0.0018646784180029608,0.36257411214248203,0.8958102838338213,0.6150818500140941,0.45603729155077377,0.4940871804516706
2020-05-28,1.2834742513264692,2.3347998881285785,0.0018305367731930409,0.3604455950908153,0.8958102838338213,0.6183901167484342,0.45618068407511875,0.49722949610103917
2020-05-29,1.2844191757716041,2.339147887162831,0.0018086807359244373,0.3575796698619827,0.8958102838338213,0.6233440265731888,0.4562652410646784,0.4984447562969275
2020-06-01,1.2876141371857632,2.352415247547945,0.0018286926325113185,0.3598250971903512,0.8958102838338213,0.623910208517959,0.46320839008455883,0.5015899654229529
2020-06-02,1.275698791630875,2.3510618366716547,0.001839154620597182,0.36304946058896465,0.8958102838338213,0.6220696093019328,0.46911832581055773,0.5024117127935059
2020-06-03,1.277687470408185,2.3746270850729156,0.001857984649805854,0.3661310158960769,0.8958102838338213,0.6278041396634096,0.4803937647807814,0.5112339231203241
2020-06-04,1.2609633677081826,2.3526713411288416,0.0018467265432750557,0.36840549819025376,0.8958102838338213,0.6276544188312002,0.4833631909995728,0.5169427525643426
2020-06-05,1.283124897751866,2.3654329016737177,0.0018715860478516202,0.37423527056816663,0.8958102838338213,0.6295475329818919,0.49500725599463624,0.5331143935996285
2020-06-08,1.2742962045284736,2.3458274988228016,0.0018604432860138882,0.37250226009031867,0.8958102838338213,0.6171512222645127,0.49656999451060074,0.5327613894474895
2020-06-09,1.3046043517984527,2.3753979669762106,0.0018869143362299065,0.37076220039868785,0.8958102838338213,0.6254392935095399,0.4993733744482912,0.531123681659697
2020-06-10,1.335998796192652,2.4227544747513297,0.0019188309264949108,0.37012445911490616,0.8958102838338213,0.6253423135951001,0.5057521573234492,0.5327411351108913
2020-06-12,1.3138736704410623,2.3893940852291586,0.0018857502863035146,0.362017503438731,0.8958102838338213,0.6151647004679595,0.49653375975878483,0.5175937848121398
2020-06-15,1.3097896685562271,2.3721098140185135,0.001833141140931267,0.35630126523220595,0.8958102838338213,0.6112152173510111,0.48517219093092945,0.5038902793651701
2020-06-16,1.3590322380865503,2.4329070963828543,0.0019100312548592884,0.36133561654822366,0.8958102838338213,0.619043417612004,0.49957056283244405,0.5202471029064961
2020-06-17,1.394761722578358,2.482345476847883,0.001902923829638009,0.366906146262544,0.8958102838338213,0.6292979907922641,0.5002576053941727,0.5172986501931384
2020-06-18,1.4007585940642298,2.4788125033617114,0.001881992837222232,0.3634164256275314,0.8958102838338213,0.6197142710971297,0.5046369199379672,0.5196278989019244
2020-06-19,1.4334362575518427,2.5119321028915125,0.0018759067525604709,0.3605237873568275,0.8958102838338213,0.6213297391515723,0.5084719468224912,0.52309717741352
2020-06-22,1.5058214591381496,2.6195485047331033,0.0018696309180298144,0.3618131347365203,0.8958102838338213,0.6315595379719781,0.5139841394211755,0.5199722226240928
2020-06-23,1.5124583473965052,2.6559586697822213,0.0018999679918848369,0.3685484704110893,0.8958102838338213,0.6356310425332763,0.5196574912324915,0.5283459440690951
2020-06-24,1.5601869995416406,2.6767251239354906,0.0018412909256746324,0.3656710188731317,0.8958102838338213,0.6244258545456289,0.5140866868778816,0.5162627855499764
2020-06-25,1.5767516630391158,2.7177032535662295,0.0018442764944415874,0.3690430031206419,0.8958102838338213,0.6235686926584343,0.5184230545555878,0.5189045297377051
2020-06-26,1.5628741156124615,2.717563929709457,0.0018025348214377275,0.36386364510460395,0.8958102838338213,0.6182934280908056,0.5098912387020509,0.5090869634409212
2020-06-29,1.5754300467200895,2.6895505387921754,0.0018066761612074,0.367090133649201,0.8958102838338213,0.6247638589387854,0.509440608987113,0.5119920140044258
2020-06-30,1.528149373747981,2.603115194585314,0.0017772279518470408,0.36188319106309835,0.8958102838338213,0.6184284304577613,0.4998886753448347,0.5089104613648517
2020-07-01,1.5577209751636623,2.653601827750293,0.0017882804019203513,0.3649528744931277,0.8958102838338213,0.6343865973142204,0.5053737564845124,0.512834015711577
2020-07-02,1.6002237248761453,2.7110140326507803,0.001851966505503409,0.3691402656944082,0.8958102838338213,0.6394861522862423,0.5163826947157152,0.5219860823772792
2020-07-03,1.650496125389591,2.753221842497504,0.0018495638602327637,0.37001332925288194,0.8958102838338213,0.6389523401929772,0.5197681607981005,0.5211035719969317
2020-07-06,1.7453586593579389,2.8452520833143646,0.0018602078845790949,0.3697270471990473,0.8958102838338213,0.6448330331065232,0.5289734002896369,0.5261931974363785
2020-07-07,1.7417090278760081,2.831303977059056,0.0018310282352868147,0.3658079846735299,0.8958102838338213,0.6409614463372247,0.5226491511742682,0.5210948915669612
2020-07-08,1.7575258244410976,2.8467293433153023,0.001819237463546367,0.3632774218769244,0.8958102838338213,0.6378071794992766,0.5221223662151759,0.5174172827360705
2020-07-09,1.7882768292846334,2.8778647088274316,0.0018162879074524916,0.36737416199028755,0.8958102838338213,0.6347517476748223,0.5246483118328789,0.5184184256593499
2020-07-10,1.8096636854653196,2.9002724053948463,0.0018241877557362018,0.3704000507832753,0.8958102838338213,0.6381705445733801,0.5253403497347363,0.5200358791105442
2020-07-13,1.863230801482759,2.9506219901103075,0.0018150222613899313,0.3701592006614171,0.8958102838338213,0.6351672517903181,0.5302016321970241,0.5213003284095995
2020-07-14,1.8975844080472708,2.9727958636711205,0.0017653270051990505,0.3681029186863907,0.8958102838338213,0.6271013990161186,0.5267728165325668,0.5126372592989096
2020-07-15,1.881568502947774,2.9666694131115845,0.0018094953531567952,0.3711442315060328,0.8958102838338213,0.6361027962751475,0.530364857555522,0.5193154034229818
2020-07-16,1.9490729078554119,3.0201435081412265,0.0018275489884176212,0.3734583303925752,0.8958102838338213,0.6452836944647278,0.5351576624785752,0.5205595983854389
2020-07-17,1.9947885839970227,3.0598640582853514,0.0018481608773520352,0.37380680826140256,0.8958102838338213,0.6446630819390256,0.5382080876002099,0.5196799814817482
2020-07-20,2.256261492502955,3.3311733792092566,0.0018312152612095336,0.37955596404238745,0.8958102838338213,0.6534010447457228,0.5637017554465986,0.5325733134647924
2020-07-21,2.376370774702701,3.4546692393739575,0.0018393848693600819,0.3831202513864178,0.8958102838338213,0.6523560566320598,0.5764389644530307,0.5339448214001521
2020-07-22,2.4238818318170043,3.502350819958281,0.0018184989372497535,0.3781100614640707,0.8958102838338213,0.6527570209183078,0.5760030856584405,0.5296827302845721
2020-07-23,2.3451142381664094,3.4188943904034086,0.001782675537979601,0.3730701036406302,0.8958102838338213,0.6515035547903439,0.5657324015792319,0.5266850884680475
2020-07-24,2.4592607312043078,3.5157699394133055,0.0017783425862866905,0.37181331907749954,0.8958102838338213,0.6497546981758975,0.5706545863332138,0.5238147596244255
2020-07-27,2.669652494250649,3.7117363656866766,0.001787785909161892,0.3722561220944483,0.8958102838338213,0.6519019381272502,0.5862693130982164,0.5297579606776509
2020-07-28,2.7053868090834867,3.726665084418021,0.0017724131615650624,0.36895199267228324,0.8958102838338213,0.6551117155440985,0.5883056208768954,0.5276312553348463
2020-07-29,2.604744636461018,3.6404919985908433,0.0017830189900238538,0.372571956311953,0.8958102838338213,0.6649744446066347,0.5801583658311844,0.5279234964771908
2020-07-30,2.349522697438951,3.3549019800879396,0.0016866953635600618,0.36242031629267085,0.8958102838338213,0.6473906762923796,0.5442554672582178,0.5101835910938776
2020-07-31,2.616532046440593,3.6152145734128216,0.0017237926173730175,0.36337456504501436,0.8958102838338213,0.6579192873648089,0.5648392826715424,0.5114335730096484
2020-08-03,2.7717470190552307,3.7860466811807045,0.0017337070790054588,0.3688608212853032,0.8958102838338213,0.672536935262933,0.5813160159132548,0.5220931410135835
2020-08-04,2.7655167270723764,3.7641118722478213,0.001726253949705056,0.3683095664989762,0.8958102838338213,0.6646792328073066,0.581131693440898,0.5241417224866524
2020-08-05,2.75045461624068,3.7769397354842043,0.001741239430343255,0.37462454974011866,0.8958102838338213,0.6646468109262392,0.5852749230311889,0.530432140738703
2020-08-06,2.647640137741592,3.713331003741421,0.0016775309283537777,0.37344305905006603,0.8958102838338213,0.6684059745558917,0.5738985510354858,0.5262192387262901
2020-08-07,2.632156830415131,3.6910128506062905,0.0016604930629132155,0.3698281677371063,0.8958102838338213,0.6751152330122728,0.5685301054733789,0.5258112585176704
2020-08-10,2.636021761517515,3.6792261429990423,0.0016631194700506978,0.3682310992791534,0.8958102838338213,0.6641176258510995,0.5696609970061846,0.5275241966985416
2020-08-11,2.5044286237933937,3.596874940405607,0.001638870291351265,0.374634147341259,0.8958102838338213,0.6717088559456088,0.5721542633289247,0.5346363623211453
2020-08-12,2.4026062970693336,3.54621602609929,0.001637958905537897,0.3732338631996049,0.8958102838338213,0.6631029089986205,0.5682903032207278,0.5369887588431863
2020-08-13,2.521575885689741,3.6285002789077208,0.0016990965456253144,0.3762322594880493,0.8958102838338213,0.6730974759318282,0.5789423073796761,0.5377092345307487
2020-08-14,2.5983583651953372,3.6631288542179066,0.001713934570771,0.37369954978982184,0.8958102838338213,0.6710976290107274,0.5807021587604891,0.5371913022091677
2020-08-17,2.6691947115903774,3.7257510345133853,0.001742870910620633,0.374614803764308,0.8958102838338213,0.6722367654564921,0.5862105932451103,0.5388000752303913
2020-08-18,2.616487904240522,3.718762342810291,0.001691339416924916,0.38128071696536886,0.8958102838338213,0.6768023041286272,0.5807233720026185,0.5324951895950562
2020-08-19,2.6226849738543576,3.7076497553606482,0.0017077191258282412,0.37686202411823183,0.8958102838338213,0.6799702048625891,0.5755836188817798,0.5304379276920166
2020-08-20,2.571014537387994,3.661519822223378,0.0016659879624940433,0.3773438761047057,0.8958102838338213,0.6768039984970718,0.570163848192663,0.5251746936531572
2020-08-21,2.5805889364439136,3.673061330799435,0.001662063780576675,0.3767421896471654,0.8958102838338213,0.6753629260068783,0.570926457062392,0.5267863601510376
2020-08-24,2.5838142709205525,3.681534042759303,0.0016723958885580443,0.3777225591800275,0.8958102838338213,0.6784638056144374,0.5772388669281324,0.5328221524572833
2020-08-25,2.528256407116098,3.620939885544743,0.0016513302054030725,0.37572462501370724,0.8958102838338213,0.6695816384539108,0.5701665896340754,0.5269860100403622
2020-08-26,2.5250716076815083,3.636174152619019,0.001643932204602199,0.3766788851017563,0.8958102838338213,0.6791035285294007,0.5733993369441045,0.5348157578738715
2020-08-27,2.5847953657560483,3.6696607673232253,0.0016617547793858416,0.37406910056618115,0.8958102838338213,0.67977383097178,0.5755887146345489,0.5342804646923492
2020-08-28,2.5583436280271825,3.6585867721490843,0.001636818399882857,0.37344627957536397,0.8958102838338213,0.6744022947450851,0.5746612792418321,0.5294454651987077
2020-08-31,2.5223726579927983,3.610447301598206,0.0016143607860075251,0.36992058793961563,0.8958102838338213,0.6699829257425166,0.5674294868602612,0.5208865612476654
2020-09-01,2.4586696815441607,3.5260198488256407,0.0015364093189519869,0.36489106273473687,0.8958102838338213,0.6496507410925223,0.5531979155275814,0.5129005656746847
2020-09-02,2.5467520258513403,3.6074611879090575,0.0015584463478319586,0.3675806710444061,0.8958102838338213,0.6668853799905874,0.5607350161540924,0.5166128962254579
2020-09-03,2.5185109865976263,3.5684620237821485,0.0015416444107077961,0.3664471785596766,0.8958102838338213,0.6655502041508432,0.5556101887185495,0.5119109966580327
2020-09-04,2.427541645093479,3.4992814897099946,0.0015044449886537118,0.3633311867850267,0.8958102838338213,0.6476375089434631,0.545773017030732,0.5087050245222129
2020-09-07,2.268838231379214,3.3925006118825074,0.0014731737150269946,0.3653505014233786,0.8958102838338213,0.636332518588416,0.5438114088990801,0.5129700091144497
2020-09-08,2.095434214094469,3.2342194610302064,0.0013690595998095305,0.35569741020992507,0.8958102838338213,0.6176584180941157,0.5210097876328074,0.5016941305825998
2020-09-09,2.3746117609745454,3.45011753296825,0.0015504642624876868,0.3638856750311866,0.8958102838338213,0.6464894395130095,0.5475342934566095,0.5131204699006073
2020-09-10,2.3017627988609157,3.3860279075886006,0.0015491478294939248,0.3619435998608367,0.8958102838338213,0.6240443427112549,0.5432820701460412,0.510658121265605
2020-09-11,2.271144224962068,3.364357115700014,0.0015492236724289493,0.36130885083415665,0.8958102838338213,0.6194812077486412,0.5436908222864689,0.5129815830210772
2020-09-14,2.329235571520168,3.3795862398734817,0.001558270044497024,0.35927093813965383,0.8958102838338213,0.6122312554376393,0.5447997729961306,0.5088612722616843
2020-09-15,2.401513504818253,3.394463119909803,0.0015799016149104323,0.3545330659934146,0.8958102838338213,0.6097476236959791,0.5466775029984784,0.5046020746227613
2020-09-16,2.3379420932697914,3.353908557691101,0.0015682256074874095,0.3538981942042152,0.8958102838338213,0.6126494746668947,0.5408909899856019,0.5029151777318019
2020-09-17,2.30264582252862,3.3387998862920933,0.0015449527269906396,0.3568223871097593,0.8958102838338213,0.6108980612694318,0.5421521744822653,0.5051229004209992
2020-09-18,2.4914885284683006,3.4425987781373992,0.0016687604073925871,0.35102768330685463,0.8958102838338213,0.6381815313919308,0.5469292472022033,0.5010807135313419
2020-09-21,2.396165598572821,3.3464473657738583,0.001569661228472992,0.3454122157868032,0.8958102838338213,0.6084268753744682,0.5278748574783901,0.4867580040798004
2020-09-22,2.5462815636453318,3.4442209038942897,0.0015941538093577298,0.3477442499147225,0.8958102838338213,0.6226843364760617,0.5364590696096675,0.48989163929919827
2020-09-23,2.5679669100125775,3.4350896527802934,0.001582995592785257,0.34553593366646296,0.8958102838338213,0.6079039864504991,0.5305862633839105,0.48766655575005985
2020-09-24,2.482131458134195,3.380111863275466,0.0015697878705151324,0.3477367023862293,0.8958102838338213,0.5968388509315836,0.521555174603308,0.4820416371290908
2020-09-25,2.539692862810716,3.459118379694618,0.0016281073542386414,0.3507942801315966,0.8958102838338213,0.6230903834745094,0.5309166290503101,0.4844085010344163
2020-09-28,2.57434389800849,3.5492946163557755,0.001705322742683804,0.3597199555016653,0.8958102838338213,0.6339510153632286,0.5516128462525872,0.5030135559381358
2020-09-29,2.658378181903163,3.598514805738568,0.0016762179311699465,0.357264217361699,0.8958102838338213,0.6475676046770067,0.5513093722484402,0.49716005266127344
2020-09-30,2.5860721539859775,3.566882824772268,0.0016835467358496104,0.355685739056399,0.8958102838338213,0.6594586961201704,0.5493500480561604,0.49557442745330477
2020-10-01,2.578059476897567,3.52953472469842,0.0017114334879882182,0.35335740117042713,0.8958102838338213,0.6531465545784739,0.5487216737099595,0.49020702825479784
2020-10-02,2.558172161668672,3.5176324501076564,0.0017034560419132102,0.35405567595659854,0.8958102838338213,0.662205722926911,0.5463198291071228,0.49113583426165536
2020-10-05,2.691148571421276,3.6330642891254996,0.0017532772971214246,0.36055905365911134,0.8958102838338213,0.6721605015639428,0.5636970465260082,0.5011067548212537
2020-10-06,2.6437573772068763,3.577974724595654,0.0017519019067420707,0.3618529404178401,0.8958102838338213,0.6515668026283012,0.5628495740891469,0.5021484064177295
2020-10-07,2.6278248138598816,3.593882639214918,0.0017413639313353985,0.36347066469942857,0.8958102838338213,0.6518119159828488,0.5627503840948537,0.5024840497099272
2020-10-08,2.7360709933555074,3.6443264565161106,0.0017522789274355308,0.36248766817363376,0.8958102838338213,0.6455243037404927,0.5620172693466476,0.4976519436929425
2020-10-09,2.811462767394015,3.6478738271615097,0.0017583619542221442,0.35973338512361913,0.8958102838338213,0.6349299357882833,0.558087784852274,0.4915756427135007
2020-10-12,2.8127983046902667,3.6380570646190638,0.0017224310448939412,0.3550287931599494,0.8958102838338213,0.6432345127116149,0.5539980375103087,0.48703288436220366
2020-10-13,2.751625169467731,3.5788094747291144,0.0016995940663724577,0.3516329494997693,0.8958102838338213,0.6524386422319797,0.5430673492538894,0.48035184676147447
2020-10-14,2.689354223977645,3.5823280349068622,0.001708400329533629,0.3528917116451882,0.8958102838338213,0.6631778714927684,0.5417773991942004,0.48328583209154785
2020-10-15,2.7164758312653756,3.524314014208227,0.0016327355613544013,0.3402183607618254,0.8958102838338213,0.6433430740730417,0.5271184373286439,0.4709393671966534
2020-10-16,2.7720685190630006,3.6049333818979403,0.0016771676856155518,0.3449735830879015,0.8958102838338213,0.6684203593627522,0.5372440099717694,0.47897455187280097
2020-10-19,2.7438379191857,3.5990722749984796,0.0017020495601043515,0.3417062386114192,0.8958102838338213,0.6757234892091136,0.536869720444216,0.4768767812965651
2020-10-20,2.7177625013507414,3.60402204005411,0.0016946765334416168,0.3432813593118587,0.8958102838338213,0.6755646981238632,0.5372847453807003,0.479258112585175
2020-10-21,2.660667321714644,3.545679713979927,0.0016725821116118412,0.3393512435497904,0.8958102838338213,0.6582458842648924,0.5279388220773905,0.47494104541311444
2020-10-22,2.6297904388776496,3.5228927030729014,0.0016574692776024527,0.3415885566029269,0.8958102838338213,0.6601877204157949,0.5261831553281481,0.47531141042519476
2020-10-23,2.5979500307058174,3.4928017435731684,0.0016448466201723403,0.3404044630577383,0.8958102838338213,0.6483114768419583,0.5226942705084224,0.4760695013092965
2020-10-26,2.4880740798130248,3.3965232117246176,0.001595846339325656,0.33423364844764086,0.8958102838338213,0.6442494563093533,0.5110106432104564,0.4721170121960025
2020-10-27,2.492524554245633,3.3853660726242545,0.0015931326764800269,0.32892841387326544,0.8958102838338213,0.6458003120248457,0.506255326717788,0.4703462044819937
2020-10-28,2.2809854027723855,3.1689719456846794,0.0014747378348053887,0.3141616925852335,0.8958102838338213,0.6081255193884737,0.4775912398787712,0.4484136514228656
2020-10-29,2.3032588889897685,3.2015137984401005,0.0014605546585125956,0.31346378160828176,0.8958102838338213,0.6272445025553619,0.47842091956808885,0.4463940047163654
2020-10-30,2.2070072979992075,3.121707910216642,0.001416318058384223,0.30959131037732013,0.8958102838338213,0.6119660799897554,0.46807240156295654,0.43864238075259177
2020-11-02,2.3249504138738106,3.2086349569748105,0.0014681287267248025,0.31319908827737325,0.8958102838338213,0.6234256047610753,0.48089294244929376,0.4502654764832669
2020-11-03,2.402739576110005,3.2944752108341198,0.0015683625751236456,0.3217604203640614,0.8958102838338213,0.634861313551927,0.5036162886670981,0.4734537984114796
2020-11-04,2.4247028288220123,3.3272930527834292,0.0015871712080699361,0.3240513081843401,0.8958102838338213,0.6410319110198961,0.5059131497262479,0.4748021585335844
2020-11-05,2.5265503078122906,3.4255869057576387,0.001664249999807197,0.32964721470168173,0.8958102838338213,0.657532586753791,0.5217817684350632,0.48333502119471483
2020-11-06,2.51193528208395,3.4597266267577793,0.0016464805033928232,0.3297520025195904,0.8958102838338213,0.6641718795562648,0.5200963456475364,0.49116476902822415
2020-11-09,2.4416556512725354,3.370046930067169,0.00162173860210637,0.33706869408293544,0.8958102838338213,0.6630843758444842,0.5419898351014744,0.5109040667814395
2020-11-10,2.3851390101344347,3.3213919199680646,0.0016294016485911761,0.34525543369844586,0.8958102838338213,0.6533112440986829,0.5476569314577735,0.514847875464763
2020-11-12,2.5059980602247185,3.4163770834236296,0.0016285467651378804,0.34668299008134107,0.8958102838338213,0.668281105439171,0.5551431411954695,0.5125764962891145
2020-11-13,2.5165301132178812,3.421464882571997,0.0016097768933558112,0.3448394329525877,0.8958102838338213,0.6704264691942546,0.5504096862369523,0.50618769983073
2020-11-16,2.506900940276429,3.4234935027653166,0.0016334724534980052,0.3505098404618051,0.8958102838338213,0.6764453926184816,0.5605998535599556,0.520542237525497
2020-11-17,2.438064244929393,3.364668846418559,0.00161279845518971,0.3507107523560845,0.8958102838338213,0.6663579845867112,0.5586753066950465,0.5189623992708421
2020-11-18,2.480864876118774,3.3852038518621943,0.0016428125093197886,0.3534868367251516,0.8958102838338213,0.6733067435771036,0.564885835220611,0.5238436943909938
2020-11-19,2.446516401048449,3.345579265586416,0.0016580784680954124,0.34733131752643204,0.8958102838338213,0.6659985041076202,0.5544946833813302,0.5178715585711995
2020-11-20,2.475931946604595,3.380110461792052,0.0017042070786768618,0.34992556026215144,0.8958102838338213,0.6745796734439653,0.5582363603377921,0.5268586970674597
2020-11-23,2.478133436039116,3.377882567170998,0.0016879327030802746,0.3526139231243204,0.8958102838338213,0.679693718423475,0.5626946694963869,0.5300964974465051
2020-11-24,2.489109408000759,3.3690109698556046,0.0016585249711219328,0.3517079023813919,0.8958102838338213,0.6854578081273243,0.5648240860597841,0.5380188365330346
2020-11-25,2.4463815245581064,3.3280175978864963,0.0016289376719043995,0.3546703081111169,0.8958102838338213,0.6820120038229376,0.5656357480120636,0.5382300603289866
2020-11-26,2.4081873516978596,3.31730461409948,0.0016338705791626746,0.3541832963331519,0.8958102838338213,0.6777105455642098,0.5647591282935337,0.5351687620260106
2020-11-27,2.414191748069755,3.3314867960103913,0.001659955087642524,0.35484078590745116,0.8958102838338213,0.6718256069415659,0.5644216313964122,0.5360715267429563
2020-11-30,2.3749458162003263,3.29125414974904,0.0016528562040042487,0.3481923196854262,0.8958102838338213,0.6676830738571286,0.5547797539175983,0.5295178021151298
2020-12-01,2.280908014671809,3.2220973092928338,0.0016307100362320047,0.3465060649894217,0.8907489557301602,0.6458139054300678,0.5506851980676702,0.5362711766322809
2020-12-02,2.338974818022667,3.2967179376816445,0.0016696309927049947,0.3534709342964051,0.9134254267297185,0.6633991762868724,0.5598445349258234,0.5491731890452957
2020-12-03,2.353487858631653,3.308516367382382,0.001656877010142042,0.35246469467130304,0.9190931150730313,0.6669596625011125,0.5613338172632439,0.5468989163929903
2020-12-04,2.3416136259306937,3.346601907702254,0.0016861565912352674,0.3553370494133586,0.9144559441260045,0.6766083587714179,0.5720361943627061,0.5635566615066315
2020-12-07,2.332344922920094,3.3467255075759463,0.0016734761584464445,0.3589255075706033,0.9108362946379244,0.6789846055845511,0.5756803974114245,0.5666960836793431
2020-12-08,2.4055761158697764,3.4072812943927913,0.001735877765709684,0.3622020016866717,0.9394348212892454,0.687837034785512,0.5843588895602508,0.5700930252745168
2020-12-09,2.3166399224459924,3.3812028148404223,0.0017250608979235166,0.36157709839522506,0.9047031175514031,0.6758999169542779,0.592509420644348,0.5769939671011686
2020-12-10,2.2996749772524456,3.3501689777899677,0.001698498054740545,0.3597749109846167,0.8980779020153239,0.6813636534646703,0.5849001119382548,0.5740657687244091
2020-12-11,2.2813312260864658,3.313582911379154,0.0016801152601123737,0.3577142876741957,0.8909142298767867,0.6702356632959439,0.5800367106195664,0.5644738936068616
2020-12-14,2.190894835917124,3.2429186072872,0.0016072043255029864,0.35872366823236307,0.8555966635456704,0.6688304408664024,0.5717374331775809,0.5610653781050605
2020-12-15,2.2496086672643782,3.3008087541386653,0.0016585920734372129,0.360790997312873,0.8785258144027288,0.6689774730150769,0.5771128006825721,0.5658743363087901
2020-12-16,2.2764527305397215,3.3723103965443473,0.0016893947099683444,0.36520561400526114,0.8890090610642594,0.6823092688205008,0.590371419609737,0.5744303467831755
2020-12-17,2.272029872488254,3.344730791602992,0.0016799105073358757,0.363644700485306,0.8872818295558663,0.6864871269704343,0.5819075300703295,0.5716815439591423
2020-12-18,2.274116277707197,3.334129700977141,0.0016352917539553505,0.36312895858238714,0.88809662053299,0.6811200943674104,0.5793193298415688,0.5649628911618738
2020-12-21,2.2716943213975433,3.2907492240901655,0.0016018741963283742,0.36125738806456503,0.8871507888555303,0.6784796497636864,0.5679463207346185,0.5465198709509395
2020-12-22,2.2772802051272922,3.326425138175114,0.0016369642357173544,0.36424524473319,0.889332209617393,0.6785528346854495,0.5764991288116336,0.5579780385121726
2020-12-23,2.3527310308268072,3.3949598877895406,0.0016499840424512508,0.36833279002282787,0.918797555772745,0.6859481960106627,0.5856756568176215,0.5659177384586433
2020-12-28,2.334651725612008,3.4307235008270895,0.0016814452004521752,0.37491497691995407,0.9117371560824373,0.7092122622887062,0.5987836388076654,0.5799713545810953
2020-12-29,2.4084489846213946,3.4967224585998893,0.0017187997193683954,0.3774035955831896,0.9405567450248776,0.7218986422648832,0.6086543029869687,0.5833277875030727
2020-12-30,2.3747442569202906,3.4696913230011277,0.0017252671450804777,0.3772454200278268,0.9273942453493931,0.7188620048403249,0.6022799615876633,0.5740599817710954
2021-01-04,2.476912285860544,3.6106532898999277,0.0017786934456894123,0.37970421022599715,0.9672932962984662,0.746280917488883,0.6200589769308207,0.5812271234501799
2021-01-05,2.4805807569840166,3.5948446151858313,0.0017810432478972441,0.37986933146253393,0.9687259217271728,0.7457704945577437,0.6186987256735965,0.5813341820864844
2021-01-07,2.5348306073598343,3.6656905568472458,0.0018296368987053863,0.3863594600579534,0.9899117815952351,0.742573273563195,0.6355758915335846,0.6001388868795284
2021-01-08,2.51386325074102,3.6312295005369566,0.0018422123424793406,0.38744917879183716,0.9817235289815854,0.7444672270424163,0.6372469500821096,0.5997424805775362
2021-01-11,2.515602394232299,3.616427007756711,0.001830490736690599,0.38633979942580515,0.9824027059754654,0.7391079136889177,0.6379960866235536,0.5980729445465182
2021-01-12,2.50599442525466,3.597903575014583,0.001802857248784654,0.3802690615340771,0.9786505650392816,0.7349125408195564,0.6309439690106474,0.5913485047959359
2021-01-13,2.4463299868457486,3.5505101513142545,0.0017688164628661832,0.37684811857002476,0.9553501794625264,0.7224027453448354,0.620870504921302,0.5854544928458774
2021-01-14,2.438698013808844,3.586439133744334,0.001815128996840226,0.3812626481083801,0.9523697120482095,0.7324152453986676,0.627908517642199,0.5878705458543697
2021-01-15,2.4088495306872275,3.5505665074508137,0.0017964552038767338,0.3790697800684245,0.940713167812455,0.7249066086025469,0.6189553631092485,0.5745518728027645
2021-01-18,2.4042756184963374,3.6189258721976536,0.0018112550345193539,0.384214849475018,0.9389269460615428,0.7373344933996904,0.632127452087607,0.5855644449588385
2021-01-19,2.3884587774482022,3.605316184876238,0.0018003448500139277,0.3824663222856279,0.9327500925646237,0.7372853882591005,0.626900640550234,0.5729430997815408
2021-01-20,2.349527728854458,3.596767095839856,0.0017779873483184101,0.3847335042321511,0.917546589987012,0.7326787622708127,0.6258541395166536,0.5746705053456964
2021-01-21,2.3081180143678863,3.5362656299448756,0.0017482139789894357,0.37979171728517247,0.9013751092877761,0.7201766961841106,0.6130131602942864,0.5652377714442772
2021-01-22,2.3510785984091833,3.566843632074501,0.0017849857666032073,0.380440635971225,0.9181522415202871,0.726932435757076,0.6185598069232849,0.5650005063584134
2021-01-25,2.350735202604877,3.57381601267407,0.001752049538591049,0.3803505615965766,0.9180181372722769,0.725338043757822,0.6158543802324827,0.563006900941825
2021-01-26,2.3478115531977735,3.5726764165307046,0.0017861758019503996,0.37987476722227287,0.9168763824800856,0.7267473155457693,0.6179416232315089,0.57348128643972
2021-01-27,2.3126500104475713,3.4901013458462535,0.0017524397597809501,0.3785751407536305,0.9031449617979981,0.7166696304696187,0.6045005071345498,0.5582124101213797
2021-01-28,2.3468428070158107,3.5219359212732564,0.0018193719920867794,0.3782616838800202,0.9164980640014797,0.723769015095465,0.6137840342660779,0.575173970283993
2021-01-29,2.341789629663787,3.512863967894729,0.001780506184228792,0.3779158940836618,0.9145246777796412,0.7251679484848823,0.6089623817723839,0.5636521462363085
2021-02-01,2.3430494805742312,3.5447089270619427,0.0017737941494880708,0.3791030991560749,0.915016679594548,0.7304441132633074,0.6147167841321718,0.5693551887270133
2021-02-02,2.3622024221540254,3.5447871747924493,0.0017852996806957996,0.3804384068974747,0.9224963598804788,0.7314221104609138,0.6174710739758739,0.5653911257070917
2021-02-03,2.3580479587574614,3.5312333624613066,0.0017861199147738143,0.37688854142170836,0.9208739428832546,0.7281452544042056,0.614533352926538,0.5615341213234746
2021-02-04,2.3259987395296635,3.499367789384597,0.00173266528270287,0.37647397023593066,0.9083579587333039,0.7414082295581386,0.6104180717173291,0.5575787387335236
2021-02-05,2.3374062177543045,3.5477950711041117,0.0017514522227659371,0.3803701155465093,0.9128128509300748,0.7495770135881917,0.6172437564219022,0.566464605546793
2021-02-08,2.3337042080204973,3.566210788771085,0.0017367916091790409,0.38007249045010777,0.9113671278744846,0.7609645407776661,0.6202270975221769,0.5648355781889712
2021-02-09,2.351981474360153,3.5863560517680013,0.0017404510428789305,0.3826528711016807,0.9185048361033684,0.7595791973090475,0.6204944838214574,0.5617974276992503
2021-02-10,2.398198847782773,3.615426673753797,0.0017626453206090055,0.38120118383940177,0.9365538222299368,0.7631616568272145,0.6209624022215308,0.5548357228628041
2021-02-11,2.4411402544298864,3.6684770717115947,0.0017850585681031578,0.3877473723414819,0.953323465232837,0.7783414579361597,0.6304128243804706,0.5656515386062105
2021-02-12,2.453388388941315,3.671826733493209,0.0017910708577243328,0.38772576270662845,0.9581066537505324,0.7813979067164358,0.6298103395989966,0.560486682773685
2021-02-15,2.524242100073232,3.7443454576516837,0.0018434685112252945,0.3920396667694283,0.9857767170737315,0.78693966743287,0.6439366922931706,0.5714095571533958
2021-02-16,2.5427193890503927,3.7570062070377332,0.0018982481730986749,0.39942916134053663,0.9929925389110266,0.7898932785395223,0.655540802547177,0.5800089697776345
2021-02-17,2.510024646648297,3.7156256778905785,0.0019033110650525811,0.39459089183623175,0.9802244625724795,0.7777056601674781,0.65117129400368,0.5748759421883346
2021-02-18,2.465473222504587,3.6622632716105312,0.0018835753639939493,0.3885876334191954,0.9628260693549383,0.7800341058685614,0.6426882323910621,0.5731311757642378
2021-02-19,2.4653215902724614,3.6732129645472504,0.0018633234663869372,0.3872380638207749,0.9627668533534371,0.7744928044334601,0.6424064851691558,0.57444481416646
2021-02-22,2.4524773139768676,3.672586292720572,0.00182237700767093,0.3861590963368755,0.9577508572572263,0.7733107593753868,0.6372512524470972,0.5675901679663182
2021-02-23,2.394414330213849,3.581111020104104,0.0017808442256672522,0.379290400325022,0.9350758778977768,0.7485895332078063,0.6239531997679612,0.5562969285745271
2021-02-24,2.437919460974678,3.630129160273473,0.0018045901916788271,0.38264904136476396,0.9520656686060569,0.7631431888829329,0.6331378483692055,0.560726841336206
2021-02-25,2.4351307278515244,3.6479458880960487,0.0018042000436531399,0.38807508370765165,0.9509766018391025,0.7594336193760284,0.637156153782394,0.5603130741742726
2021-02-26,2.410631313824659,3.618159177978904,0.001841391708669253,0.38579284534122504,0.9414089966046709,0.7487844771869987,0.6313586032201589,0.5518670158128485
2021-03-01,2.4570061738677373,3.6359499060861147,0.0018507901363161387,0.38916271106639994,0.9595194850109507,0.768821673518037,0.64334398994409,0.5641035285947815
2021-03-02,2.482454886368984,3.6766296916136256,0.0018724199145864922,0.3931491367669295,0.9694578139305517,0.7848691344270413,0.649088776024729,0.5669825378683742
2021-03-03,2.4500974894228227,3.6218280741491147,0.0018433513696698455,0.3911731091752417,0.9568214790347376,0.7744135883280522,0.6416942904581088,0.5622719578709783
2021-03-04,2.45696501207699,3.6338549031356417,0.0018536721213103051,0.3900878676617606,0.959503410350382,0.7802497898503726,0.6444308691712969,0.5627407010893923
2021-03-05,2.463617409587748,3.610737058955259,0.0018285330887981132,0.3846810691482073,0.9621013301690214,0.7644190307733129,0.6402461565261541,0.5612158388912182
2021-03-08,2.4648823955695525,3.638063779997853,0.0018314621249567666,0.38606125223485954,0.9625953373517125,0.7713242434493774,0.6460797645090995,0.5686404999927648
2021-03-09,2.495018106980493,3.667504056167112,0.0018348213857806914,0.392615136092428,0.974364051081864,0.7765937918573507,0.6514847830802951,0.5770113279611101
2021-03-10,2.576635835884608,3.6625064894329324,0.0018248748594594621,0.39721153090902206,1.0062377199552968,0.7650504388357131,0.6571047154874808,0.5797225155886039
2021-03-11,2.5598423091888898,3.6698943111504114,0.0018283890326867207,0.38937864164783403,0.9996794474291729,0.7790235392144573,0.6524854219705133,0.5770691974942477
2021-03-12,2.582218808632902,3.671384575636307,0.0018290287821290344,0.3917939151406255,1.0084180039095045,0.7735479013851885,0.6561035853993608,0.5804632456127644
2021-03-15,2.6551965024463224,3.678663919493429,0.0018053821981059434,0.39480317800731196,1.03691753310479,0.7848084422425918,0.6616029299230801,0.5790541224808653
2021-03-16,2.75642076666078,3.664363788886154,0.001792326217151601,0.3949907788947891,1.076448021429439,0.7802222155249898,0.6621489477235319,0.573316358270278
2021-03-17,2.752805477139175,3.5970040299519086,0.0017785098082245062,0.3913704503022721,1.0750361646840911,0.7687728727009449,0.651693839659575,0.5610480172451193
2021-03-18,2.712078624774517,3.6222363604130607,0.0017613747602373514,0.39289302124937453,1.059131357922642,0.7800899005017754,0.6536378394970327,0.5673384354971701
2021-03-19,2.6150283643876997,3.580952676387045,0.0017472832542591206,0.3938765889428408,1.0212309175993894,0.7765048576345956,0.6452284883521076,0.5577349864729951
2021-03-22,2.7495613426009213,3.637858025234572,0.0017628831664858941,0.39689298426635033,1.0737692528079394,0.7897536242749751,0.6552173218951003,0.5581863688314679
2021-03-23,2.6840052442729743,3.6134405696925436,0.0017417783684186526,0.39699001322743577,1.0481680335778143,0.7885231846557973,0.6525289535009492,0.5565747023335874
2021-03-24,2.6294726229420213,3.59884865798869,0.00169500142472114,0.3946848537220421,1.026871744910617,0.7828701145367156,0.6457909554988814,0.5497460974233576
2021-03-25,2.652552055944309,3.5586212824686307,0.0016949593324563001,0.39368254041329215,1.0358848137031305,0.7716236379414607,0.6413823046042223,0.5430621663459715
2021-03-26,2.6892964588883026,3.6421315752329826,0.0017343744470932451,0.39694223982467697,1.0502343790256934,0.7952479690187834,0.6539075194365273,0.5551742596316589
2021-03-29,2.683653872730923,3.698730654578923,0.0017309120084617045,0.40088308286134156,1.0480308146140762,0.8277769137256268,0.6630913082235528,0.565101778041404
2021-03-30,2.671397437925669,3.6888678324285737,0.001736102448900671,0.4004391003692779,1.043244384633766,0.8212499013416752,0.6606337545802913,0.5620057580185456
2021-03-31,2.616867038361289,3.686434404325668,0.001707894911972802,0.39991408772678616,1.0219489636193815,0.8317047894842524,0.6550606920364759,0.5609988281419523
2021-04-01,2.7035913695364937,3.7351436553518282,0.0017286582351244042,0.40192891179966667,1.0558168824191783,0.8323789558681891,0.6620198759165948,0.5654952908667393
2021-04-06,2.760629625771444,3.829611701605554,0.0017368353474445227,0.4058756393078867,1.078091681249793,0.8311959812728604,0.6790091699936236,0.5824192358328132
2021-04-07,2.7367802235745615,3.80242081496519,0.0017038599608742312,0.4058113651657144,1.0687779211310104,0.8351738676023261,0.6748731991087956,0.578327859839989
2021-04-08,2.746762016948031,3.785317904983651,0.0016945836724684472,0.4047785561867408,1.072676049405601,0.8422947549140251,0.671978384765635,0.5730009693146784
2021-04-09,2.728625179334654,3.795656609060127,0.0017021968586734416,0.4085405804915609,1.0655931819420976,0.8376821325625442,0.6743362788526638,0.5714934679764454
2021-04-12,2.7458621516547064,3.828160228402475,0.0016790418517874767,0.4100178113214053,1.072324630556103,0.8294518937700311,0.680724835848259,0.5736548950391326
2021-04-13,2.7085316089948233,3.8094628734997285,0.001670062311460007,0.4071705286357009,1.0577461637011318,0.8295002839120932,0.6775813944260356,0.5713835158634841
2021-04-14,2.730364053890639,3.8262120288252053,0.0016715372183054547,0.4062524941576605,1.066272253910334,0.8420538348167129,0.68084738608908,0.5821559294570374
2021-04-15,2.7122344224515587,3.8137489952299313,0.0016447712896826595,0.40548315432264603,1.0591922006296859,0.8351442320574712,0.6774282977507182,0.5842768478465282
2021-04-16,2.7283089470355866,3.836152706399363,0.0016538614905409926,0.4058129679295379,1.065469685690451,0.8400165774750156,0.6784934199458063,0.5822456272334005
2021-04-19,2.6168951151628983,3.776821576233082,0.0016001934325333175,0.40300612929018553,1.0219599282797507,0.8220397792263111,0.6700131866913924,0.5784030902330677
2021-04-20,2.535409233541655,3.7323427714113704,0.0015514423973936322,0.39953167459693933,0.9901377489134697,0.8121367297254504,0.6605230228110376,0.5751537159473947
2021-04-21,2.4597174166269737,3.68102597474576,0.0014827294875183153,0.3971893780038097,0.9605782899434543,0.8016406434937193,0.6501868393381048,0.5736028124593087
2021-04-22,2.46690715674274,3.7208241063974015,0.001508853478901835,0.4013211571267554,0.963386054859398,0.8031069737010864,0.6550549889284811,0.5757237308487995
2021-04-23,2.459060363724833,3.709086769412069,0.001511131406595575,0.40125808088593884,0.9603216951212711,0.8011043010812212,0.6533180370172728,0.5748267530851676
2021-04-26,2.543695766794348,3.7428533962242785,0.001525680717467435,0.40041871439125576,0.993373837696525,0.831726959696341,0.659432936400021,0.5801710044704196
2021-04-27,2.515182792499134,3.744146282003582,0.0015004872727598522,0.40230491253716805,0.9822388414955155,0.8386892699978891,0.6583111216922194,0.5783828358964695
2021-04-28,2.486895246194513,3.796612245634498,0.0014717663711024417,0.4051490545683827,0.9711918802989522,0.8329624533590881,0.6662717905744787,0.5872715961863959
2021-04-29,2.5224343635354702,3.82918119952456,0.0014713168640458347,0.406374137715817,0.985070752859968,0.8494420519382795,0.6719136376858929,0.5933623645491221
2021-04-30,2.523411046297728,3.824782462176329,0.0014935803898948766,0.40482385306733537,0.9854521707623844,0.846653601199703,0.672131708978593,0.5895719101286131
2021-05-04,2.506401938291011,3.7782996936690907,0.0014602462869901698,0.3987579508945848,0.9788097085949372,0.8390884011655302,0.6623435168031152,0.5798642959447905
2021-05-05,2.486936763478217,3.8408667169710644,0.0014334532730371904,0.39871479834790235,0.9712080937879956,0.8632125732839722,0.6685185178113557,0.5923988368223819
2021-05-06,2.472938683579067,3.844486238163555,0.0014027093571973008,0.3996486527586466,0.9657415098783463,0.8710813980283163,0.6672841257403959,0.5921991869330575
2021-05-07,2.5456748802751648,3.8926911081267086,0.0014472745183526678,0.40354110511381125,0.9941467286921154,0.8840860272233418,0.6786459670467437,0.6068517527234829
2021-05-10,2.6218312208058756,3.950819140147126,0.001441481378926641,0.4067631108278016,1.0238875952082611,0.909283214442329,0.6865542769598693,0.6121728562954798
2021-05-11,2.5737297964275534,3.94211378297826,0.0014330257156499962,0.4090955287455783,1.0051028422684154,0.8967031324551382,0.6830451718690463,0.61066246148059
2021-05-12,2.5611317887621254,3.9232485065354012,0.0014184872022272844,0.4057360986603131,1.000183019943237,0.8978771586163583,0.678910634727165,0.6051388145426116
2021-05-13,2.60427876148226,3.916227179982064,0.0014155025762658553,0.4017787427805068,1.017032941398271,0.8918200378376009,0.6763377186293418,0.6045398648746382
2021-05-14,2.6239844798339798,3.9332933231314082,0.0014472751024137095,0.4044129148211154,1.024728494191632,0.8930808502458789,0.6814428560352084,0.6055467947512314
2021-05-17,2.595087663271703,3.9515073283253757,0.0014372363640313892,0.4083536207386723,1.0134435984346772,0.8964396892401875,0.6843438233750365,0.6158736129396255
2021-05-18,2.6052583712598993,3.9602054001008704,0.0014475600669698495,0.4062112531614218,1.017415502369973,0.8996259021357302,0.6862465362915035,0.6182028616484117
2021-05-19,2.5674294039434407,3.9352462658159264,0.0014451342581588,0.40562988454004384,1.00264238880435,0.8901271013180173,0.6820292286230784,0.6120137150793517
2021-05-20,2.563846563494334,3.9601062060947956,0.001447594596926174,0.4090338023559294,1.001243204195387,0.8792196165739434,0.688169515281705,0.6166519581603255
2021-05-21,2.5940750855347656,3.998020503441901,0.001468017102863995,0.4071437315404251,1.0130481626889256,0.8760025917468577,0.6938586298169386,0.6189320177659446
2021-05-24,2.5936317366673984,4.002468799376158,0.0015031783076921172,0.4087097740609167,1.0128750243869462,0.8905353790439263,0.6944933468829831,0.6175200011573886
2021-05-25,2.577976134612957,3.9936370993080654,0.0014945972838368822,0.412642757900863,1.006761138560942,0.9005857473640282,0.6918449628572079,0.6231912154048678
2021-05-26,2.5587394419451117,4.018685589644797,0.0015159368370569989,0.4145179785188349,0.9992487514785325,0.9054549979400163,0.6954231473404882,0.6264058679706581
2021-05-27,2.6211771393201007,4.067267777828664,0.001517079609696432,0.4170465170505226,1.0236321607950059,0.9007047095583067,0.7050945402714911,0.6387262915756405
2021-05-28,2.6121068090975808,4.110225542330128,0.001514756807533697,0.41747961172080184,1.0200899806098045,0.9116481046809595,0.711943583137922,0.6470710782540741
2021-05-31,2.6010051626469246,4.110661871639639,0.0014838607628912222,0.41932801377805784,1.0157545230116907,0.8947756901018092,0.7106166117052987,0.6462175026402954
2021-06-01,2.6316007402228334,4.117078109536056,0.001480236766230393,0.4165509245733085,1.027702825442301,0.9121403346051109,0.711098457989894,0.6462203961169523
2021-06-02,2.7160713936379812,4.171866646003178,0.0015019668458593782,0.4177897444149201,1.0606906293499538,0.9299751943433716,0.720696413383908,0.6516861735217931
2021-06-04,2.7091431159731907,4.183506718932661,0.0014944645741438885,0.4160638104677601,1.057984971754284,0.9301901723484228,0.7239562543895484,0.6523603535828455
2021-06-07,2.7070304818902624,4.188155889045577,0.0014803451998053674,0.4192443197961575,1.0571599377804877,0.9361057847549878,0.7258717330096,0.6500571461639714
2021-06-08,2.7057167075581248,4.169564415827708,0.0014834917677138848,0.41640570595125875,1.0566468775838953,0.938160407528165,0.7218225528543579,0.6474472302194683
2021-06-09,2.655538637054074,4.141595129848282,0.001473926356610938,0.41206558065453247,1.0370511448254796,0.9201875764281977,0.7174793323581519,0.6419033289448918
2021-06-10,2.666095155919207,4.160795830717565,0.001469021453258487,0.41866747665300874,1.0411737171058073,0.9261704335252314,0.7200522225945759,0.647238899900173
2021-06-11,2.651290941827463,4.132163023798313,0.0014764927282300492,0.41563991650978993,1.0353923185760099,0.9197700992875114,0.7175897843333017,0.6437030714254693
2021-06-14,2.666946032973513,4.174023365098608,0.0014702257014905975,0.4203944001875643,1.041506004880107,0.9262171969133852,0.7235793652032397,0.6519581603275395
2021-06-15,2.6118856121305765,4.109906292926488,0.0014598312819691026,0.4195237904926699,1.0200035979209356,0.8994115925553083,0.7152894862553646,0.6453523531198891
2021-06-16,2.579576893815449,4.092422760406567,0.0014397194678757359,0.4163450461321147,1.0073862731910206,0.8923509778405584,0.71211039818975,0.6438766800248819
2021-06-17,2.5507703315284265,4.067422540687403,0.001429750024441423,0.417488342547292,0.996136623880181,0.8862937727122041,0.7076579218334242,0.6399155104816172
2021-06-18,2.541854158390791,4.0716110693051215,0.001445311718730587,0.41850840776689824,0.9926546457116748,0.8931504078639622,0.7076693771373171,0.6425485742393753
2021-06-21,2.5656134370921486,4.07612122355902,0.001429593111626931,0.41886812023284503,1.0019332104569443,0.8936661858069004,0.7076244148680781,0.6421926766105794
2021-06-22,2.5862499995464225,4.111396778446071,0.0014499690285812998,0.4196357014937601,1.0099922800633307,0.8992577696709984,0.7130081063808511,0.6425051720895222
2021-06-23,2.600974899635071,4.1440413140761425,0.0014648869045942878,0.4207880377540819,1.0157427045841028,0.9099259725081617,0.7177373912879725,0.6463158808466292
2021-06-24,2.604027460734977,4.187731335008807,0.0014899276661273354,0.4250447571538797,1.0169348024655402,0.9150993947511799,0.7253853954177533,0.6577190723513818
2021-06-25,2.6008357658397134,4.1886357029058,0.0014759739359446133,0.4289055349611201,1.0156883695201175,0.9176836928851198,0.7263369858298553,0.6604244730255618
2021-06-28,2.588796957692703,4.171683542881711,0.0014692781629649856,0.43077515266852523,1.0109869279379902,0.9146327877516998,0.7267508275376162,0.6613937877056156
2021-06-29,2.573721406292564,4.11165504099117,0.0014589392819015345,0.42649821691742656,1.0050995657206838,0.903708774712436,0.7182632860431142,0.6534164725626055
2021-06-30,2.5521661411280268,4.033543622356781,0.0014246148591402607,0.42183917461047493,0.9966817208044078,0.89857127767337,0.706739709085386,0.6418917550382642
2021-07-01,2.5426267457620924,4.052721144989098,0.0014313192396931654,0.42308155592514196,0.992956359498364,0.902034947342695,0.7108909644401767,0.6512000694434378
2021-07-02,2.5808805152432366,4.077202242215378,0.001447000152680208,0.4257674726129581,1.0078953684364225,0.9090491682596514,0.7145150565686578,0.6516630257085381
2021-07-05,2.6076557235865834,4.085032070744849,0.0014431571509138474,0.42720348261898666,1.0183517256055323,0.9091255387248415,0.7173151533905031,0.6535842942087045
2021-07-06,2.5891206765642014,4.048078802295519,0.001421085455632845,0.4222183240867961,1.011113347874648,0.9005615491048037,0.71112042535093,0.6447996990784256
2021-07-07,2.6172652062682173,4.107323773949497,0.0014308299977853476,0.4284629725658514,1.0221044576792122,0.9128320472222713,0.719510909151637,0.6613880007523018
2021-07-08,2.5955257445733135,4.057163344676829,0.0014059098001419355,0.422621200178053,1.013614679626651,0.8984477581460888,0.7106719397134277,0.6465762937457481
2021-07-09,2.6443019348683046,4.092312074877327,0.001421533048777367,0.42485196997607455,1.0326629447431248,0.9172695916963826,0.7156258621771531,0.6515472866422629
2021-07-12,2.6403667596400173,4.073100031958571,0.0013735392515917457,0.4241489953992264,1.0311261650033612,0.9284650733418173,0.7142579016163664,0.6526178730053074
2021-07-13,2.6391747189391364,4.081404691472317,0.0013810432453600092,0.4260224912829133,1.0306606446918591,0.9328123798719562,0.7160790572074466,0.6551583455100455
2021-07-14,2.668288827237784,4.10439899050585,0.0014039925703189604,0.42826101627985286,1.0420303980520211,0.9350689190338041,0.7191269969234014,0.6564054339491594
2021-07-15,2.649615794275181,4.068528548653125,0.0013887703104619076,0.42565416982861043,1.0347381335219468,0.9304943230361407,0.7129710870704561,0.6540675048104027
2021-07-16,2.6326977520580064,4.05122180401125,0.0013794867174776345,0.42699975847186883,1.0281312347162905,0.9314162061567974,0.710398406519532,0.653375963889409
2021-07-19,2.5409410229218903,3.938223457199607,0.0013284488971594983,0.4197837121124118,0.9922980445422577,0.9086049090097488,0.6914928355378458,0.6382604418338833
2021-07-20,2.5603346568839407,3.971252933892474,0.0013714242887740537,0.4207888234066377,0.9998717209414767,0.91744439407277,0.695440431633906,0.6427221828387878
2021-07-21,2.619060459831701,4.042054976390538,0.0013816840164001078,0.42606005001006236,1.0228055469939312,0.9282290235911245,0.7055368839987453,0.6487087860418663
2021-07-22,2.628234568028916,4.049359582043819,0.001379704743126466,0.42630722889877776,1.0263882549522794,0.9237299858833383,0.7065251101255444,0.6452047858103883
2021-07-23,2.6281073247872375,4.058894735324468,0.0013838279915712782,0.4263943571499264,1.0263385634329725,0.9238987169859586,0.7079670851214588,0.6488360990147689
2021-07-26,2.631741303745329,4.041055810770762,0.0013678066974988734,0.4259282932928435,1.0277577188488174,0.9203336898332751,0.7054200126975918,0.6483268471231586
2021-07-27,2.6105462520590406,3.9952000679835655,0.0013619635005407348,0.4249899206144164,1.019480545883153,0.9106134795457054,0.6976122697694312,0.643679923612214
2021-07-28,2.6171734877902515,4.043719680829476,0.0013731118214054727,0.42868190476183315,1.022068639427032,0.9265351911293803,0.7034668757217754,0.6498054136948227
2021-07-29,2.624389708899181,4.070289556521925,0.001364116813119732,0.43056112445390965,1.024886745802103,0.937457243279809,0.7058965692431679,0.6555721126719786
2021-07-30,2.6293671481212253,4.079232151795377,0.0013725737517973294,0.432779533435625,1.0268305544786156,0.9289764630604297,0.7069787226547688,0.652030497243961
2021-08-02,2.67895554828004,4.104332584128865,0.0013892774288144414,0.4321345789320091,1.0461960069096945,0.9353692403001401,0.7110211554940339,0.6519813081407942
2021-08-03,2.6434223854149543,4.077138969845795,0.0013830938588679737,0.4312855022803254,1.0323194597134593,0.9224631859067263,0.7068788374549689,0.6532689052531044
2021-08-04,2.6498400159470665,4.098421390789827,0.0013926132496641622,0.43391567292512984,1.03482569743018,0.9307248991848859,0.7122757633963497,0.6574239377323798
2021-08-05,2.6881365930792707,4.133830298389978,0.001398772628000349,0.43665796239382093,1.049781423776496,0.9378358432292188,0.7173776970038113,0.6570130640471032
2021-08-06,2.717036280628553,4.1596109376876935,0.0013947642462532666,0.4402342027023687,1.0610674407223197,0.9431995706761551,0.719429134579726,0.6579447635306175
2021-08-09,2.716966475344484,4.1679985712072956,0.001404145138575834,0.44300159777973397,1.0610401800947586,0.9462083497926802,0.7221414838293025,0.6581154786533733
2021-08-10,2.6943423140483387,4.17840852548211,0.0014158160578793128,0.4458345042874129,1.0522049057570024,0.9517887699731727,0.7233109615683123,0.6589111847340144
2021-08-11,2.706984313664324,4.197273675313662,0.0014147057392652732,0.44727732168545803,1.0571419079876252,0.9520786841082446,0.7272801035767119,0.6607803706543571
2021-08-12,2.731237896447977,4.231028612984758,0.0014111260467640561,0.45130598193583027,1.0666135102610568,0.949280706703678,0.7323346144477938,0.6648399184039556
2021-08-13,2.735462727112957,4.233254563091593,0.0013977026768000444,0.44977411498077324,1.068263407354127,0.9543394049214194,0.7307658755019185,0.6660870068430698
2021-08-16,2.7405418488962505,4.239840900362162,0.0013703748895854187,0.4490743615357196,1.070246925494882,0.9475050248951201,0.7298740349886339,0.6603203078659137
2021-08-17,2.708497855136891,4.23686821402201,0.001376782835404077,0.45061440072158326,1.0577329820149297,0.9434072769589813,0.729807164079408,0.6655112049883511
2021-08-18,2.678754948159909,4.221419401430041,0.0013715632264436656,0.45120654372644675,1.046117667780551,0.9432196174316895,0.7258151203122655,0.6611507356664373
2021-08-19,2.6158287910613587,4.156806145357031,0.0013556356452095477,0.44671544904706967,1.0215435032973286,0.9267050846410864,0.7168567116747846,0.6539315114075291
2021-08-20,2.6429938916324685,4.175607009215953,0.0013623019010558747,0.4484352914045517,1.032152122676266,0.9283383780564355,0.7195152962437111,0.6526410208185619
2021-08-23,2.670335931363717,4.229296455370605,0.0013561892636601285,0.4507598490245718,1.0428298410154015,0.9427871092576653,0.7275518309912349,0.661888572213941
2021-08-24,2.644398291433844,4.228694509331666,0.0013534033618208216,0.45519678434467903,1.0327005742790736,0.9380393357405371,0.7278256611086841,0.6657600439808427
2021-08-25,2.6645992202181232,4.260124548861175,0.0013705187141591793,0.4570577241318605,1.040589518551982,0.9615544946387592,0.7330904087663871,0.6727882987803969
2021-08-26,2.643477219442886,4.244912970696367,0.001354809962818502,0.45429517924358154,1.03234087370859,0.9559372452723925,0.732296915330373,0.6682310730458155
2021-08-27,2.6483037603437243,4.260564850068601,0.0013638610550649824,0.4569888664786556,1.0342257529933117,0.9640688278154715,0.734327357504954,0.6723774250951203
2021-08-30,2.6992267720511838,4.310002665222516,0.001384272212719082,0.4639072599231587,1.0541124030507805,0.9747185162343993,0.7397165266978224,0.6800335643292171
2021-08-31,2.710651293099953,4.3235659464311285,0.0013695741858529716,0.4623325326036046,1.058573950876668,0.9965141209942,0.7408532208143674,0.6851839527784583
2021-09-01,2.7113362482623526,4.326526111458331,0.001373081005515417,0.46122986848494685,1.058841442196662,0.9941229971396554,0.7415565574187817,0.6860896109720608
2021-09-02,2.757010055133063,4.353189038465954,0.001378119080296452,0.46072862292404676,1.0766781526262847,1.0054483761740534,0.7475036086008471,0.6921022554650514
2021-09-03,2.752088167783162,4.340666919110758,0.0013798734479036584,0.4599029007873288,1.07475603828018,1.0022289543099927,0.7447924080361153,0.6888847094226042
2021-09-06,2.7979861984473593,4.391668670631168,0.0013704000037251928,0.4634307312293211,1.092680313446571,1.013335456912634,0.7528794537908289,0.6991739124144589
2021-09-07,2.793336095582636,4.381220087555299,0.0013687460088943704,0.4629973809075972,1.0908643374211697,1.0148377513602806,0.7501869725885125,0.6929268963122612
2021-09-08,2.762126700704222,4.354730321506783,0.0013605965126908164,0.4569531204359616,1.0786763247007543,1.0015006209156971,0.7441288512386625,0.6842001707151201
2021-09-09,2.7839864687640574,4.362378426115523,0.0013539743521004568,0.4565965457914064,1.0872130852568802,0.992961538620717,0.7442963200273993,0.6818159459498533
2021-09-10,2.7962632496802535,4.358388187412811,0.001355619222640849,0.45548112217390646,1.092007460878557,0.9932951811933254,0.7433088566469416,0.6830630343889672
2021-09-13,2.801816299650005,4.413859866853598,0.0013498561884170933,0.46069530283513704,1.0941760592743959,1.0012945698616136,0.7504453647220828,0.6908869952691626
2021-09-14,2.7755393694237704,4.40744445017583,0.0013204180713290682,0.45879375625101265,1.0839142915887838,1.0054846007953235,0.7479651178823119,0.687492947150646
2021-09-15,2.8177588651748353,4.431368341001877,0.0013510632683294316,0.4568843923147138,1.1004020111766892,0.9974810051778067,0.752904945786846,0.6814803026576555
2021-09-16,2.817716465315136,4.42010803569807,0.001364224293942552,0.45518169231443617,1.1003854530206798,1.0041614302681312,0.7515276546403288,0.6820734653723153
2021-09-17,2.8340128033222367,4.409365534434381,0.0013820509925684928,0.4491584111829622,1.1067495615111045,0.9884025065776347,0.7495522602058184,0.6750509975260747
2021-09-20,2.709037070224671,4.259210814445979,0.0013259444230883067,0.44137960483984373,1.0579435583613959,0.9553687987148904,0.7246043496783868,0.6575483572286253
2021-09-21,2.703040046769471,4.268379045668616,0.0013279059785866773,0.4453443978752208,1.0556015777353263,0.960488073844458,0.7264161816443307,0.6591658106798195
2021-09-22,2.7883862531992882,4.361590996482607,0.0013538693855766053,0.45071420369503085,1.0889313059680665,0.9869278396274137,0.7403188517268341,0.6753663864816741
2021-09-23,2.7819329831948423,4.338850949953796,0.001358838928036011,0.449296511877275,1.0864111501877678,0.9925042432174348,0.7372984602352751,0.6714341517049782
2021-09-24,2.7768284689433247,4.324219610564926,0.0013306339746458626,0.44952961821083454,1.084417715682824,0.9931249798733631,0.7334224717334852,0.6652623659958593
2021-09-27,2.7519721075966994,4.301202778024659,0.0013069664059498771,0.44856162938450606,1.0747107140105345,0.996475054146882,0.7284341798573025,0.6633208431590948
2021-09-28,2.6999122331709815,4.2585594704863725,0.0012831832832469474,0.4507821215537764,1.0543800919592003,0.9792871360188974,0.7219052132567881,0.6584626958521982
2021-09-29,2.704804556668184,4.290878119421042,0.0012846641067243987,0.4540027543401397,1.056290660916035,0.9928229871303825,0.725469797495654,0.6628868216605632
2021-09-30,2.748311267734573,4.3275897881108625,0.0012893971543769677,0.4565518131514717,1.07328106877131,0.9904357120626444,0.7317771488252891,0.6684770185616496
2021-10-01,2.7486398306407267,4.341828321679573,0.0012886960790489893,0.4572685848251707,1.0734093804189808,1.0164138143492787,0.7332752194874949,0.6735666440010964
2021-10-04,2.7677429878060034,4.3827746276236,0.001287318944410288,0.45952801790274106,1.0808696187042006,1.035578982200678,0.7391652482584793,0.676520883667768
2021-10-05,2.8119034965929695,4.428617365677898,0.0012920264237926242,0.4614640749650573,1.0981153501556562,1.0518906663615448,0.7437150194437528,0.6842262120050315
2021-10-06,2.8648332003367627,4.437077281899993,0.0012674660373050432,0.4607812219089973,1.118785661292107,1.0917070497219539,0.7416683573120584,0.6798107666266372
2021-10-07,2.8855960974246906,4.485814476199728,0.001294043744965584,0.46084847231363485,1.1268940675847061,1.096665938086273,0.7497013977137453,0.6827273910967693
2021-10-08,2.89381663075764,4.5683784070912274,0.0013218227737917785,0.4641228607101649,1.1301043818256877,1.1090784228770827,0.7625604329249763,0.6976519436929411
2021-10-11,2.921523056515477,4.6267419018404725,0.0013218392733498371,0.467517971058936,1.1409244015950335,1.1194321830117213,0.7730072627541714,0.7110313797543407
2021-10-12,2.9519675083266415,4.662467133632208,0.0012996201975608332,0.4679202981977848,1.152813685811729,1.1416122885253048,0.7718739531407923,0.7153629143096856
2021-10-13,2.923607548300443,4.640967259694746,0.0012951542483971015,0.4682260414955728,1.1417384453305734,1.1197391540557609,0.7698939598417914,0.7094486480230289
2021-10-14,2.9824013466523924,4.679220026765716,0.0013029849419237045,0.47253922593787673,1.164698825209349,1.1416349158138208,0.7745351879600679,0.7116505837589123
2021-10-15,3.0216379922891408,4.719751453926446,0.0013004465522550126,0.47134398422163165,1.180021670717574,1.146668704159652,0.7766191959260447,0.7100533846443162
2021-10-18,3.0306621873896686,4.744559805998603,0.001299880089411952,0.4698685520700841,1.1835458340377931,1.164307552731185,0.775248687134143,0.7117402815352756
2021-10-19,2.986494257900614,4.688445823453322,0.0012824209181930024,0.47000290719907645,1.1662972046252653,1.154560037414759,0.7660067730830862,0.7081899856772874
2021-10-20,2.983631001527147,4.657493247348677,0.0012705676189330064,0.46654551703898917,1.1651790347524569,1.1571632088696564,0.7627927558078108,0.706908175518291
2021-10-21,2.9488817649939856,4.632573964384005,0.0012549308893204487,0.4681837335678771,1.1516086294773509,1.1578852139207785,0.7577157297285689,0.7023480563070527
2021-10-22,2.9509723397863934,4.6178263045882595,0.0012562198287915875,0.4629718353257462,1.1524250487723136,1.1667787035964037,0.7572293607502645,0.6993793492570969
2021-10-25,2.9755599603897265,4.654412181169415,0.001248265348632743,0.46730127567475993,1.162027100777668,1.167935101399347,0.7615212166960096,0.7023017606805426
2021-10-26,3.0245561499214717,4.677157687277796,0.0012403156360176557,0.46868421413014183,1.1811612808407945,1.1889415314231166,0.7621841341037696,0.7017520001157359
2021-10-27,3.0012143329701826,4.653207912919991,0.0012450277021137668,0.4633371182348923,1.1720457448610602,1.1915465617002212,0.7577318678407392,0.6958290533991086
2021-10-28,3.065536981636635,4.664622080121763,0.0012462627330168982,0.46052916556675805,1.1971652725933895,1.2044695383278763,0.7575366953512254,0.692313479261003
2021-10-29,3.0753872959358297,4.676738869150396,0.001239478297588309,0.4585733766755104,1.2010120551550634,1.2394843915241855,0.7565818505010174,0.6958956033622168
2021-11-02,3.0710615713304756,4.68416081652435,0.0012172998524494698,0.4585740037618975,1.199322756573003,1.2508891099963249,0.757779345483062,0.6966131855731224
2021-11-03,2.999461636672988,4.622908550120734,0.0012272285897856898,0.4545088018784656,1.1713612751733764,1.2284676523140994,0.7520203650888332,0.6886792725799654
2021-11-04,3.1465090566434815,4.75622487652868,0.0012701596421039012,0.4624309032813207,1.2287867982277896,1.277613941463334,0.772707324508532,0.705661087079177
2021-11-05,3.1606330448284785,4.757505278733425,0.0012831231328663943,0.4593494958990447,1.2343025523246691,1.2891872419407255,0.7744005153404546,0.7057652522388245
2021-11-08,3.15344016671859,4.734304665821684,0.0012618334402447159,0.459525817401831,1.231493561947212,1.2690617120284564,0.7700804159436311,0.7013555938137439
2021-11-09,3.071887855713183,4.687371639439359,0.0012474515406937455,0.4593365955631478,1.1996454403227634,1.2528324224957423,0.7612357618189344,0.6930021267053399
2021-11-10,2.999234559362871,4.620101384291312,0.0012245053653501938,0.4556503889779014,1.1712725960703372,1.2332519181882702,0.7543408260270346,0.6847672921398678
2021-11-12,3.036961026328313,4.625030854538694,0.0012314140510350528,0.4538999440976316,1.1860056808053177,1.234430726287522,0.7567202202512274,0.6823483456547185
2021-11-15,2.988874925889564,4.586757676202326,0.0012112609744775338,0.45517191164227916,1.1672269122291923,1.2163100623153023,0.7491045041820663,0.6756383732874206
2021-11-16,2.9791020275228672,4.5771238137723165,0.0011954261544437406,0.4536086314721288,1.163410362434726,1.2142391438988729,0.7485817120184417,0.6770822181392023
2021-11-17,2.955472382643016,4.547126531723343,0.0011844076122627231,0.45063630130246435,1.154182422787177,1.196287009604888,0.7464478451556958,0.6705603217546013
2021-11-18,2.864296926667746,4.446793057846523,0.001174791700554348,0.44322119695679296,1.1185762336397913,1.1562273671485837,0.7348549826991575,0.6571982465531432
2021-11-19,2.8431028439498562,4.382516297895699,0.0011644970844009342,0.44038444327323106,1.1102994390793868,1.127049339432155,0.7282522169367958,0.6505056350457865
2021-11-22,2.8617615420564024,4.373426565719312,0.0011717857153886865,0.4442312030733716,1.1175861055064333,1.12925642114021,0.7289919837623831,0.650401469886139
2021-11-23,2.824119970819594,4.354209161051509,0.0011675720259694048,0.44393261106281323,1.1028861745773668,1.125506492292605,0.728863653886878,0.6542584742697561
2021-11-24,2.836115080064767,4.3708035624452695,0.0011754311149960053,0.44363313493123485,1.107570550696561,1.1273449813736096,0.7243492832209717,0.6480664342240392
2021-11-25,2.8719497400333673,4.361196997094828,0.0011840659676847411,0.44146602844593313,1.1215648396992979,1.1262507900999323,0.7229617803884975,0.645083259790799
2021-11-26,2.685254744175403,4.1606087255681325,0.0011036566921158598,0.43004250286306417,1.048655993077328,1.0700230181017525,0.7010433335985339,0.620109662765293
2021-11-29,2.710730674181519,4.189927325679949,0.001100443508240968,0.42703666943549273,1.0586049510814357,1.0948372003967004,0.7050778374668868,0.6216981814499185
2021-11-30,2.7970367772807205,4.291429835084847,0.001141384956848199,0.42871855561296673,1.0923095418471511,1.1379859769993497,0.7124394237820284,0.634935837155131
2021-12-01,2.7831685943512463,4.328773503443864,0.0011436755727202827,0.4347532877104388,1.0867116342105478,1.1318814387169467,0.7190038829896851,0.6415358574094676
2021-12-02,2.799493660084764,4.321763820233282,0.0011439196911795936,0.4340260988588982,1.0867116342105478,1.1400053308524936,0.7162912983935907,0.6371030511711321
2021-12-03,2.7750516405532895,4.295896159858438,0.0011428799540434127,0.4324708099959912,1.0867116342105478,1.1257137820817962,0.7135898936902779,0.6306940003761494
2021-12-06,2.708991728120723,4.281144092429626,0.001117467280077744,0.43215543203157253,1.0867116342105478,1.115827193135437,0.7093101535209108,0.6338652507920867
2021-12-07,2.778926455489435,4.355958685720701,0.0011309685954840711,0.43710478642687944,1.0867116342105478,1.1289729254034253,0.7197333514800932,0.6455693638691543
2021-12-08,2.7780787994025595,4.3491058065929336,0.0011275903283182746,0.43734226171857454,1.0867116342105478,1.1302163139003099,0.7201899816749417,0.6422418657137458
2021-12-09,2.727313171996824,4.309911718067472,0.0011179357215053787,0.4339767333803207,1.0867116342105478,1.1094669836135123,0.7137458279255504,0.6402714081104125
2021-12-10,2.732869304583165,4.3364544901170285,0.0011131596709080395,0.4317093694807187,1.0867116342105478,1.1063633388026626,0.7152284398366877,0.6405520753461297
2021-12-13,2.7217456859999305,4.284434375570566,0.0011028931514337158,0.42843752739817925,1.0867116342105478,1.1004101329182268,0.7080767091393176,0.6407256839455423
2021-12-14,2.6679704310698025,4.275003805546862,0.0010869650594811132,0.42830072433805694,1.0867116342105478,1.0753251462396836,0.7025085168366895,0.6399820604447248
2021-12-15,2.6084884350554787,4.197671634134425,0.0010687406358197919,0.4254803763619003,1.0867116342105478,1.0504203129202654,0.6884242591411214,0.62529187945776
2021-12-16,2.650709542727527,4.2912192866457115,0.0011002963762449347,0.43044093626743074,1.0867116342105478,1.0777143329031733,0.7029676796345821,0.6405839035893551
2021-12-17,2.6228270545207235,4.224630590912551,0.0010765561915369321,0.42187568534225367,1.0867116342105478,1.0592732994391416,0.6927784026274022,0.6349908132116118
2021-12-20,2.530381863787861,4.206897528719809,0.001078923828964213,0.427113965201111,1.0867116342105478,1.042584488081434,0.6893919415086085,0.6336453465661639
2021-12-21,2.535073620795637,4.220291447741018,0.0010803467630413435,0.42492391961665543,1.0867116342105478,1.0431246660608087,0.6888623641814575,0.6323606429305104
2021-12-22,2.4841471282365792,4.177669800890825,0.0010822988744008588,0.430314483148183,1.0867116342105478,1.0370742065767042,0.6870624108654599,0.6401296277542254
2021-12-23,2.468394719086698,4.179650457070818,0.0010842589539852268,0.43217351075242233,1.0867116342105478,1.0497436892774776,0.6856429816493064,0.6440300342876957
2021-12-27,2.3837999327181945,4.132876869070294,0.0010629046047757932,0.4348000347478095,1.0867116342105478,1.0419041751035896,0.6777432606721936,0.6441573472605983
2021-12-28,2.434691196554997,4.185544424576798,0.0010891192455548962,0.4385170177458313,1.0867116342105478,1.0548328015665467,0.6858479726118248,0.6517353626249593
2021-12-29,2.549874329757673,4.231547557686357,0.0011897755836293117,0.44300594234949864,1.0867116342105478,1.0721382892682476,0.7030977733245916,0.6541282678201966
2021-12-30,2.59770673717198,4.2325862509103125,0.0011955559834026408,0.44267867272523326,1.0867116342105478,1.0823074429802415,0.7030210807799343,0.6559280103007742
2022-01-03,2.621484473818244,4.27155084882923,0.0011979198773440591,0.4466842460576158,1.0807799998738152,1.0951040441917392,0.7115530197201605,0.6615934375949394
2022-01-04,2.6165419246677724,4.274393939099841,0.0012084383113944743,0.4467774973495122,1.0787422963041111,1.1086926501583725,0.7111356434529489,0.6656963874943911
2022-01-05,2.6330298259282574,4.30109342945986,0.001208793806704926,0.4475612231368792,1.0855398928949738,1.1040048360605612,0.7147054123570425,0.6686737749743176
2022-01-07,2.6894193240369115,4.343741671632772,0.0012049917135681727,0.4432401379772185,1.108788034307762,1.116592580926807,0.7180956335644908,0.6689515487333778
2022-01-10,2.658277091039265,4.314661596260012,0.0011782942512036842,0.4414362528328813,1.095948781238968,1.102756048559814,0.7126441495756771,0.6629620520536423
2022-01-11,2.7156985213656126,4.380935943916525,0.0011936030000711995,0.4450629405684894,1.1196223654545836,1.1290394274704414,0.7234660484054528,0.678361134821542
2022-01-12,2.759694642909695,4.44042408611962,0.001220515358466432,0.45137796708833017,1.1377609921417766,1.1528606106272745,0.7368281710683808,0.6976490502162846
2022-01-13,2.7480279417863662,4.435007119122748,0.0012207592043906273,0.4524788555993344,1.1329510696095124,1.147386833035425,0.7355915148644714,0.6966392268630345
2022-01-14,2.724591509364842,4.410552581684583,0.0012198215730549302,0.4482573309531118,1.1232887474853288,1.1322249693329953,0.730403152385077,0.6895617829603131
2022-01-17,2.7252274236469876,4.398481199389461,0.0012089898887989367,0.44636209908948254,1.1235509208625283,1.1327555357561896,0.7294363310886086,0.6843911401744739
2022-01-18,2.6284830460226876,4.295439436939281,0.0011764489024653699,0.43805531035280676,1.0836653562212506,1.1033073567199452,0.7145281118445179,0.6705227065580622
2022-01-19,2.6315416466689707,4.322130192984758,0.0011586729663885524,0.43686534734215815,1.0849263495397763,1.1054030281561702,0.7082237670642766,0.6704011805384734
2022-01-20,2.5890895448377815,4.279489067604908,0.001143296175195737,0.43445066531870996,1.0674242879903029,1.0926722531207296,0.7004454252779571,0.6680863992129717
2022-01-21,2.5052269290617315,4.211343151705628,0.0011319942163530844,0.4302633198828614,1.0328495885125515,1.0863220853443591,0.6847739087382676,0.6579216157173626
2022-01-24,2.312260057512509,4.006258892136781,0.0010629643213528543,0.41428802589771263,0.9532936203229498,1.032835223351967,0.6468341904200394,0.6279885997019695
2022-01-25,2.383656755360631,4.09028265529668,0.0011000053758905806,0.4181108788487817,0.9827288978773093,1.0420472587441134,0.658042536443061,0.636449125446678
2022-01-26,2.4694803546944475,4.157895179219617,0.0011141221211759887,0.42153263399773955,1.018112067453008,1.0735087834209822,0.6670367768423644,0.6461654200604711
2022-01-27,2.497361741783161,4.183091359338775,0.0011233718526845052,0.42168937608240015,1.029606945959891,1.0790802783855769,0.670840850360534,0.6464981698760119
2022-01-28,2.4531076962673306,4.13643413135742,0.0011192321584099138,0.41606918660873915,1.01136198293047,1.0646826858046565,0.6640377947014112,0.6318484975622434
2022-01-31,2.496284163376636,4.162850341268922,0.0011281006710999392,0.41653403957227525,1.0291626842441723,1.081013901170194,0.6674646336941701,0.6393483890568687
2022-02-01,2.536784358418812,4.197410134023441,0.0011376385366849095,0.4180646086662948,1.0413901946571043,1.0965074890926918,0.6747824327240894,0.6435902258358506
2022-02-02,2.5792997021278454,4.2724802683983025,0.0011521092894007624,0.42413351049105347,1.0413901946571043,1.1080486216423011,0.6869738592145135,0.6518771429811465
2022-02-03,2.547288117298834,4.253440437426283,0.0011363484874341739,0.4288244814953834,1.0413901946571043,1.110643021891761,0.6807412427934543,0.646735434961876
2022-02-04,2.5193947840577464,4.201943141206158,0.0011208951740907505,0.42102420370216753,1.0413901946571043,1.0919032449100716,0.6720243029739784,0.6292067533745148
2022-02-07,2.5315438020111305,4.201272326586048,0.0011077943283586014,0.4203852024677354,1.0413901946571043,1.085525086144851,0.670132258289817,0.628353177760736
2022-02-08,2.550840556867355,4.274773462674928,0.0011077043610663515,0.42481336412170184,1.0413901946571043,1.1046895898742313,0.6747843087319978,0.6409398012181512
2022-02-09,2.578201419902992,4.275330705700578,0.001134237035684193,0.42577849943930496,1.0413901946571043,1.103399890807899,0.6821501130119206,0.6469611261411123
2022-02-10,2.541241912603231,4.236864178860846,0.001117843364313157,0.4230158757627311,1.0413901946571043,1.0923079454084654,0.6769560907380504,0.6403871471766878
2022-02-11,2.5120055026438104,4.204186487638882,0.0011092330092508048,0.4220504213309682,1.0413901946571043,1.086910567531988,0.6712481072460676,0.6374705227065557
2022-02-14,2.3857228574790885,4.067128597753213,0.001063510182091024,0.41247648292578676,1.0413901946571043,1.0492050731716827,0.649413891099052,0.6255088902070259
2022-02-15,2.4796109606916783,4.140679877646209,0.001090667717104786,0.4187312935867184,1.0413901946571043,1.0783820018582784,0.6652151689437027,0.6393715368701239
2022-02-16,2.476060042351993,4.149158004840034,0.0010870263545242078,0.4197572361529175,1.0413901946571043,1.0805325801983807,0.6643044041153573,0.6402482602971578
2022-02-17,2.374637094536208,4.032724908550362,0.001064864035433846,0.413833515826813,1.0413901946571043,1.0555878290736602,0.6461085892305315,0.6295076749468301
2022-02-18,2.3496186466150832,3.9981609158457854,0.001064791649032229,0.41235186090309955,1.0413901946571043,1.0396754436807594,0.6426814972105567,0.6201530649151467
2022-02-21,2.2422456971971143,3.849255968602261,0.001022318820211694,0.400509329657145,1.0413901946571043,0.9982709055903388,0.6187062344096802,0.5988136745706784
2022-02-22,2.276160198979104,3.89296045447707,0.001057128249997873,0.4082831533192646,1.0413901946571043,1.006978681604335,0.6293051134169706,0.6080091433862336
2022-02-23,2.1954665599083993,3.7937768424904568,0.001027756407413817,0.3985763914627436,1.0413901946571043,0.9877854337366229,0.6147170992017983,0.5899769968605757
2022-02-24,1.7792569625232972,3.3006670265550038,0.0009155561133750305,0.35773388599732964,1.0413901946571043,0.867531695471184,0.5408864610729589,0.5258749150041213
2022-02-25,1.9307818516433186,3.6094556971164695,0.0009948773980673453,0.3793711296049553,1.0413901946571043,0.9498184369543207,0.5811904309370121,0.5702405925840173
2022-02-28,1.9957428576256013,3.648988272472763,0.0010780236024768243,0.37969929660987345,1.0413901946571043,0.9491408835768765,0.6030450659979707,0.5786606096555296
2022-03-01,1.9320909971246674,3.540332882149989,0.0010135916644827016,0.3725467668996155,1.0413901946571043,0.9163279728347101,0.5934174220346852,0.5691497518843747
2022-03-02,1.9944744390577267,3.874180226015487,0.0009416813849574045,0.37572657828906714,1.0413901946571043,0.9364636132718601,0.6099059461977894,0.5914150547590437
2022-03-03,1.9441767963054284,3.764848834051305,0.0009660665951850858,0.37618404201177763,1.0413901946571043,0.9193668793736675,0.6065282144396758,0.5814614950593865
2022-03-04,1.8441319519106558,3.6834309714684363,0.0009179906189669756,0.3611245035829348,1.0413901946571043,0.8649710228980988,0.5858373799403598,0.5551858335382859
2022-03-07,1.8351811380867427,3.7729466502281372,0.0008732117218139781,0.36878046199496073,1.0413901946571043,0.860796673042438,0.5866845288945827,0.5598703722457699
2022-03-08,1.851257160492073,3.7645414045303323,0.0008862944003592093,0.3608209780825863,1.0413901946571043,0.8626557419239237,0.58274198509165,0.5521042808987118
2022-03-09,1.9764803143612242,3.75488072229952,0.0009766250546989108,0.3716298692400959,1.0413901946571043,0.9162810831922041,0.6008495288704399,0.5709552813182659
2022-03-10,1.93605801780465,3.7480172151313105,0.000957606351891634,0.37322217960815257,1.0413901946571043,0.8971641721169586,0.6030404843690352,0.5700930252745166
2022-03-11,1.9805959096947143,3.793631321920973,0.0009922982902059072,0.38293272764470837,1.0413901946571043,0.9146872656436457,0.6181152739321395,0.5883855846992934
2022-03-14,1.9539206821950572,3.738987713237477,0.0010099936245309801,0.3768570113347267,1.0413901946571043,0.9121288525063721,0.6157668478382226,0.5706341054093527
2022-03-15,1.9542096177381376,3.7392098364487474,0.0010199195443823575,0.38093883059959494,1.0413901946571043,0.9144120320617798,0.6180663649556328,0.5786750770388139
2022-03-16,2.052077856864764,3.7887360920314137,0.0010339971707427752,0.389221056888648,1.0413901946571043,0.9613286442815749,0.6332593693874293,0.5960764456532726
2022-03-17,2.143357911676803,3.9552747539992636,0.0010967628677718295,0.3969255461798841,1.0413901946571043,0.9826524167689709,0.6517820385897656,0.6149477004094247
2022-03-18,2.0996262732384965,3.8912018424545542,0.0011032996209269976,0.40107708087837374,1.0413901946571043,0.9756000725951895,0.6499046148461379,0.6074159806715739
2022-03-21,2.08524173198841,3.9354177276894253,0.001094313027039318,0.4017128976524049,1.0413901946571043,0.9713142045711647,0.6512310410598838,0.6056162381909963
2022-03-22,2.1132641197314888,3.9723849410469727,0.0011015591158738038,0.4051571671954116,1.0413901946571043,0.9754477333818123,0.655007207888063,0.6138568597097822
2022-03-23,2.0837267339343977,3.9520134877805155,0.0011085508194937858,0.4056193410546763,1.0413901946571043,0.9675229607830756,0.6564106877865469,0.6136658902504284
2022-03-24,2.126970114508145,4.0015161109181685,0.001112009106098549,0.4107563072026059,1.0413901946571043,0.9771782446520388,0.6659263324052762,0.6188567873728659
2022-03-25,2.1203470211845907,3.9934861325322086,0.0011053120982484144,0.4073013367916143,1.0413901946571043,0.9739671082852193,0.6591483925048097,0.6121381345755973
2022-03-28,2.1290224716567954,3.996082259110129,0.0011070369614697194,0.4070744514266886,1.0413901946571043,0.968991988390717,0.6618074879685688,0.6143198159748826
2022-03-29,2.2012573030506246,4.019079146332689,0.001152479098391367,0.4062178721897633,1.0413901946571043,1.0025116092651913,0.6685423232358391,0.6283358169007952
2022-03-30,2.201013093371576,4.090864726843247,0.0011489396841706922,0.4072886572025699,1.0413901946571043,0.998946089968021,0.6709190637226266,0.6306505982262969
2022-03-31,2.1588538321867294,4.0638734068481295,0.0011002917589890675,0.40481191712014003,1.0413901946571043,0.9925778500447293,0.6636459446253062,0.6171930382951618
2022-04-01,2.183771254686157,4.0828128677878555,0.0011232461398303529,0.40667727591480685,1.0413901946571043,1.0107875933857249,0.6694803989648941,0.6263827201574034
2022-04-04,2.1498533407111116,4.030365681103541,0.0010991589288196146,0.40818887131245035,1.0413901946571043,1.0082361619484623,0.6668781169451602,0.6243514995442757
2022-04-05,2.1715758218427577,4.0717764236969085,0.001084449472431473,0.4089889730072447,1.0413901946571043,1.011736472400703,0.6629968621566418,0.6144268746111873
2022-04-06,2.1229605268760317,4.020618308325996,0.0010681353264154348,0.40436152850694856,1.0413901946571043,1.000119884328619,0.6511838383114882,0.6098927966898611
2022-04-07,2.0978265821371282,3.9995293798368796,0.0010543415513850362,0.40301418377088,1.0413901946571043,0.9875444259917231,0.644971150822489,0.6008680429970615
2022-04-08,2.1055543882503684,4.044296522436652,0.0010622713623990598,0.4049649996033767,1.0413901946571043,0.9992908349052607,0.6470901149353283,0.6033101372954658
2022-04-11,2.1545957809863903,4.1268903045004715,0.0010519733943782663,0.4088375279098954,1.0413901946571043,1.0200544550210624,0.6541545210961968,0.6138944749063221
2022-04-12,2.1314151073860765,4.145794319869206,0.00103838696797304,0.40660105433554,1.0413901946571043,1.0171231104217353,0.6504375890036843,0.6058969054267139
2022-04-13,2.1464449769120866,4.185731493075982,0.0010579522134432616,0.40269277650533203,1.0413901946571043,1.0171168864069466,0.652217644197064,0.6088800798599542
2022-04-14,2.139759411005194,4.171213509598592,0.0010708952547058648,0.3982831926781116,1.0413901946571043,1.0059729853658896,0.6523430166018022,0.6056538533875362
2022-04-19,2.116798499801575,4.1549026710406975,0.0010500635377614863,0.3950532521083422,1.0413901946571043,1.0137319775536207,0.6473469658496024,0.5985214334283342
2022-04-20,2.103742479159189,4.088746320122433,0.0010511947089620036,0.3924030285250276,1.0413901946571043,1.0018128491676181,0.6410092099896505,0.5925290432719418
2022-04-21,2.1255497733459334,4.0707329143143545,0.0010682355562412961,0.388808969668557,1.0413901946571043,0.9935281861135218,0.6402359676180981,0.587016970240591
2022-04-22,2.095058148130136,4.044378005342964,0.0010406558745101508,0.38441068907106,1.0413901946571043,0.9850199914673359,0.6283045810650095,0.5709726421782076
2022-04-25,2.079613613769746,4.06676236589501,0.0009930527519381007,0.38125087987930256,1.0413901946571043,0.9753470579260156,0.6217075982324752,0.5554173116708365
2022-04-26,2.0883377106771324,4.065282922451851,0.0009820040485201446,0.37492211886012833,1.0413901946571043,0.9682046228887116,0.6160995133244388,0.5487362740701074
2022-04-27,2.057072117413786,4.099355526314131,0.0009845059407540709,0.37305383257382657,1.0413901946571043,0.9477076868207788,0.606995649716066,0.5448676957798627
2022-04-28,2.064740385398717,4.09683084817445,0.0009836744603815104,0.374499405122949,1.0413901946571043,0.9657399227926066,0.6088828619304387,0.5452525281752274
2022-04-29,2.0711104912453266,4.091700421970527,0.0009681302805532486,0.3739476724869231,1.0413901946571043,0.9722205486287939,0.6086606605252958,0.5376426845676406
2022-05-02,2.0733732250104047,4.076607825763792,0.0009441536779913093,0.36821515418529394,1.0413901946571043,0.945755749584908,0.604096978639055,0.5277846095976605
2022-05-04,2.0200905326201504,3.980453538185654,0.0009356270939952118,0.36727365394691336,1.0413901946571043,0.9340670528142784,0.6049748121757531,0.5244600049189088
2022-05-05,1.9447739772215633,3.8819424897439365,0.0009002745927125471,0.35991805924679343,1.0413901946571043,0.9204084028141022,0.5889870054978961,0.510944575454636
2022-05-06,1.9409116368947117,3.9223087286805978,0.000898752328359686,0.3590196339042989,1.0413901946571043,0.9150433377485655,0.588843007738171,0.5107391386119977
2022-05-09,1.894654651605405,3.8653039782778262,0.0008810345021002172,0.34922936065882393,1.0413901946571043,0.8894397865950096,0.5787692548291931,0.4998017968490024
2022-05-10,1.8699743463909178,3.8142572017505483,0.0008719011707275531,0.35471640935089405,1.0413901946571043,0.8869966594382309,0.5774706096601722,0.497458080756932
2022-05-11,1.868266036215184,3.8259615493168284,0.0008844299003563515,0.35436583531674665,1.0413901946571043,0.8842999093858157,0.5763900317861106,0.49711954398807734
2022-05-12,1.8330236179917752,3.756085523569723,0.0008577019709184031,0.34836608023766147,1.0413901946571043,0.8821630759978176,0.5654044720478846,0.4894662982306375
2022-05-13,1.935430767925529,3.9271269178750963,0.0009010049543296391,0.3570280517300778,1.0413901946571043,0.9266454611164037,0.5864541903022071,0.5108809189681847
2022-05-16,1.924041780787079,3.9282978604760213,0.0008983312316735165,0.3565516039084273,1.0413901946571043,0.911686896788133,0.5907798287473878,0.5098942434281896
2022-05-17,1.9646416836252112,3.981605879044304,0.0009233076172894279,0.3605623046640933,1.0413901946571043,0.934236954137075,0.6027064852142842,0.5209849394539994
2022-05-18,1.9617347372368847,3.992515747424949,0.000919606255271276,0.3567029746993408,1.0413901946571043,0.9270017873602022,0.5994236877314314,0.5213119023162265
2022-05-19,1.9588522922406775,4.002771632724414,0.0009126089188698763,0.3531900179435164,1.0413901946571043,0.9130339993189797,0.5914055542555928,0.5139971933276413
2022-05-20,1.937163834581245,4.003016267268776,0.0009159479662705426,0.35575063320702255,1.0413901946571043,0.9038149549618988,0.5941117661576849,0.5158085097148463
2022-05-23,2.020447918679507,4.106097667344863,0.0009170424704362486,0.3635935829721449,1.0413901946571043,0.9322738669707957,0.6074225387689213,0.5314940466717768
2022-05-24,1.9993229944228597,4.080237259505442,0.0009102154598683578,0.35887776817363476,1.0413901946571043,0.9212317030980232,0.5976004931065814,0.5240028356071221
2022-05-25,2.0175509932911537,4.105945051874411,0.0009121507183507773,0.35755456534043367,1.0413901946571043,0.9172765275020961,0.5953222536990022,0.5198362292212192
2022-05-26,2.027280742403319,4.114834298229481,0.0009136859746997474,0.3578383848338823,1.0413901946571043,0.9251193988177797,0.6007316506223943,0.5286410786880961
2022-05-27,2.0256777874368352,4.1415341402760815,0.0009112842027419048,0.35563297378690933,1.0413901946571043,0.9208375183378329,0.5995126086533122,0.5239160313074158
2022-05-30,2.049122480337313,4.131849126422753,0.0009285887531733596,0.3592713184254275,1.0413901946571043,0.9453049976808044,0.6090419402458862,0.5377815714471706
2022-05-31,2.027544317164241,4.091534538905564,0.0009120187965117021,0.3602360134540004,1.0413901946571043,0.9394014962726879,0.6035180686932775,0.5332474935258443
2022-06-01,1.9939025458326678,4.038752966555139,0.000908257976845134,0.36017054774550233,1.0413901946571043,0.9249335227958397,0.5999396124454958,0.5273563750524426
2022-06-02,2.004537258086979,4.068831815876416,0.0009059065920373991,0.36047304765938143,1.0413901946571043,0.9244191356531474,0.600520228305128,0.530594175431488
2022-06-03,2.010347574498281,4.09317080047133,0.0008834995953912193,0.35741146045274574,1.0413901946571043,0.9293567336776036,0.5953566999014516,0.5266098580749683
2022-06-06,2.0204021707810313,4.109518189710039,0.0008892228088776198,0.3591162325806606,1.0413901946571043,0.931536140488796,0.6012360607922327,0.5351629750726968
2022-06-07,2.005985446671642,4.069791054271997,0.0008874551546125222,0.35689193957824267,1.0413901946571043,0.9329478121708296,0.5969052474796026,0.5290924610465687
2022-06-08,1.9912567224967965,4.036895217189016,0.0008679460109615602,0.3496242714882072,1.0413901946571043,0.9165257540622755,0.5865083286685716,0.5187424950449194
2022-06-09,1.9878425227642944,4.024949673127323,0.0008482220669694158,0.3465490515640928,1.0413901946571043,0.9182337586326939,0.5792143557989161,0.5114219991030204
2022-06-10,1.9522885888455879,3.962764239416859,0.0008376944973236473,0.33951684835202334,1.0413901946571043,0.9000147614524167,0.5676608591580776,0.49917680589111674
2022-06-13,1.8939070766837303,3.8336193502492004,0.0007950802132777944,0.3312370663825794,1.0413901946571043,0.8813488670766721,0.5497013099157427,0.48661043677029964
2022-06-14,1.9268126436087025,3.9144580941557154,0.0008039097356856028,0.3326641617870798,1.0413901946571043,0.8842623425804643,0.552196867545436,0.4930686766684492
2022-06-15,1.936372923179446,3.953357347905539,0.0008129015905511309,0.3321058466405313,1.0413901946571043,0.8834931068385771,0.5545653295380162,0.4939482935721398
2022-06-17,1.9558351305161334,3.968535862957321,0.0008164622579874682,0.3296877912981867,1.0413901946571043,0.8845184902353557,0.5510494817486807,0.4851405506286061
2022-06-20,1.9257053851699149,3.8871154022662453,0.0008245117474248952,0.33872483097681577,1.0413901946571043,0.8926862092888843,0.5568529940664306,0.4860722501121205
2022-06-21,1.9829222588797735,4.020255156470103,0.0008468337290563826,0.34246979638421976,1.0413901946571043,0.905567339959794,0.5675038614238745,0.497403104700451
2022-06-22,1.9181388712517622,3.888680256117523,0.0008285682064147509,0.3395735472774668,1.0413901946571043,0.8804936311972684,0.5566517140974705,0.4862805804314156
2022-06-23,1.868636623357648,3.785387103580013,0.0008114583784040499,0.3375201023991576,1.0413901946571043,0.8759557449666749,0.5491563224276789,0.47867363030048576
2022-06-24,1.8823450979934273,3.804684685951091,0.0008303089713867792,0.33970149534597754,1.0413901946571043,0.8797987422773605,0.5579574317089435,0.4867782584163984
2022-06-27,1.9283299384335177,3.8891690507289667,0.0008367009283501631,0.3469485615642377,1.0413901946571043,0.8947069222661476,0.5665183013283245,0.4957046339028641
2022-06-28,1.9343476118702618,3.91422875317367,0.000849620088193349,0.35056610760675233,1.0413901946571043,0.9099276299616134,0.5709074978144069,0.5031987384441756
2022-06-29,1.951910963385917,3.93862249398888,0.0008572512656895681,0.35308332556573246,1.0413901946571043,0.9209064173886372,0.5746962348374896,0.5014944806932751
2022-06-30,1.9214054130835216,3.8938415642734943,0.0008374796355457492,0.3465675418014023,1.0413901946571043,0.8899014973499989,0.5636615242752032,0.49072496057637865
2022-07-01,1.8718093719568714,3.771807774091365,0.0008132762065120886,0.3461684382180881,1.0413901946571043,0.8853161757639568,0.5635549587005985,0.48866480519668215
2022-07-04,1.9102963844678462,3.8338518399197543,0.0008221976758062935,0.3487163911953927,1.0413901946571043,0.8876122900973347,0.5635949666427755,0.4898945327758549
2022-07-05,1.8021639661984943,3.6572539067626337,0.0007896288086281578,0.34101818004767026,1.0413901946571043,0.8698467504910127,0.5472968512569945,0.47582066231680487
2022-07-06,1.7829453364842458,3.5763768460648353,0.0007907235591892804,0.3436013800347625,1.0413901946571043,0.8614438315889836,0.5524264770671806,0.4788240910866432
2022-07-07,1.8748827654803606,3.7525731953517636,0.000820840955056594,0.34913885096955377,1.0413901946571043,0.8933890388050914,0.5717506157697474,0.4944372911271518
2022-07-08,1.8991940310678705,3.808230698349606,0.000831267438765764,0.34544221537677827,1.0413901946571043,0.9034487178815567,0.5790522995060744,0.5035980382228246
2022-07-11,1.9027852791922544,3.728989040789289,0.0008150172115811809,0.3448561850854367,1.0413901946571043,0.8996151495688546,0.5775514278312442,0.4961039336815129
2022-07-12,1.9025621481658943,3.735964395685123,0.0008126378847976664,0.3379766887476603,1.0413901946571043,0.8875177416946136,0.5629273783647855,0.48131826796487115
2022-07-13,1.877593638796696,3.6830087240933937,0.0008247046501616295,0.3347312540923431,1.0413901946571043,0.8775598494144111,0.5606220879012429,0.4790584626958502
2022-07-14,1.8761017849200687,3.710761686422321,0.0008324886234589669,0.33270538217703477,1.0413901946571043,0.8757980766953899,0.5533036473460003,0.46700134546664346
2022-07-15,1.8839010790539603,3.7640174161946414,0.0008303545214084008,0.33315184139868453,1.0413901946571043,0.8803968906830224,0.5545486510242782,0.4687808336106229
2022-07-18,1.9566838156030377,3.9075829392678143,0.0008441689074577676,0.3393987231656578,1.0413901946571043,0.8972697367433377,0.5672931126137623,0.4830601409123112
2022-07-19,1.973001773230446,3.9854289964752403,0.0008572133704674792,0.33693517479154095,1.0413901946571043,0.8983096560945035,0.5737081910764446,0.48589285455939385
2022-07-20,2.020152430813138,4.067858747708312,0.000872622583272725,0.34134424887450676,1.0413901946571043,0.9046571144462728,0.5798820315110076,0.49032276732107266
2022-07-21,2.015861739569783,4.033857974318961,0.0008637937163889719,0.34093338164930964,1.0413901946571043,0.904240386724765,0.577532604792451,0.48699816264232093
2022-07-22,2.077881641024539,4.086200814167614,0.0008716588471533985,0.3404876873689471,1.0413901946571043,0.9260327177937832,0.5860230203156426,0.4923916031307398
2022-07-25,2.0827918641943586,4.093334899527715,0.0008520537619143185,0.33664291304091043,1.0413901946571043,0.918014959924114,0.5803599578657026,0.48773021223651086
2022-07-26,2.0939231335613337,4.138431336127252,0.0008340471366855309,0.33032047163768924,1.0413901946571043,0.9179991311153617,0.5707639442177525,0.47878358241344704
2022-07-27,2.076374890566762,4.0632862909186205,0.0008303959496826532,0.33272217053196684,1.0413901946571043,0.9163534292150483,0.5680388091552085,0.4779705154728646
2022-07-28,2.120578607334804,4.139399283830521,0.0008308709594795454,0.33409196365240107,1.0413901946571043,0.921136512162334,0.574958935786747,0.4823917478045728
2022-07-29,2.179457374369696,4.221186025810032,0.0008612563370561685,0.34110171343126344,1.0413901946571043,0.9292610599938483,0.5911446502779585,0.49799916089176754
2022-08-01,2.2317875724332614,4.329992595268418,0.0008624157591696157,0.34583814239319344,1.0413901946571043,0.9257417839251086,0.5975742708941328,0.5024435410367307
2022-08-02,2.219156725868523,4.293610007661684,0.0008466941168917456,0.3449603149448499,1.0413901946571043,0.9164647415050983,0.5912359024929509,0.49582905339910976
2022-08-03,2.2242965666053545,4.2846769633156825,0.0008508286849651698,0.34584337132466964,1.0413901946571043,0.9227255694056917,0.5935378021093981,0.4884275401108183
2022-08-04,2.149485439761459,4.15776090575556,0.0008542301395982008,0.3447097151380276,1.0413901946571043,0.9112338238970134,0.5879652157444355,0.4844750509975242
2022-08-05,2.1675385789280703,4.1782603220908525,0.0008464308069633876,0.3437390363346643,1.0413901946571043,0.9144351984058369,0.5849556199129274,0.4780428523892865
2022-08-08,2.2348613809167444,4.27779893017662,0.0008528374847453894,0.34916903354249723,1.0413901946571043,0.9186492767465021,0.59788228471705,0.49066998451989796
2022-08-09,2.2314406709331798,4.2677038322760765,0.0008309608538571837,0.3453482444497275,1.0413901946571043,0.9131271351842951,0.5921642528113295,0.48730197769129313
2022-08-10,2.2504986537122558,4.285171090624739,0.0008398379856661011,0.3451763162893171,1.0413901946571043,0.9113646355347059,0.595988294622519,0.49018677391819954
2022-08-11,2.274569056814646,4.3375164471512555,0.0008447780037260267,0.3493570200196863,1.0413901946571043,0.9208357630557654,0.6061896886734284,0.49911893635797905
2022-08-12,2.2920727104226555,4.362994815794555,0.0008445732627752216,0.35308079187010055,1.0413901946571043,0.9302263524453955,0.6108717158049101,0.502038454304768
2022-08-16,2.3704199139882176,4.498298503904081,0.0008553492662587986,0.3568669411817721,1.0413901946571043,0.9423953174851618,0.6184787044788806,0.5020181999681699
2022-08-17,2.3361705783370277,4.426321724594534,0.0008458809085416152,0.35562281006259444,1.0413901946571043,0.926099472769066,0.6069028883275,0.48695186701581106
2022-08-18,2.4287419670951467,4.533676657524107,0.0008367622524179053,0.35601186829101455,1.0413901946571043,0.9200602721414125,0.6159842520494493,0.4917984404160801
2022-08-19,2.3881628293676895,4.442545883125169,0.0008173380102911722,0.3525187447176085,1.0413901946571043,0.8993246177431434,0.6061281156813054,0.4841943837618072
2022-08-22,2.3909145079956553,4.420379291407997,0.0007945271617936998,0.3469043069265583,1.0413901946571043,0.8699800477818614,0.5955516513733762,0.47453595868115156
2022-08-23,2.4057743734352237,4.448171067465682,0.0007996221034924538,0.34917629608421913,1.0413901946571043,0.873363999495964,0.5965493663886696,0.4793825320814207
2022-08-24,2.3608644230351374,4.3795217780423386,0.0007871795138295569,0.34463602892889833,1.0413901946571043,0.8577934422974799,0.5882138840748512,0.468925507443467
2022-08-25,2.3120806385230592,4.2883105820804035,0.0007900208381597808,0.34734075016153104,1.0413901946571043,0.8519657162937487,0.5902331574521829,0.47221539040233623
2022-08-26,2.2741293004150256,4.215709990393743,0.0007761035746241276,0.3472194677028995,1.0413901946571043,0.8338326128159136,0.5824103591633324,0.4637693320409121
2022-08-29,2.2560310924201747,4.170264804570998,0.0007520852882668828,0.3398163984901697,1.0413901946571043,0.8213906640035945,0.5717278994805612,0.4552451498097523
2022-08-30,2.1967433153207834,4.037596504265962,0.0007362227676341014,0.3393035078581848,1.0413901946571043,0.8118270723144361,0.5613695179423213,0.44418049507385443
2022-08-31,2.2255442501283835,4.070568430395033,0.00073380115124244,0.33670087385222436,1.0413901946571043,0.8107154077238642,0.5627547356343173,0.4421868896572662
2022-09-01,2.115752739753007,3.8846056510335396,0.0007141411078692831,0.3301359119922184,1.0413901946571043,0.7914654907451454,0.5436073947147875,0.42319700235818203
2022-09-02,2.1480268959335374,3.9238522754015226,0.0007377186912188845,0.3332028491189917,1.0413901946571043,0.8123061866430386,0.5554623609140772,0.4356852476092634
2022-09-05,2.158441459923508,3.97939377965767,0.0007167169090857927,0.3313406343264004,1.0413901946571043,0.8057020308026788,0.5528597271768824,0.4317240780659987
2022-09-06,2.1198651398016604,3.8734732889043713,0.0006954612246808494,0.32582601438189446,1.0413901946571043,0.7891497372573513,0.5411003943337508,0.4203816495710406
2022-09-07,2.1614797147197278,3.963880457440658,0.0007003524477777217,0.3300549870573856,1.0413901946571043,0.8100227885325068,0.5464988399657903,0.4251732469148291
2022-09-08,2.1712149997197385,3.978678205209846,0.0006998835158377737,0.3299482315172947,1.0413901946571043,0.7984526172688301,0.5530547373284527,0.4262611941378149
2022-09-09,2.2339177976947133,4.07837788646359,0.0007223145035143894,0.33851344614809853,1.0413901946571043,0.8227256173369754,0.5716949114151166,0.4440560755776088
2022-09-12,2.1689463260902726,3.942379050950135,0.0007117494201430884,0.34073758414050787,1.0413901946571043,0.8292308339371497,0.571169449007397,0.4519523733742263
2022-09-13,2.0844205248130985,3.76238377746946,0.0006842403922631183,0.33420659749740916,1.0413901946571043,0.8131165954295979,0.5552956363273298,0.4396203758626162
2022-09-14,2.1214140674367616,3.8362864316524568,0.0006868366939306278,0.3368578267633764,1.0413901946571043,0.8130895855957125,0.5611718714603592,0.4422071439938643
2022-09-15,2.132502309454622,3.851256401262429,0.0006778175375667185,0.3392437403014874,1.0413901946571043,0.818231096566622,0.5625514605945993,0.4455230682426454
2022-09-16,2.1263662346049466,3.8528831311249867,0.0006816871735833681,0.33152470400180206,1.0413901946571043,0.8030253072669422,0.5516547638883852,0.4345741525730227
2022-09-19,2.127400703252667,3.8314164131986925,0.000685875296999201,0.3338592148315781,1.0413901946571043,0.8189258430115886,0.5561746533183821,0.44190622242154914
2022-09-20,2.0710379483558192,3.715679164686428,0.0006658076537173269,0.3327465529963584,1.0413901946571043,0.8082205831694709,0.5454410962439352,0.433272088077428
2022-09-21,2.0954078398442086,3.7780722282475994,0.0006799399289602719,0.3316084145845971,1.0413901946571043,0.8122709369567309,0.5480366689509442,0.4367182187757686
2022-09-22,2.1138610529871844,3.8191606544534076,0.0006884635975448391,0.33300549019031894,1.0413901946571043,0.816063736417326,0.5517392590216179,0.4392847325704186
2022-09-23,2.0158999639632817,3.6162987361577366,0.0006649296749691059,0.3262463688823679,1.0413901946571043,0.7857426464041098,0.5327312852317363,0.4218052400862243
2022-09-26,1.8583179959870997,3.3866143627301013,0.0006166043603948716,0.31531389900223267,1.0413901946571043,0.7548992303082399,0.5171124627386172,0.4146583527437379
2022-09-27,1.8683238225296581,3.3966327041536792,0.0006258965643041195,0.3151852597409284,1.0413901946571043,0.765105435813531,0.5236334208402568,0.4221032681818826
2022-09-28,1.8422481045473051,3.3067644505175973,0.0006158669084940946,0.30923570980817777,1.0413901946571043,0.7680002630121046,0.5166347679315954,0.41532095889816273
2022-09-29,1.7807869002491286,3.185497963761293,0.0005929921475903281,0.3013266024748916,1.0413901946571043,0.7470065900230615,0.49898856209751064,0.3993287134156032
2022-09-30,1.7757608827555007,3.172843306482533,0.000580764955468727,0.3011553401341082,1.0413901946571043,0.7548158883365532,0.5007429198914609,0.3986950420277472
2022-10-03,1.8523373983159657,3.2866989463683765,0.0006017029590575588,0.3032020746824285,1.0413901946571043,0.7537357167080558,0.5076632214139961,0.4013136384022209
2022-10-04,1.8653679497908062,3.2999870978308774,0.0006103412374459335,0.31174115591587676,1.0413901946571043,0.7692151155856042,0.5232126959911136,0.4194991391906932
2022-10-05,1.8152349069934581,3.198305958261195,0.0005905977666381916,0.3102829509879082,1.0413901946571043,0.755609130019977,0.5124188231331069,0.4106190593307375
2022-10-06,1.8639740234576794,3.3084920431277878,0.0006023041537643859,0.3099921087749607,1.0413901946571043,0.7700516894915915,0.5166124359129176,0.41024290736534347
2022-10-07,1.8971943931194648,3.3846344630655034,0.0006112111599457111,0.30720610360703476,1.0413901946571043,0.7638094232855744,0.5154106980890252,0.40659423330102157
2022-10-10,1.833541601598959,3.304611632479149,0.0005704342057549855,0.30147534093822287,1.0413901946571043,0.7420196814987684,0.5023458707568675,0.39915221133953377
2022-10-11,1.8444494375385923,3.310549407923204,0.0005726153447801344,0.30298304610547266,1.0413901946571043,0.7452718701297159,0.5064981927127825,0.3998321783538999
2022-10-12,1.8494374188022913,3.339238188138304,0.000562123239927582,0.3034822220686645,1.0413901946571043,0.7417174807064143,0.5036985586828847,0.3984867117084521
2022-10-13,1.8676751153448696,3.382730346280639,0.0005599073270064865,0.3014646002436712,1.0413901946571043,0.7507088268295098,0.5025939657609994,0.39307880383674887
2022-10-14,1.8501445185854388,3.360900076637589,0.0005666924043271482,0.30614083862138164,1.0413901946571043,0.7474164525243892,0.5082742046832249,0.4042852389288337
2022-10-17,1.86484936300425,3.3722417512008667,0.0005698667994356173,0.30830348948300185,1.0413901946571043,0.7534659357180592,0.5134011431894835,0.4091549601423578
2022-10-18,1.8890663535741814,3.4187519029725237,0.0005683005491916144,0.3143861371160376,1.0413901946571043,0.7572284056640254,0.5170756218633088,0.41309587534902437
2022-10-19,1.9500831282484556,3.4212756226237944,0.0005808371746395856,0.3089196875232489,1.0413901946571043,0.7450950798246009,0.5145496843894173,0.4044096584250794
2022-10-20,1.9507064151982827,3.5006496603839716,0.0005703551936368142,0.3121761408244877,1.0413901946571043,0.7587964447802912,0.5203604803776872,0.4127602320568266
2022-10-21,1.9267805953972021,3.462908504758488,0.0005606864863617688,0.3080889912057412,1.0413901946571043,0.7509215457771456,0.5145376199426417,0.4084489518380798
2022-10-24,1.9467598721181392,3.4474031599920383,0.0005617741833859678,0.31753720527094276,1.0413901946571043,0.766535870197951,0.5233397060907807,0.4146959679402774
2022-10-25,1.9413258028227454,3.456771889358504,0.0005688435432868597,0.31588337761564983,1.0413901946571043,0.769807058520294,0.525331987795683,0.4178238162063615
2022-10-26,2.019860522781936,3.5262357457720928,0.0005860476455874674,0.32095355398800485,1.0413901946571043,0.7778793501474884,0.5419026571171643,0.43043358747703175
2022-10-27,2.0360451289776926,3.5630128645760184,0.0005887311139650218,0.3244926880456667,1.0413901946571043,0.785063558972508,0.545441769372469,0.4359717017982944
2022-10-28,2.0528807708701016,3.5724718421902657,0.0005978037993398728,0.32419001074336123,1.0413901946571043,0.7839025858559114,0.549304705755067,0.4365388232230423
2022-10-31,2.1256392685272587,3.689664825671201,0.0006059569438647113,0.33201274424068994,1.0413901946571043,0.8049644276779273,0.5623196613431372,0.44451903184270924
2022-11-02,2.0976850394235598,3.619854302555018,0.0006160494374757441,0.33854727214745184,1.0413901946571043,0.8057354320672298,0.5679899781991169,0.4554245453624789
2022-11-03,2.1059747916304987,3.6008538331232436,0.0006185165397147054,0.33362390408821113,1.0413901946571043,0.8020355478711331,0.5658117321083949,0.45125215202326213
2022-11-04,2.1392837704588876,3.6310031847349893,0.0006305015215456204,0.34072507625789394,1.0413901946571043,0.822488909921012,0.5784063567873321,0.4633237366357532
2022-11-07,2.119805380671838,3.5994930662110085,0.0006162798549306618,0.343156153353572,1.0413901946571043,0.8172890750033022,0.5759737043891332,0.4682050317559049
2022-11-08,2.144498546415942,3.6309675740234586,0.0006167876413350744,0.34715446365786157,1.0413901946571043,0.8309167015216525,0.5852657931116504,0.4759045731398547
2022-11-09,2.093564691433911,3.5562616161088973,0.0006149574301760127,0.3462306164214837,1.0413901946571043,0.8306448603761355,0.5828221583510277,0.47572228411047135
2022-11-10,2.1193122354713627,3.627398531463119,0.0006213725985341752,0.35429528644121877,1.0413901946571043,0.8388435403295386,0.5932893046975608,0.48910750712518464
2022-11-14,2.0931097802836383,3.5507926447065,0.0006241644495354484,0.35800463695422463,1.0413901946571043,0.8260771639342,0.6004069362517775,0.5045905007161339
2022-11-15,2.078674234530516,3.553262969315136,0.000625478853364334,0.36320789490487415,1.0413901946571043,0.8296565343808205,0.6021546673845674,0.5120151618176804
2022-11-16,2.0543752291603594,3.5360567586814797,0.0006203338497487059,0.3620110265322387,1.0413901946571043,0.8314252924422147,0.5962265670722612,0.5038034750654633
2022-11-17,2.0445675263299883,3.5134545109229993,0.0006131124166211082,0.3565395895766077,1.0413901946571043,0.824385438069377,0.5865526059470895,0.49427236295771027
2022-11-18,2.069757713104904,3.5200102940325135,0.0006094652912251421,0.3605644147186541,1.0413901946571043,0.8413590898868093,0.5896449826533829,0.49398301529202254
2022-11-21,2.0287664259778864,3.443161681383349,0.0006006728910944811,0.3587020030410482,1.0413901946571043,0.8268347392804472,0.5802380157501353,0.4876954905166287
2022-11-22,2.0707098899168046,3.513516766670142,0.0006143613510348957,0.3650714193953049,1.0413901946571043,0.8457597337825441,0.59198615181822,0.4970269527350572
2022-11-23,2.0625395514853944,3.5199713927134906,0.0006197840096409851,0.36334840204544333,1.0413901946571043,0.8372574971484333,0.5927375760780511,0.49582905339911004
2022-11-24,2.106626576914666,3.584003009325068,0.0006365206463226312,0.37005587794922995,1.0413901946571043,0.8481634026753015,0.603996056857888,0.5075013382329522
2022-11-25,2.1435215349987584,3.638533227842045,0.0006394130467167534,0.37324014311057074,1.0413901946571043,0.8738820512372362,0.6084347571519195,0.5080048031712487
2022-11-28,2.150673071059906,3.65284518703948,0.0006246283402075589,0.3718936046611046,1.0413901946571043,0.880557544762633,0.6057267098119152,0.5002068835809651
2022-11-29,2.135398013106643,3.6401256582038553,0.0006178811415027604,0.3703394840790196,1.0413901946571043,0.8777000746964739,0.6072474016822645,0.5023625236903385
2022-11-30,2.148870624722691,3.6518294395818445,0.0006169519807434134,0.3703616500339934,1.0413901946571043,0.8929412008921449,0.6113348321655618,0.5023827780269366
2022-12-01,2.158219105498877,3.656345705764047,0.0006082033851062873,0.3729598715632299,1.0413901946571043,0.9015227920748331,0.6144027729111091,0.5110979297174504
2022-12-02,2.1741653783830874,3.6544122320360626,0.0006068394586236684,0.37107740719929444,1.0413901946571043,0.911319310602177,0.6123098250122855,0.5015726045630111
2022-12-05,2.1653013291156378,3.6425142753198503,0.0006066514042105258,0.3667621446697522,1.0413901946571043,0.9016520736010192,0.6138766997871287,0.5053572720302063
2022-12-06,2.154188311135321,3.6112445087116734,0.0006094549343625239,0.3636220050835805,1.0413901946571043,0.8820054631088908,0.6085237121915239,0.5016102197595504
2022-12-07,2.2091757455698695,3.6536860473352224,0.0006130014541190412,0.36561404891593663,1.0413901946571043,0.8845022359250151,0.613305184723692,0.502209169427524
2022-12-08,2.1854183822049436,3.6259208825553255,0.000608763425415917,0.36383477474553816,1.0413901946571043,0.8836135979948283,0.6091800975164093,0.49931569277064697
2022-12-09,2.1908777142034794,3.659975322561643,0.0006120179998667794,0.3639575392219916,1.0413901946571043,0.8837217569998048,0.6089080734365507,0.5006177572662416
2022-12-12,2.2109343535245536,3.702667938207818,0.0006113339252493902,0.367530626372063,1.0413901946571043,0.8892717707354105,0.6140811702898539,0.507903531488258
2022-12-13,2.1944422680709157,3.696688684519842,0.0006223264109562367,0.3725574455038,1.0413901946571043,0.8920728930788117,0.6191645232872369,0.5163900985228784
2022-12-14,2.196610388164472,3.6883943219721766,0.0006211894749644589,0.37282622357350303,1.0413901946571043,0.8928785930170395,0.6188556064507481,0.5171713372202352
2022-12-15,2.170423039652367,3.625226094309178,0.0006080513466812401,0.3670298718731394,1.0413901946571043,0.8755477706207733,0.6054987461222128,0.5082449617337695
2022-12-16,2.1481149549504726,3.591934982910961,0.0006092545157469373,0.3674066084600813,1.0413901946571043,0.8791800391107233,0.601769600905421,0.5038410902620026
2022-12-19,2.1609858055086364,3.622577825524322,0.0005979964918166789,0.3719443090248159,1.0413901946571043,0.8881985348165816,0.6037806263460536,0.5044024247334368
2022-12-20,2.1741873041059967,3.6309347713834126,0.0005954651663779848,0.3774297381275338,1.0413901946571043,0.9039210561921605,0.6077244384535002,0.5101778041405635
2022-12-21,2.1663376060413544,3.622609643898257,0.0005906366472281327,0.37763490077456346,1.0413901946571043,0.9106479315837387,0.6114635649417491,0.5168038656848118
2022-12-22,2.1419875286061103,3.57300335406333,0.0005844860669075629,0.37743598071774126,1.0413901946571043,0.9040650223083257,0.6073292458467785,0.515059099260715
2022-12-23,2.1361706853791036,3.562103050763648,0.0005888299767320898,0.3749340892501764,1.0413901946571043,0.8965209603195786,0.6070837583544046,0.5151169687938526
2022-12-27,2.0931297397828827,3.493017986624726,0.0005715951572493832,0.37203698276306024,1.0413901946571043,0.8874101604373833,0.5987017736241173,0.5109503624079497
2022-12-28,2.109127038251236,3.4998337606104,0.0005674747681002451,0.3717202189120829,1.0413901946571043,0.8836465640511549,0.6001393532861625,0.511531951215982
2022-12-29,2.166452184133847,3.59523713095555,0.0005813241813920296,0.37842716674668575,1.0413901946571043,0.9029471392116196,0.6132486822457432,0.5214623631023841
2022-12-30,2.1754210354627803,3.615968074085137,0.0005869914141171985,0.37766182188877784,1.0413901946571043,0.9389483582446561,0.6173801332774925,0.5185139103890264
2023-01-02,2.170358564427241,3.61426251156495,0.0005889347182194193,0.3779180553799274,1.0350377144696958,0.9606045945475777,0.6228915311191935,0.518357662649555
2023-01-03,2.1517544836675437,3.6152214539549634,0.0006041341492949569,0.38118997982087316,1.0261654822289332,0.9839956016329556,0.63267864911053,0.5280074073002399
2023-01-04,2.180217353738383,3.671495864502273,0.000618421956043297,0.3875784696987396,1.0397393425431822,0.98789247113958,0.6437453709490312,0.5367543872339793
2023-01-05,2.165359109557435,3.6251670701148173,0.0006212750375763624,0.3871134518984366,1.032653488919664,0.9840313911977784,0.6461482421186414,0.5370437348996671
2023-01-09,2.1932503591731307,3.6695155746371837,0.000626827239536424,0.3946823156969917,1.0459547450941484,1.0031585180708587,0.6551175602557047,0.5533687301977674
2023-01-10,2.1979631307654377,3.6795065745181263,0.0006302523813721661,0.39873973210880126,1.0482022522193162,1.0118457521186455,0.6615332759674556,0.5607499891494608
2023-01-11,2.178485785848209,3.63934249048458,0.0006333174501716453,0.3944076709060918,1.0389135628306176,0.9981185401925977,0.6528779697114467,0.5540255493988785
2023-01-12,2.1482516075048994,3.6550733715345163,0.0006351743301871284,0.39563390810865334,1.0244949707305668,1.004563868972274,0.6563923678157741,0.5586695794331662
2023-01-13,2.1609768631908914,3.6640179425342945,0.0006344005473328288,0.3916811420388327,1.0305636083175307,1.0032533539919526,0.6560384752630514,0.5565428740903616
2023-01-16,2.1296632424025757,3.666130730835957,0.0006333182028153472,0.396699442244886,1.0156302332412965,1.0118974802245995,0.6563340204162041,0.559332185587591
2023-01-17,2.136258842996181,3.6482788125001746,0.0006259635618349944,0.39171588864012447,1.0187756560649035,1.002421230265026,0.6508133494113555,0.5510655227788933
2023-01-18,2.17509889146355,3.660106452660687,0.0006334348925325934,0.3902034670202719,1.0372983627063135,0.9948988544256236,0.6527881523432116,0.5535944213770039
2023-01-19,2.1543798714273716,3.617557895054871,0.0006269509324578067,0.3902844218633655,1.02741752204902,0.9946301445603586,0.6469818141742371,0.5468207925232547
2023-01-20,2.181111967603505,3.645700864095523,0.000632191730266024,0.3910150321760866,1.0401659813048438,0.9948145784275145,0.6490487539761933,0.5475383747341601
2023-01-23,2.209327308337762,3.673436626478293,0.0006343178920108973,0.39693000455844096,1.0536217955952702,0.9962900066972741,0.6564474741049109,0.5564589632673121
2023-01-24,2.2128917546340054,3.674360822043614,0.0006321351229522431,0.39520943369244854,1.0553216697120558,0.9860346673564923,0.6547136287317159,0.555142431388433
2023-01-25,2.2186275062265652,3.6630713439531797,0.0006172024343198019,0.3913216289621753,1.0580570330370074,0.9729689850350138,0.6467120826101006,0.5457791409267789
2023-01-26,2.2260281213260327,3.6902691269230283,0.000630610473086283,0.39635631244683345,1.0615863649473058,0.9807825138213933,0.6540011031443633,0.5531198912052759
2023-01-27,2.2230988912243954,3.6991673555652382,0.0006256499041217276,0.3963275773727338,1.0601894235942744,0.9859667067853284,0.6543848326897397,0.5530880629620504
2023-01-30,2.2265892589473313,3.681613413339862,0.0006095140361236994,0.3937212961192409,1.0618539698539657,0.9697108270304714,0.6462995942597374,0.5468150055699409
2023-01-31,2.2747015400529906,3.756448920495942,0.0006313974096578122,0.40098307844095105,1.084798577390125,1.0024518364817063,0.6590000841178667,0.5504115970544391
2023-02-01,2.2063384120960063,3.648660036556849,0.0006249860590788109,0.3945536412973605,1.052196399632797,0.9892959753405054,0.6454153607275039,0.5416385758307879
2023-02-02,2.2199660063925544,3.6793040483639117,0.0006345145191560559,0.39745436099688586,1.0586953598901505,0.9955132416739055,0.6544442034971096,0.5508571924595982
2023-02-03,2.2143534270934695,3.6861598016320816,0.0006374262225072565,0.4011299697552437,1.0560187370752758,0.9990631428792753,0.6555341536375964,0.5515342659973075
2023-02-06,2.1660894486862152,3.6206933933823495,0.0006227189782246074,0.39531255361311546,1.0330017855352696,0.9855283563249506,0.6434159009320802,0.539563953067807
2023-02-07,2.170301055764858,3.6312317438015804,0.0006245891845766579,0.39840889052505496,1.0350102887551387,0.9915657620304826,0.6432152789279874,0.5413318673051589
2023-02-08,2.1696968591757146,3.657542526511081,0.0006276279817708072,0.39867526742486475,1.0347221491514036,0.9928759135730056,0.6477169548994168,0.5459064538996815
2023-02-09,2.158246892534454,3.6909684198760706,0.0006338311343813463,0.4050654837770206,1.0292616932169012,1.018787532510511,0.6533420881903871,0.548672617583656
2023-02-10,2.123850841401054,3.599866575955049,0.0006206227659265538,0.39596733288392555,1.0128583160351716,0.9937748421989718,0.6389889618930834,0.5347260600975086
2023-02-13,2.1089266420763697,3.6085877114261895,0.0006075871165500076,0.3953378195654612,1.0057410085945975,0.9973942972119264,0.6395889190609622,0.5362451353423691
2023-02-14,2.1335119388078674,3.6160734597852913,0.0006073876197770451,0.39626611414141977,1.017465665411958,0.9987668652188301,0.6411381591931216,0.5360657397896427
2023-02-15,2.1279926285146233,3.6367364678677516,0.0006110524645544158,0.3980413782860193,1.0148335223158813,1.0044081267576117,0.6448709729216624,0.5410888152659812
2023-02-16,2.1474560373276668,3.665632135870569,0.0006166633544868042,0.40488498778241694,1.02411556561685,1.0142572384476614,0.6488475741392575,0.5397809638170727
2023-02-17,2.170215949505506,3.684008548388065,0.0006186800480994935,0.4050367130904253,1.0349697018265036,1.0187608302505025,0.6491244080710468,0.5379725409065246
2023-02-20,2.186459736013391,3.6814797120614893,0.0006072177762275829,0.4055985575819423,1.0427163165734967,1.0212164915788104,0.648204697850042,0.5351427207360988
2023-02-21,2.144639273213499,3.6402519254629966,0.0005956904745988478,0.4009676478366863,1.0227722589675645,1.0023274058874359,0.6396547985466398,0.5283170093025259
2023-02-22,2.108534787447248,3.6017161244764817,0.000584058838340227,0.4004079115145188,1.0055541342566985,1.007355100236843,0.6327735346804135,0.5199201400442687
2023-02-23,2.133263003349981,3.6296758517163923,0.0005967862102592835,0.4035066552739369,1.0173469488129572,1.0171756293685317,0.6387602738116995,0.5279900464402989
2023-02-24,2.1290857970368267,3.619718720275648,0.0005901532037312447,0.40386645408495575,1.015354851218532,1.0201841993714065,0.6366335786086464,0.5229409296740485
2023-02-27,2.1558988013293674,3.640337285741516,0.0005887301039465225,0.4071770146541797,1.0281418953207775,1.0275009404371893,0.6401209223516475,0.5268413362075188
2023-02-28,2.1528870348460494,3.6587205910770284,0.0005933414055111229,0.41081827165096296,1.0267055926063304,1.0361574192715848,0.6453367646393549,0.53469712533094
2023-03-01,2.1677847426796015,3.690159732337302,0.0005947838425170826,0.41137308944990186,1.0338102663314972,1.0433606818483498,0.6471728468118136,0.5370929240028343
2023-03-02,2.1759976974010646,3.66369760594046,0.000591291916964812,0.4053413540499625,1.0377270006551593,1.0347578260563741,0.637816086973563,0.525967506257142
2023-03-03,2.1925263310825143,3.703742547114861,0.0005971017484765405,0.41198758972787686,1.0456094581943676,1.0384876640357927,0.6441308308578224,0.5329349980469019
2023-03-06,2.2233530336361333,3.7719814662631377,0.0006021412596514177,0.4194936345566674,1.0603106233744883,1.053975561029497,0.6556694932455548,0.5421304668624572
2023-03-07,2.18756695247656,3.7590876746909943,0.0005997120991742765,0.41619059420978244,1.0432443448985138,1.0537169025375375,0.6513156496472159,0.536276963585595
2023-03-08,2.195523428786803,3.7950271824159123,0.0006018125733126943,0.42171889785164096,1.0470387654105728,1.0639663944704731,0.6541634839843531,0.5384268167416546
2023-03-09,2.200830505775889,3.785588914164482,0.0006024241385143972,0.4206695465073514,1.04956969505848,1.070902816923785,0.6520645822702605,0.5312249533426876
2023-03-10,2.178957634225416,3.7374878564320833,0.0005907637420377616,0.4132635740692543,1.039138585955333,1.0691432296037637,0.639424124907281,0.5207042722182825
2023-03-13,2.1153168623350465,3.649724130812674,0.0005718514978634847,0.40655602895860504,1.0087884861312153,1.0462917908360547,0.6251609866763251,0.5073132622502554
2023-03-14,2.1135142296598675,3.667500922467189,0.0005721523111932811,0.4058052162281826,1.0079288158284707,1.0625806110546876,0.6271706794295375,0.5078919575816309
2023-03-15,2.0373819633051378,3.549500261211335,0.0005494578082944053,0.39910426320372366,0.971621558467062,1.0300460954905575,0.6095491229257187,0.4940379913485035
2023-03-16,2.0352267146265377,3.5655413830827243,0.0005507835331228771,0.39992936099126647,0.9705937266133882,1.0349045567838813,0.6126922199472691,0.4937862588793552
2023-03-17,2.017699887731977,3.535908907854051,0.0005460743165252076,0.392825887602704,0.9622352336214068,1.0209176485367815,0.6055675917872477,0.48557167865048123
2023-03-20,2.0153609646592874,3.543626749232148,0.0005451856180946357,0.39323772379496585,0.9611198079810744,1.0236441206405449,0.6069115823318999,0.48800219904225794
2023-03-21,2.0170353272813117,3.5783899878993237,0.0005570621381258004,0.40156911883550517,0.961918306666913,1.0379856493717405,0.6128117170556424,0.49743493294367724
2023-03-22,2.009063371505688,3.5770647211894446,0.0005479347070317104,0.4001956885962749,0.958116504042639,1.056325162711033,0.6105228298706151,0.4940003761519641
2023-03-23,2.002206254176682,3.5749349130764196,0.0005498757974429696,0.3989767739483072,0.9548463646452175,1.0462103533987375,0.611310534964468,0.49360107637331513
2023-03-24,1.9644359482290048,3.5178142817138696,0.0005366519181659802,0.39295459436724095,0.9368338151136972,1.0373347447428247,0.6014418194882816,0.4832626842782934
2023-03-27,1.9835541010401485,3.5500689326230637,0.0005341105610517359,0.3939307661806285,0.9459512068271493,1.0557069776381165,0.606340962403402,0.4881179381085331
2023-03-28,1.9780828879772145,3.5878085636365964,0.0005350373607616977,0.395444540135491,0.9433420011609277,1.0924206533483447,0.6096745641716124,0.49018966739485703
2023-03-29,2.003740401319529,3.632660380049861,0.000536910442529181,0.39487812722398247,0.9555779949750709,1.0921817519013983,0.6147275544586708,0.49460800624990836
2023-03-30,2.0509230735401403,3.6722437333936337,0.0005451444084324884,0.3993454188387019,0.9780792747259043,1.10656701271641,0.6292178812705447,0.5102038454304757
2023-03-31,2.058640650850766,3.704949045463538,0.0005456500956346413,0.4013509574000769,0.9817597649968477,1.1069201053752267,0.6312079832775993,0.5088352309717729
2023-04-03,2.083743894474947,3.7050336870890526,0.0005474184813764872,0.4008302664005059,0.9937314291874627,1.1029374039738546,0.6328357824192459,0.5138785607847096
2023-04-04,2.0925869798939662,3.7169090780446625,0.0005478087410653904,0.40132400874412316,0.9979486710160623,1.111482880819616,0.6334485984657512,0.5131667655271178
2023-04-05,2.079137146146278,3.708703274619168,0.0005404926221318397,0.40037438987431706,0.9915344842497025,1.100238965133383,0.6284398363752939,0.5083693812300156
2023-04-06,2.0960357319954825,3.709429561755122,0.0005401465828063115,0.3986824953195061,0.9995933709064085,1.09716110489609,0.6296377893721483,0.5075852490560019
2023-04-11,2.0954397936054856,3.728720078985353,0.0005385217208896884,0.40061493709546975,0.9993091696139322,1.115017173749122,0.6372496911489337,0.5159965856975436
2023-04-12,2.1117490376805232,3.7325712170920573,0.0005434723293699496,0.40535808479231106,1.0070870008851491,1.1286974631126625,0.6428030869555836,0.5255363782352672
2023-04-13,2.132787715189611,3.7757314228308454,0.0005433482256440407,0.40951775708289573,1.0171202852656118,1.1414424862994714,0.6484104375070459,0.5326225025679591
2023-04-14,2.123731178285033,3.7630317641916387,0.0005421047272743049,0.4126929613888423,1.0128012490416602,1.1399604301060047,0.6493570172050646,0.5365286960547431
2023-04-17,2.14416413892563,3.7991569684232633,0.0005427586219947706,0.41804804175514,1.0225456688015693,1.1408760696318505,0.6574066294555367,0.5387219513606558
2023-04-18,2.1507190374293583,3.8021753437860557,0.0005456732890057464,0.42242151494156627,1.0256716809163786,1.142518857995212,0.6617803504359556,0.5488693739963237
2023-04-19,2.1309892904700867,3.772909750339155,0.0005349174003198012,0.4244930832562648,1.0162626217247335,1.127597959130949,0.6589199626027158,0.5488549066130393
2023-04-20,2.1054797259059717,3.7502861966816456,0.0005347501490602889,0.42731010900403943,1.0040971842544846,1.1155017854197022,0.6608269623599655,0.5529983651856872
2023-04-21,2.097155256259477,3.765889582923152,0.0005347551902469775,0.4234294020382355,1.000127268785999,1.1319067383288832,0.6585994911691452,0.549942853836025
2023-04-24,2.082416280145696,3.7479549385827755,0.000526576908709853,0.4250311938846577,0.9930982937583368,1.1370749099707695,0.6572231756893314,0.5528045022496765
2023-04-25,2.0812329617077427,3.7463544241912814,0.0005263507476226381,0.4208297995349337,0.9925339726219204,1.1377498336674483,0.6532886215372886,0.5470667380390893
2023-04-26,2.0333759558089985,3.691680015366091,0.0005168826919929943,0.4199850078687809,0.9697111050927153,1.1263469629571583,0.6465171291502411,0.5464648948944588
2023-04-27,2.0673995473481246,3.7849614160585623,0.0005238385583938209,0.4293349760309843,0.9859368573725009,1.1620044247891452,0.6614391155199246,0.5636695070962499
2023-04-28,2.0659748750519884,3.760006659743887,0.0005205044125230198,0.42751777899402876,0.9852574352800274,1.1570343417438502,0.655833314084971,0.556441602407371
2023-05-02,2.044209011901925,3.7396174808964044,0.0005151646239475551,0.4279528298248222,0.9748773581731616,1.1547319441618586,0.6530426720730318,0.5553276138944733
2023-05-04,2.0048036977402317,3.681338859243318,0.0005046022252937791,0.4227327426792705,0.9560850779590196,1.1443372113072547,0.6432362438704287,0.5452235934086586
2023-05-05,2.0201688739166808,3.6994695711914956,0.0005143532619835315,0.423395464235179,0.9634126859832232,1.1421197171306667,0.6500694233365409,0.5533397954311987
2023-05-08,2.045650556889649,3.7132453086093515,0.000519816809838475,0.42429999918445366,0.9755648268033933,1.155489581689768,0.657138436303978,0.5561493612650263
2023-05-09,2.0628828478095684,3.7259247032056027,0.0005239589101991066,0.42459981932282687,0.983782856441983,1.152156833028281,0.6575156648850233,0.555524370307141
2023-05-10,2.0881153542760296,3.7441755041462237,0.0005300220502370832,0.4257438535292435,0.9958161657077633,1.147188194698782,0.6641199979666543,0.5590023292487072
2023-05-11,2.0683016005845216,3.7325084573364866,0.0005267049495388951,0.42174853281707747,0.9863670439487806,1.1445601221788748,0.658645566657846,0.5551742596316588
2023-05-12,2.0726839251221336,3.732202134583998,0.0005296249753846222,0.42442321606631267,0.98845696183047,1.1322927871108308,0.6599946990783103,0.561053804198433
2023-05-15,2.078892848736529,3.729125037134425,0.0005255165935676622,0.42474436450563496,0.9914179795224276,1.126530389885584,0.6612210235861028,0.5615167604635334
2023-05-16,2.0906048596103184,3.7563746171112475,0.0005194074960814816,0.42974189052201617,0.9970034035925975,1.1331305834204854,0.6625355728015717,0.5638894113221725
2023-05-17,2.08707696860109,3.739886730359869,0.0005144526620684832,0.4254079274172727,0.9953209625863331,1.1297542265349714,0.6566766857999944,0.5593321855875911
2023-05-18,2.0954157983992703,3.7474675401643878,0.0005123188548617557,0.42601654241274406,0.9992977263695736,1.1401568709205878,0.6570656488599259,0.5613055366675814
2023-05-19,2.1161129255033546,3.798954728620816,0.0005169844656070703,0.4335704464283361,1.0091681263509489,1.1449943142536365,0.6666532595855764,0.5764702478262741
2023-05-22,2.112875355856374,3.8120895887058426,0.0005104844380866591,0.43668457396646293,1.00762413876163,1.146062128194279,0.6706905318030759,0.5800610523574585
2023-05-23,2.103393144702017,3.8163551619390645,0.0005140827707563908,0.43742121798109357,1.0031020997206228,1.1534938725644752,0.6695458371556117,0.5798700828981046
2023-05-24,2.0876981393366174,3.744141832634647,0.0005036438174327894,0.4294570029797861,0.9956171971113252,1.1345217484913466,0.6580039524671244,0.5667250184459122
2023-05-25,2.06548741758051,3.7094538837821043,0.0004954857086209546,0.42701490369267026,0.9850249682234544,1.1365103573309816,0.6514782414936006,0.561670114726348
2023-05-26,2.0846535192217157,3.75367581966821,0.0005014063082951849,0.4312417575250613,0.9941652265951133,1.1471327167456769,0.6595405333011299,0.5741004904442918
2023-05-29,2.072506781136337,3.740063896101454,0.0005016642720157891,0.4307937281318788,0.988372482376616,1.15233551211006,0.6584809872474915,0.5730212236512767
2023-05-30,2.085398901977424,3.7276338389927757,0.0004951991954259483,0.42588015649515637,0.9945206974728378,1.151853721221958,0.6517640664868093,0.5631805095412379
2023-05-31,2.019743292855709,3.630552334331574,0.0004832346773920071,0.4181881357515503,0.96320972760764,1.130511990856807,0.6349745761805164,0.5481633656920459
2023-06-01,2.044656091902792,3.6959899360947746,0.00048789513764635066,0.42602299027791,0.9750905693309248,1.1412722600997414,0.6453811112204287,0.563131320438071
2023-06-02,2.0832541352279255,3.783978393644085,0.0004978009933455052,0.4350308298666672,0.9934978644207992,1.1581382841150698,0.6604589474290528,0.5839296306477033
2023-06-05,2.0800981593262193,3.796880223903822,0.0004998643701177158,0.4378300649985938,0.9919927886523234,1.1521220019716953,0.6638557513280551,0.584502539025765
2023-06-06,2.088456588333485,3.832203649370048,0.0005019665822755659,0.44363581366521476,0.9959788992416215,1.153477583281443,0.6702041653848442,0.5941580706297638
2023-06-07,2.108903600787826,3.811227019807197,0.0004975936928161695,0.4392093439965849,1.0057300202708142,1.1472415602443335,0.6657591211720789,0.5892015451165333
2023-06-09,2.115670177502113,3.821164348065784,0.0004962778487887865,0.438518484383565,1.008956981111263,1.1590262132935882,0.6670053692785771,0.5934491688488288
2023-06-12,2.113225210833226,3.813825188336362,0.00048594425443917566,0.43495850450109147,1.007790983586984,1.1525179214389403,0.6641030243375877,0.5914844981988094
2023-06-13,2.0880083840388317,3.75734441951394,0.00047806024709646464,0.4321600469101663,0.9957651519114075,1.1350488842828488,0.6568179722279887,0.5859232360642918
2023-06-14,2.07559796684004,3.829405361802947,0.0004903838745899911,0.4389448268490568,0.9898466598872832,1.1313840385979959,0.6699806080827756,0.6006365648645116
2023-06-15,2.067050249370474,3.846438257356943,0.0004911190829495928,0.4421716003801904,0.9857702781784539,1.1293671253495339,0.6731762030325003,0.6068604331534542
2023-06-16,2.088557074694233,3.8683325833892552,0.0004955763330053467,0.44031149991018353,0.9960268208960747,1.1286226429935091,0.6761813746481143,0.6099593466529696
2023-06-19,2.101256771243674,3.8527678418842046,0.00048714160923856185,0.43913928094584126,1.0020832694048314,1.1247198214721505,0.674809569060399,0.6029455592366996
2023-06-20,2.0810117755793667,3.80993062250453,0.00048300427689493324,0.43709279350004315,0.9924284895978075,1.1201322111316319,0.6694142616774598,0.5980179684900381
2023-06-21,2.1006035028503094,3.8296044892279304,0.00048357159465778246,0.43738992568835555,1.0017717275997646,1.128494820741726,0.6719567456684218,0.6007320495941886
2023-06-22,2.123227570759858,3.85016697775764,0.0004838974252345794,0.4353612209264095,1.0125610800712472,1.1200619999418568,0.6737028178098227,0.6005439736114917
2023-06-23,2.113803071101741,3.8094077745080086,0.0004766089080460366,0.43092417148119183,1.0080665634756762,1.1084418083203418,0.6662526813345517,0.5888224996744826
2023-06-26,2.0917599699116978,3.8105298285394467,0.00047415509783389455,0.4343854799119411,0.9975542723503674,1.107187339160798,0.6693001910740699,0.5985127529983638
2023-06-27,2.078077333010104,3.778025836805826,0.000470033675719266,0.42830402526839834,0.9910290624340594,1.102502734914836,0.6646463588034953,0.5900782685435673
2023-06-28,2.099273663679469,3.8017813779664698,0.0004713785185008985,0.43156039295550236,1.0011375311501276,1.1097282748120552,0.6688280866897502,0.5917593784812128
2023-06-29,2.0964801984880377,3.82934878653732,0.00047489665654161165,0.43329267655769305,0.9998053356896265,1.1184657095320207,0.6727195016387614,0.5966667148912763
2023-06-30,2.0933224401521517,3.844589306130344,0.0004773522785396823,0.4310965641929097,0.9982994098834519,1.1185564870328037,0.6726222834952232,0.5961661434296366
2023-07-03,2.098634050765218,3.8522668076043316,0.00047530626778486497,0.43284958875556234,1.000832501603507,1.1052357194873512,0.6761124972000819,0.6013975492252703
2023-07-04,2.092692963175102,3.836874244609479,0.0004724971712020084,0.4328795161345439,0.9979992141359308,1.1027131526459573,0.6739212503586723,0.595052154916739
2023-07-05,2.049620578861321,3.7751336711971097,0.00046499677804596486,0.42841923426250084,0.9774581187853287,1.0783600114125254,0.6634621915446207,0.5830673746039542
2023-07-06,2.052741668038643,3.779856821396248,0.000464624990301362,0.42928624061252013,0.9789465571759703,1.0864138591873949,0.6630670924378954,0.5817276949118201
2023-07-07,2.0362373172020614,3.8000600230558232,0.00046494888706461384,0.43150653482278584,0.9710756800551615,1.0887530506246803,0.6670811741837395,0.5889874278439245
2023-07-10,2.0787282021568845,3.8376601673021784,0.0004720049489578352,0.43382131020187115,0.9913394600453778,1.1078412069693286,0.6725001122346905,0.590671431258227
2023-07-11,2.0860998815908327,3.853049361086418,0.0004752206431028517,0.433617647664166,0.9948549926205817,1.101267331661194,0.6757085478421623,0.5944329509121671
2023-07-12,2.1083000863888866,3.9305359497279553,0.00048437913671970197,0.4378359121528987,1.0054422060016117,1.1224235911694436,0.6885850035677592,0.6118256390966552
2023-07-13,2.1318931445124796,3.946632074380972,0.0004893984421864543,0.4379264716938876,1.0166936671001785,1.1197477648583178,0.6914771416598546,0.612702362523689
2023-07-14,2.1698306387493247,3.9983054664731155,0.0004965265745318511,0.44193519169562845,1.0347859482426605,1.1436511326031784,0.6983322303873434,0.6154656327310066
2023-07-17,2.1672762346997545,3.9977952810154,0.0004925377270796358,0.4424643012215298,1.0335677603484419,1.1456876876127138,0.7079517928653271,0.6182983463780892
2023-07-18,2.155266061733014,4.015749008748125,0.0004955175655135016,0.44502511009941464,1.0278401436395588,1.165236352025897,0.7093539690606618,0.6253497489908986
2023-07-19,2.1513878297619673,4.021969220580943,0.0004947335140741405,0.4505707384763943,1.0259906260431175,1.179602225000416,0.7086738177919716,0.6283271364708253
2023-07-20,2.152207139148512,4.013813971212674,0.0004927785922741264,0.4499637761804524,1.0263813523170116,1.181001231356182,0.7079237263719145,0.6247160776030427
2023-07-21,2.1564484654320863,4.010638046818267,0.000491249319004289,0.4491587981436529,1.0284040285396518,1.1759174422559875,0.7062453239814647,0.6237062542497925
2023-07-24,2.115224355541665,4.027337605521342,0.000490550068262957,0.43807080679055516,1.0087443699093326,1.1492940642342684,0.706762653346114,0.6289839556719364
2023-07-25,2.135892769508658,4.046845636790333,0.0004958161391283815,0.4401667097199094,1.018601076678776,1.1535111862012775,0.710697651795056,0.6312871630908107
2023-07-26,2.107139392429336,4.007486813994793,0.0004891056739147632,0.43588946651901145,1.0048886744134293,1.140589089801454,0.704209175056513,0.626122307258285
2023-07-27,2.1260624478392494,4.036304450739065,0.0004904064707777884,0.435113970353737,1.013913024741196,1.1388674755459078,0.7072845667495744,0.6335498618364884
2023-07-28,2.117419720618998,4.02888455565422,0.0004919339332116896,0.4339397156424521,1.0097913331573933,1.1349797361245157,0.7056987984645642,0.6334514836301546
2023-07-31,2.141644286808541,4.0485431508502385,0.0004918285505482688,0.43256727966832514,1.021343958623896,1.137535058869188,0.7115656859838804,0.6347014655459255
2023-08-01,2.127179957318103,4.040771241104053,0.0004936749772564706,0.4334034758308687,1.014445961775587,1.1254516065034146,0.7106866851568747,0.6333154902272814
2023-08-02,2.113145012794485,3.9824769751065894,0.0004847946531065664,0.4256405888953154,1.007752737374545,1.111802553288946,0.6998734009376694,0.6200199649889313
2023-08-03,2.1137310530142996,3.9716890304274246,0.0004838775028610367,0.4247650866196687,1.0080322182583246,1.112068366704231,0.6962602566361586,0.6197277238465867
2023-08-04,2.1333274046983965,3.998813433825771,0.000487537076389471,0.4270795050793495,1.0173776616295238,1.1295967132314744,0.7001822496937683,0.6278063106725875
2023-08-07,2.1095415455318935,3.9595965788214165,0.0004779805977032572,0.42574034720152826,1.0060342542719047,1.1179435754948133,0.6939829313293437,0.6227253656631114
2023-08-08,2.071718290277648,3.8993285652272296,0.00047237356042623726,0.42023689732048486,0.987996453369412,1.0974605364366057,0.6833025796491486,0.6114986762344283
2023-08-09,2.065868686191605,3.910495763982817,0.0004770783206939624,0.41849930054466195,0.9852067941200112,1.0981655872134204,0.6850760761671398,0.6065971267776785
2023-08-10,2.091339907860858,3.948995905296723,0.00048075295898463414,0.4222433038011124,0.9973539459747335,1.1050296722394555,0.6906965206467421,0.6164783495609137
2023-08-11,2.0994670169107517,3.966242615115398,0.00048170192574394647,0.4195119185504291,1.0012297407462154,1.1023198248505983,0.6917492171571348,0.6091665340489855
2023-08-14,2.093987192821364,3.954532696033284,0.0004725631139982241,0.4158158961445578,0.998616428506414,1.0901335882114103,0.6896485606085213,0.6038714717669005
2023-08-16,2.037653330989167,3.878640731970308,0.00046225765941324996,0.4088268752922102,0.9717509729297514,1.062754487930343,0.6774690148466026,0.5915279003486628
2023-08-17,2.04027333511878,3.8599044098091437,0.0004548608458443272,0.405545083776782,0.9730004453121786,1.054717168810433,0.6722216392406806,0.584815034504708
2023-08-18,2.042876173296306,3.8526856063429715,0.0004507880339298693,0.40323460136761435,0.9742417313017643,1.0600817174059642,0.6715991113236258,0.582905339911169
2023-08-21,2.013267123792148,3.8327081086069823,0.0004508748639673044,0.4013746831233738,0.9601212613348621,1.0457014498021104,0.6711577381191892,0.5830963093705228
2023-08-22,1.9733381147253135,3.813629588465497,0.00044893271531131146,0.40046532768085535,0.9410792325369696,1.039353602734346,0.6680321025737926,0.5814701754893579
2023-08-23,1.9779177473214586,3.8115283524856785,0.000448628074859013,0.3983517518480026,0.9432632460604106,1.037018304965847,0.6687300267874978,0.582265881569999
2023-08-24,1.9640750207233322,3.797050526396996,0.00044625433849804815,0.39885917010111704,0.9366616898314126,1.0317696258955824,0.6653857996352872,0.581467282012701
2023-08-25,1.9779984531417538,3.7838629827267347,0.00045147212834094027,0.3985010889824393,0.9433017344324022,1.0350987317008247,0.661982454694382,0.5788168573950017
2023-08-28,2.0039738650028185,3.8359060692625455,0.00046183581413997127,0.4006005973149631,0.9556893331295697,1.0532319755556672,0.6726408929278732,0.5900724815902534
2023-08-29,2.0146426971688514,3.847572364527636,0.00046591253942074193,0.4032206589521889,0.9607772682948383,1.0524134111976269,0.6735780637831447,0.5908710811475515
2023-08-30,1.9994694626813654,3.8451923460722504,0.0004644491316016188,0.40284229057464643,0.9535411967062781,1.0603566567536153,0.6744457845106716,0.5931511407531707
2023-08-31,1.984733362648671,3.8195583225453293,0.0004633639499376193,0.40132484483468567,0.9465135932733578,1.0490891837831804,0.6705328822534317,0.5866176704619422
2023-09-01,1.9856430302133254,3.8343647183590748,0.0004610449932850944,0.40441803916496427,0.9469474111007341,1.0517009036911018,0.6736750774056678,0.5934347014655447
2023-09-04,1.991730471839992,3.8164953250321347,0.00045496665597229727,0.4022190320987395,0.9498504943845303,1.038173867878952,0.670200546053809,0.5860997381403613
2023-09-05,1.9657730375670714,3.7795100185450443,0.0004487817727096787,0.40053825591351827,0.9374714691470893,1.034117243735002,0.6641631643799144,0.5805095412392748
2023-09-06,1.9218301154440816,3.716463429215492,0.0004408271102121059,0.394666396788197,0.9165152168361712,1.0068490949199893,0.6549156046672565,0.5665629837531273
2023-09-07,1.909100566382244,3.686131624304453,0.00043695264760306037,0.3911396137906291,0.9104445317506995,0.9897134951565414,0.6487030657532875,0.5576857973698286
2023-09-08,1.9450406894309913,3.723710030152435,0.00044221234001994356,0.3943768453211478,0.927584272357548,0.9976372390014258,0.6555371033035419,0.5624889686202446
2023-09-11,1.93223695276221,3.7119090967529957,0.0004373969939837622,0.39181480134126,0.9214782074171568,0.9947747412910058,0.6546646274855418,0.5618524037557316
2023-09-12,1.9281789398984701,3.7090725672717264,0.0004396950060273667,0.39225756966832,0.919542952833598,0.9939972347988658,0.6542785176133503,0.564103528594782
2023-09-13,1.9175384523053058,3.7163241993815004,0.00044277363731822357,0.39075034245972584,0.9144685351130503,1.0029877960279074,0.6549146249281788,0.564126676408037
2023-09-14,1.9177277563894242,3.721994870956855,0.0004489899217667958,0.3912897991934367,0.9145588136825812,1.0095589190250849,0.6612042241350218,0.5693696561102983
2023-09-15,1.9323786123750475,3.727616463472724,0.0004497100660849945,0.3896748581353638,0.9215457644763022,1.0130489570778927,0.6631410497229919,0.5714761071165049
2023-09-18,1.9008220189319307,3.678327828950915,0.000434385059276691,0.3875736390555453,0.9064965164445915,0.991167982492936,0.6560170357227342,0.5624745012369604
2023-09-19,1.9007780931405291,3.677642486926427,0.0004303408956956815,0.38416824325698284,0.906475568361872,0.9981637063066919,0.6534028042776852,0.5586898337697652
2023-09-20,1.925944592912016,3.7408362079695263,0.00043549683680530247,0.39020354808337976,0.9184773992259606,1.024465066074784,0.6654306715466393,0.5716265679026626
2023-09-21,1.8995928978696284,3.7077068020820585,0.0004290320228698062,0.387600559280462,0.9059103521692577,1.0132461130247314,0.6586551669479229,0.5641006351181254
2023-09-22,1.9137321337845112,3.7170472273357036,0.00043581302115200187,0.38889963670668487,0.9126533128327877,1.0042481825463037,0.6599326612616111,0.5640109373417622
2023-09-25,1.876134133385567,3.673959724472396,0.0004270238720000696,0.3863427348658658,0.8947229353184973,0.9947987112561938,0.6510741492576477,0.5570579129352866
2023-09-26,1.8671656764976963,3.670116500223886,0.00042744834342301613,0.38746575677558864,0.890445904199452,1.0031612441471236,0.6497183778754104,0.5579838254654873
2023-09-27,1.8178200300133474,3.616316784357427,0.00042405485694363204,0.3849789013926535,0.8669131082857645,0.9898546821991159,0.6427718323696842,0.5494480693277
2023-09-28,1.808061716667909,3.561891422595572,0.00041477432472789943,0.37778728907986714,0.8622593969093647,0.9941656020526372,0.6317906339544063,0.5453451194282483
2023-09-29,1.8402871364627715,3.615442910546099,0.00042247607516201975,0.3816249979285133,0.8776276062914413,1.0141433017763972,0.6418183510860097,0.5542743883913709
2023-10-02,1.79295396272705,3.5466570776410933,0.00041082157316442913,0.377052809942546,0.8525000629429348,0.9909088109720978,0.6314653213812225,0.5420407690860947
2023-10-03,1.7516153816123028,3.4912638596109264,0.0004042269178294917,0.37615135448981524,0.8525000629429348,0.984107202079712,0.6229865079439798,0.5394337466182485
2023-10-04,1.768447848156896,3.5194126906927123,0.0004035555732958766,0.37859883507640296,0.8525000629429348,1.0145800544909878,0.6280566985769221,0.5437855355101916
2023-10-05,1.7552649487981165,3.4881347555956124,0.00039932707279401126,0.37523063860275335,0.8525000629429348,1.0045462531386424,0.6219155564729503,0.5395321248245823
2023-10-06,1.7841854850673793,3.513867372824847,0.00039870671437392484,0.37821398542284607,0.8525000629429348,1.0383678120533617,0.6217915051552695,0.5412045543322573
2023-10-09,1.7962514623679036,3.554356242287207,0.00039773277405577903,0.3840112921203551,0.8525000629429348,1.072030973703065,0.6290835295543027,0.5524833263407641
2023-10-10,1.8588280577298901,3.636443385582743,0.0004187046622999449,0.39128992809350943,0.8525000629429348,1.0920547711740545,0.6453795048050737,0.5671821877576997
2023-10-11,1.8664678315639214,3.6699871099731234,0.00041914615328962634,0.39373269576522973,0.8525000629429348,1.1175865547686719,0.6486089152875597,0.5719911459614293
2023-10-12,1.8491225292981455,3.6438915753901635,0.00041806499172624274,0.3911477513588595,0.8525000629429348,1.116707771911193,0.6451469734874965,0.5673934115536516
2023-10-13,1.8395277936753585,3.647165570761786,0.0004166392813433633,0.3930990241928617,0.8525000629429348,1.1308120952066403,0.6477612085813298,0.5713343267603181
2023-10-16,1.8409923812896603,3.722148737735241,0.00040539538130291325,0.4067037744923936,0.8525000629429348,1.1981347076351694,0.6595859848420151,0.6016955773209292
2023-10-17,1.9043939281501918,3.8221551217364174,0.00042067215646413497,0.41270280931401304,0.8525000629429348,1.2177783653467178,0.6757081794768398,0.6129454145628672
2023-10-18,1.866489337525835,3.7524341038325426,0.0004121706315107307,0.40526101083879446,0.8525000629429348,1.1914851785477898,0.6672377157274779,0.6060734075027843
2023-10-19,1.8532328775990572,3.7009311084431897,0.00041298244873843,0.4029632146910281,0.8525000629429348,1.1683073904633607,0.6568126452389095,0.5935678013917617
2023-10-20,1.8218917277232556,3.648042614278269,0.0004059409542867145,0.39907758975706803,0.8525000629429348,1.1490152952294665,0.6462041919789617,0.587063265867102
2023-10-23,1.791599169162567,3.6182530126942116,0.0004028405298931007,0.4004114221660997,0.8525000629429348,1.154864042710027,0.6417509318090493,0.5848121410280516
2023-10-24,1.8395221694247184,3.675977870592524,0.0003996979880987892,0.40533057147836343,0.8525000629429348,1.179383403648307,0.6511090638077499,0.5959201979138027
2023-10-25,1.8650861593901382,3.7307294928378076,0.00040592551918476215,0.4121155763732527,0.8525000629429348,1.2088837990776897,0.6607400964554715,0.6065363637678846
2023-10-26,1.8804753865689554,3.7490323566158685,0.00040585791488645547,0.41501766870416423,0.8525000629429348,1.2150095196829762,0.665463855267364,0.6136948250169986
2023-10-27,1.8680693138444768,3.720244275341126,0.0004033985275080075,0.41224817375367656,0.8525000629429348,1.198320901756945,0.6610830534956686,0.6087093647371994
2023-10-30,1.8610334547614098,3.7456508092490517,0.0003993677871401806,0.41472534502655284,0.8525000629429348,1.2208241320107698,0.6649093430903308,0.6152891306549377
2023-10-31,1.8727512231183288,3.7687009839220384,0.00040139889215064955,0.4177460188586438,0.8525000629429348,1.2206770743272368,0.6681274986759652,0.6220193573588338
2023-11-02,1.8926496629315128,3.790817264818845,0.00040707903751549226,0.41820202372305454,0.84734243756213,1.2147896678664358,0.6750286598176007,0.6245308950970031
2023-11-03,1.8696963642804187,3.7992224038136575,0.0004081607686027618,0.42424943887186883,0.8370662071482114,1.2132860520990734,0.6809612936143367,0.629993779025187
2023-11-06,1.8916978346021767,3.8252097666451004,0.0004066424550989384,0.42362473814969037,0.8469163024180955,1.22244153145429,0.6841928286971309,0.6325168906699838
2023-11-07,1.8669676690374528,3.7994244064898353,0.00040188716055508027,0.42387208113477887,0.8358445656982256,1.2132811426373216,0.6792296018865168,0.6273404609308307
2023-11-08,1.8737440721135432,3.7669350074428807,0.000400254859981159,0.41701823291035606,0.838878372753412,1.2109610658050778,0.6745228487533352,0.6192618741048299
2023-11-09,1.8785455206698312,3.795286181753815,0.00040060926861239845,0.42002349260694494,0.8410279893481771,1.2323128156096532,0.6789351608040658,0.6281477409180993
2023-11-10,1.849917716427559,3.737182044032768,0.0003932201909819586,0.41297201066705846,0.8282112732364769,1.219058097795347,0.6690001897695611,0.619519393527292
2023-11-13,1.8641798877243183,3.6864389981569947,0.00039176727280649273,0.4077808225450061,0.8345964713152414,1.2193147495813734,0.6604602721704069,0.617091766612172
2023-11-14,1.9141792703187446,3.8198784637155176,0.00040822837422708764,0.41778001164660666,0.8569812790025454,1.272258089632582,0.6836852010352767,0.6470161021975948
2023-11-15,1.9036065414005923,3.786780235707846,0.0004053183204644979,0.4170506106473795,0.8522478504823856,1.2652958471702522,0.6803523176759594,0.6419496245714031
2023-11-16,1.8931943291354836,3.806886651225439,0.00040778577430111766,0.42124712743363046,0.8475862855377851,1.2677788710847158,0.6800832908320495,0.641530070456156
2023-11-17,1.918497817717736,3.8281447209478325,0.00041052215701632385,0.42172456789516993,0.8589146999369413,1.2765554188399533,0.6850222965015597,0.6447476164986033
2023-11-20,1.9374243071459587,3.8624528562542633,0.0004152865503310159,0.4263584563418006,0.8673881210886213,1.2822494597272525,0.6935190115090939,0.6511913890134685
2023-11-21,1.9704208624330435,3.8824917691172747,0.0004168592217896951,0.42891347608131325,0.8821607343913949,1.2939431274331052,0.6966265696566514,0.6484252253294939
2023-11-22,1.9611937370347512,3.875624894939691,0.00041713295866414104,0.4290765766065031,0.8780297348304036,1.3053347417475278,0.6948876821099238,0.6484744144326609
2023-11-23,1.9887431657653976,3.874510738400893,0.000414985376352534,0.4278333145614889,0.8903636604117037,1.3251861230393924,0.6919503582842086,0.6439721647545601
2023-11-24,1.9825176727016323,3.868876824555859,0.00041010767405350485,0.42513442998729545,0.8875764966956747,1.3021925447935567,0.692524535499439,0.6446694926288675
2023-11-27,1.9945893670297183,3.872845079007877,0.00040465665968257575,0.4194728092951806,0.8929810145511462,1.2864061311821962,0.6923895858768737,0.638894113221741
2023-11-28,2.0133961571619863,3.9389772077790055,0.00040562799803407393,0.4263714160761388,0.9014008461266911,1.3110988201909743,0.7009541067035304,0.6480490733641
2023-11-29,1.9770887280901772,3.9318860720200677,0.00040878913582256506,0.42091918273444234,0.8851459490615526,1.3119258749056504,0.6957774919146884,0.643057826130987
2023-11-30,1.9678310443717462,3.9022940156267123,0.0004024041710642912,0.4154923837372019,0.8810012684892355,1.3087417502124556,0.6929879725951641,0.6409774164146924
2023-12-01,1.99986278440951,3.998377120344556,0.0004122289398964017,0.4198705983034223,0.8953419323820531,1.328570241396237,0.7080209794266811,0.661442976808784
2023-12-04,2.0059485118662415,4.022197744015029,0.0004094632558678413,0.42283617192945383,0.8980665228007247,1.3302398155463657,0.7111620715764893,0.6600135993402867
2023-12-05,2.010347687342393,4.05147570779249,0.000408226573264367,0.42457749119778393,0.900036041060883,1.3353614916571317,0.7145634671938521,0.6651466269295866
2023-12-06,2.009788692022667,4.054804918559256,0.00041028580985955825,0.4240753112069865,0.8997857779160023,1.3352687764174158,0.7169733374695432,0.668338131682122
2023-12-07,1.989024309043617,4.017763552165738,0.0004086050118599187,0.42100512669226997,0.8904895287302499,1.3292170844239724,0.7123094266191361,0.6622705111326508
2023-12-08,2.0078228363599897,4.045577244566526,0.0004168700723178304,0.4228766928834395,0.8989056610292204,1.3350335497173773,0.719722439047011,0.6672501844591363
2023-12-11,2.006095686664432,4.0563392620084615,0.0004165729257570082,0.42252534020618326,0.8981324132054253,1.3331608312180812,0.7219871004157288,0.6693537419886859
2023-12-12,2.0085865396008566,4.028303771040567,0.00041475118567049383,0.41957848720224555,0.899247572254718,1.3201408014096192,0.7157766280457947,0.6636651668812655
2023-12-13,2.009176359518548,4.026799031293945,0.00041319798458878574,0.42069021265503215,0.8995116356239551,1.326747413150778,0.7161222929255552,0.6650106335267133
2023-12-14,2.0325643491420813,4.041689094863135,0.00041968874346141384,0.42100580363876106,0.9099824779173922,1.3261829311401554,0.7226672953085354,0.6691338377627631
2023-12-15,2.0373344611381063,4.038134150503935,0.00042156621885506537,0.42524487378464926,0.9121180650814189,1.323400496792778,0.7250746375457926,0.671416790845039
2023-12-18,2.03218250591889,4.076186601931669,0.00041795235897365573,0.4230963132851884,0.9098115260641028,1.3300770227540555,0.7279221287559174,0.6754821255479514
2023-12-19,2.025718931332298,4.108501531256996,0.0004221100861152124,0.42818810660926143,0.9069177728498473,1.3335420528061404,0.7337002001130027,0.6812893331983036
2023-12-20,2.0156062216771717,4.106607435561895,0.00042103675800148245,0.4287406231102294,0.9023902957275042,1.3260445564852195,0.7311769410139033,0.6789600844895176
2023-12-21,2.02185824920897,4.1053769564661735,0.0004189530077397604,0.4284123980583209,0.9051893389695027,1.3223687403223845,0.7300687473175164,0.6795821819707462
2023-12-22,2.013969775170019,4.103987375531499,0.0004209005623898141,0.42918440369387423,0.9016576558737222,1.325030570305592,0.7286303110569035,0.6790121670693413
2023-12-27,2.0137598623581723,4.106972929383307,0.00041425046244227177,0.4272397012989062,0.9015636775547815,1.338039905107773,0.7296335232066219,0.6861243326919453
2023-12-28,2.0099733470008583,4.084397575860457,0.0004181929212021855,0.42689580263573246,0.8998684482603314,1.327384231677488,0.72946782443468,0.6817956916132571
2023-12-29,1.9837483283654032,4.056405157792292,0.0004137271428348978,0.42494892642184434,0.8881274633063279,1.316126663215829,0.7236748828454838,0.6779386872296399
2024-01-02,1.9796378373527725,4.007059537924487,0.0004064363081842205,0.4185590622192913,0.88628718956606,1.293289648921582,0.714805438779657,0.6664863066217205
2024-01-03,1.9618994393559799,3.9771088089527904,0.00040192280279927105,0.4193714582846172,0.8783456789466203,1.2998627236529139,0.7068164598582356,0.6640876144731693
2024-01-04,1.9732442935142744,3.970913537475049,0.0004001939677385847,0.41646352743052495,0.883424789235519,1.2909205644561614,0.7046685646850973,0.6603579230624548
2024-01-05,1.9658457273296897,3.9661347716373894,0.00039863589510845035,0.41804378875083065,0.8801124387101711,1.2828004386628193,0.704386428536215,0.6581473068966007
2024-01-08,1.9998056973988412,4.002143996083347,0.0003978810518192647,0.42115821006051873,0.8953163744313554,1.2975085534516788,0.7078159007345394,0.6596721690947749
2024-01-09,1.9994875778139876,4.023891374827381,0.0004012990548986837,0.4238675400278541,0.8951739517581341,1.2966947534115656,0.7106718096261003,0.6620853286266103
2024-01-10,1.990218479923569,4.017196084292149,0.0004035721512134948,0.4200063038782195,0.8910241610418194,1.2743500904429326,0.7089500344115501,0.657056466196958
2024-01-11,1.9506899269798268,3.9717337183026036,0.00040173105792677,0.4199363308120746,0.8733271614012335,1.2446602198985084,0.702186323583866,0.6499356201443836
2024-01-12,1.9794068985112112,3.9824146265727767,0.0004010475024534483,0.4220897219855735,0.8861837978582501,1.2609472686009104,0.7038667005178674,0.6506213741120634
2024-01-15,1.9441235900837357,3.920683932702139,0.0003901659339977914,0.4205141508081718,0.8703874013281674,1.2388042802446935,0.6929053129642648,0.641197320640615
2024-01-16,1.94545900729542,3.9154547996545266,0.00039158147796759563,0.41998759679450287,0.8709852698600321,1.2370467549626227,0.6917499412282921,0.6390358935779278
2024-01-17,1.8984387751880787,3.8307476137801397,0.0003829227547742239,0.41390087709821305,0.8499342328567758,1.2159848953837187,0.6745241417316246,0.6272218283878987
2024-01-18,1.9373989511782919,3.8897135574455772,0.00038943728303417945,0.4190887455767466,0.8673767691792476,1.24224682010217,0.6831280152112841,0.6340359659148442
2024-01-19,1.9540358324446,3.9173594802390874,0.0003908271426233689,0.41702590831311576,0.8748251289056802,1.2399885474045893,0.6867256258700414,0.6368281708887304
2024-01-22,1.9648180959554253,3.937247382669343,0.00038980984822172677,0.42092408874749015,0.8796523664154202,1.245876171079751,0.6904161792982366,0.6380202832713638
2024-01-23,1.9363374764868297,3.8995390146950406,0.0003933352303458497,0.42003928266036794,0.8669015451744622,1.2339357255781447,0.6886013160256875,0.6354855977199394
2024-01-24,1.943659406862799,3.928598386669057,0.0003992882656627103,0.424123788884306,0.8701795857193902,1.239562762717063,0.6964373347457578,0.6404305493265424
